fold,model,variant,user_id,n_history,n_candidates,n_relevant,reason,precision10
1,Popularidade,principal,1,210,1438,36,incluido,0.4
1,Popularidade,principal,2,49,1599,8,incluido,0.2
1,Popularidade,principal,3,41,1607,5,incluido,0.1
1,Popularidade,principal,4,18,1630,4,incluido,0.0
1,Popularidade,principal,5,141,1507,10,incluido,0.1
1,Popularidade,principal,6,165,1483,33,incluido,0.1
1,Popularidade,principal,7,329,1319,50,incluido,0.3
1,Popularidade,principal,8,47,1601,7,incluido,0.2
1,Popularidade,principal,9,19,1629,3,incluido,0.0
1,Popularidade,principal,10,144,1504,37,incluido,0.1
1,Popularidade,principal,11,138,1510,22,incluido,0.0
1,Popularidade,principal,12,37,1611,12,incluido,0.0
1,Popularidade,principal,13,513,1135,53,incluido,0.4
1,Popularidade,principal,14,76,1572,17,incluido,0.3
1,Popularidade,principal,15,81,1567,11,incluido,0.1
1,Popularidade,principal,16,108,1540,29,incluido,0.4
1,Popularidade,principal,17,23,1625,2,incluido,0.0
1,Popularidade,principal,18,222,1426,31,incluido,0.2
1,Popularidade,principal,19,18,1630,1,incluido,0.0
1,Popularidade,principal,20,40,1608,3,incluido,0.1
1,Popularidade,principal,21,145,1503,10,incluido,0.1
1,Popularidade,principal,22,108,1540,14,incluido,0.2
1,Popularidade,principal,23,118,1530,21,incluido,0.3
1,Popularidade,principal,24,58,1590,9,incluido,0.2
1,Popularidade,principal,25,55,1593,18,incluido,0.1
1,Popularidade,principal,26,87,1561,10,incluido,0.3
1,Popularidade,principal,27,17,1631,4,incluido,0.2
1,Popularidade,principal,28,66,1582,10,incluido,0.3
1,Popularidade,principal,29,24,1624,4,incluido,0.0
1,Popularidade,principal,30,36,1612,3,incluido,0.1
1,Popularidade,principal,31,24,1624,9,incluido,0.0
1,Popularidade,principal,32,30,1618,6,incluido,0.1
1,Popularidade,principal,33,17,1631,5,incluido,0.0
1,Popularidade,principal,34,14,1634,5,incluido,0.1
1,Popularidade,principal,35,22,1626,1,incluido,0.0
1,Popularidade,principal,36,13,1635,5,incluido,0.1
1,Popularidade,principal,37,44,1604,8,incluido,0.1
1,Popularidade,principal,38,91,1557,20,incluido,0.1
1,Popularidade,principal,39,14,1634,6,incluido,0.2
1,Popularidade,principal,40,29,1619,2,incluido,0.0
1,Popularidade,principal,41,40,1608,8,incluido,0.2
1,Popularidade,principal,42,145,1503,24,incluido,0.1
1,Popularidade,principal,43,181,1467,21,incluido,0.3
1,Popularidade,principal,44,118,1530,20,incluido,0.2
1,Popularidade,principal,45,33,1615,6,incluido,0.1
1,Popularidade,principal,46,22,1626,4,incluido,0.2
1,Popularidade,principal,47,19,1629,3,incluido,0.0
1,Popularidade,principal,48,58,1590,3,incluido,0.0
1,Popularidade,principal,49,163,1485,15,incluido,0.1
1,Popularidade,principal,50,20,1628,4,incluido,0.0
1,Popularidade,principal,51,20,1628,1,incluido,0.0
1,Popularidade,principal,52,46,1602,8,incluido,0.1
1,Popularidade,principal,53,26,1622,2,incluido,0.1
1,Popularidade,principal,54,58,1590,4,incluido,0.2
1,Popularidade,principal,55,18,1630,1,incluido,0.0
1,Popularidade,principal,56,141,1507,23,incluido,0.4
1,Popularidade,principal,57,81,1567,13,incluido,0.5
1,Popularidade,principal,58,114,1534,31,incluido,0.3
1,Popularidade,principal,59,313,1335,47,incluido,0.3
1,Popularidade,principal,60,164,1484,39,incluido,0.2
1,Popularidade,principal,61,17,1631,1,incluido,0.0
1,Popularidade,principal,62,187,1461,25,incluido,0.4
1,Popularidade,principal,63,80,1568,5,incluido,0.1
1,Popularidade,principal,64,159,1489,25,incluido,0.4
1,Popularidade,principal,65,66,1582,10,incluido,0.1
1,Popularidade,principal,66,34,1614,2,incluido,0.1
1,Popularidade,principal,67,24,1624,4,incluido,0.1
1,Popularidade,principal,68,27,1621,1,incluido,0.0
1,Popularidade,principal,69,54,1594,4,incluido,0.1
1,Popularidade,principal,70,112,1536,11,incluido,0.0
1,Popularidade,principal,71,34,1614,2,incluido,0.0
1,Popularidade,principal,72,112,1536,17,incluido,0.1
1,Popularidade,principal,73,54,1594,5,incluido,0.0
1,Popularidade,principal,74,26,1622,8,incluido,0.1
1,Popularidade,principal,75,59,1589,9,incluido,0.2
1,Popularidade,principal,76,59,1589,11,incluido,0.1
1,Popularidade,principal,77,60,1588,6,incluido,0.1
1,Popularidade,principal,78,16,1632,2,incluido,0.0
1,Popularidade,principal,79,45,1603,7,incluido,0.1
1,Popularidade,principal,80,23,1625,2,incluido,0.1
1,Popularidade,principal,81,49,1599,5,incluido,0.0
1,Popularidade,principal,82,140,1508,14,incluido,0.2
1,Popularidade,principal,83,120,1528,23,incluido,0.1
1,Popularidade,principal,84,56,1592,6,incluido,0.0
1,Popularidade,principal,85,225,1423,32,incluido,0.1
1,Popularidade,principal,86,16,1632,5,incluido,0.0
1,Popularidade,principal,87,180,1468,23,incluido,0.1
1,Popularidade,principal,88,18,1630,2,incluido,0.0
1,Popularidade,principal,89,64,1584,6,incluido,0.3
1,Popularidade,principal,90,243,1405,44,incluido,0.1
1,Popularidade,principal,91,81,1567,11,incluido,0.1
1,Popularidade,principal,92,303,1345,31,incluido,0.3
1,Popularidade,principal,93,17,1631,2,incluido,0.0
1,Popularidade,principal,94,320,1328,42,incluido,0.3
1,Popularidade,principal,95,225,1423,31,incluido,0.3
1,Popularidade,principal,96,41,1607,12,incluido,0.2
1,Popularidade,principal,97,53,1595,9,incluido,0.1
1,Popularidade,principal,98,21,1627,4,incluido,0.0
1,Popularidade,principal,99,110,1538,15,incluido,0.1
1,Popularidade,principal,100,47,1601,3,incluido,0.1
1,Popularidade,principal,101,61,1587,2,incluido,0.0
1,Popularidade,principal,102,178,1470,2,incluido,0.1
1,Popularidade,principal,103,21,1627,7,incluido,0.4
1,Popularidade,principal,104,93,1555,4,incluido,0.0
1,Popularidade,principal,105,19,1629,3,incluido,0.2
1,Popularidade,principal,106,53,1595,7,incluido,0.0
1,Popularidade,principal,107,20,1628,0,sem_relevante_elegivel,
1,Popularidade,principal,108,29,1619,3,incluido,0.0
1,Popularidade,principal,109,193,1455,16,incluido,0.2
1,Popularidade,principal,110,105,1543,3,incluido,0.0
1,Popularidade,principal,111,20,1628,3,incluido,0.1
1,Popularidade,principal,112,38,1610,5,incluido,0.1
1,Popularidade,principal,113,41,1607,3,incluido,0.1
1,Popularidade,principal,114,43,1605,2,incluido,0.0
1,Popularidade,principal,115,71,1577,12,incluido,0.1
1,Popularidade,principal,116,107,1541,10,incluido,0.2
1,Popularidade,principal,117,68,1580,10,incluido,0.3
1,Popularidade,principal,118,56,1592,13,incluido,0.1
1,Popularidade,principal,119,155,1493,25,incluido,0.2
1,Popularidade,principal,120,21,1627,3,incluido,0.2
1,Popularidade,principal,121,62,1586,5,incluido,0.0
1,Popularidade,principal,122,43,1605,13,incluido,0.0
1,Popularidade,principal,123,44,1604,8,incluido,0.1
1,Popularidade,principal,124,23,1625,0,sem_relevante_elegivel,
1,Popularidade,principal,125,140,1508,17,incluido,0.2
1,Popularidade,principal,126,39,1609,3,incluido,0.0
1,Popularidade,principal,127,17,1631,4,incluido,0.0
1,Popularidade,principal,128,152,1496,18,incluido,0.3
1,Popularidade,principal,129,25,1623,1,incluido,0.0
1,Popularidade,principal,130,279,1369,57,incluido,0.6
1,Popularidade,principal,131,27,1621,2,incluido,0.1
1,Popularidade,principal,132,18,1630,3,incluido,0.1
1,Popularidade,principal,133,22,1626,2,incluido,0.0
1,Popularidade,principal,134,19,1629,4,incluido,0.2
1,Popularidade,principal,135,46,1602,5,incluido,0.1
1,Popularidade,principal,136,24,1624,10,incluido,0.1
1,Popularidade,principal,137,36,1612,10,incluido,0.0
1,Popularidade,principal,138,43,1605,8,incluido,0.1
1,Popularidade,principal,139,19,1629,4,incluido,0.0
1,Popularidade,principal,140,16,1632,1,incluido,0.0
1,Popularidade,principal,141,90,1558,10,incluido,0.3
1,Popularidade,principal,142,27,1621,3,incluido,0.1
1,Popularidade,principal,143,17,1631,3,incluido,0.0
1,Popularidade,principal,144,156,1492,35,incluido,0.3
1,Popularidade,principal,145,253,1395,29,incluido,0.3
1,Popularidade,principal,146,25,1623,4,incluido,0.1
1,Popularidade,principal,147,18,1630,2,incluido,0.0
1,Popularidade,principal,148,53,1595,8,incluido,0.0
1,Popularidade,principal,149,28,1620,3,incluido,0.0
1,Popularidade,principal,150,27,1621,4,incluido,0.2
1,Popularidade,principal,151,241,1407,47,incluido,0.5
1,Popularidade,principal,152,82,1566,22,incluido,0.2
1,Popularidade,principal,153,14,1634,5,incluido,0.1
1,Popularidade,principal,154,44,1604,5,incluido,0.1
1,Popularidade,principal,155,17,1631,1,incluido,0.0
1,Popularidade,principal,156,32,1616,3,incluido,0.0
1,Popularidade,principal,157,37,1611,6,incluido,0.1
1,Popularidade,principal,158,132,1516,27,incluido,0.4
1,Popularidade,principal,159,90,1558,9,incluido,0.1
1,Popularidade,principal,160,96,1552,16,incluido,0.0
1,Popularidade,principal,161,45,1603,4,incluido,0.0
1,Popularidade,principal,162,34,1614,4,incluido,0.0
1,Popularidade,principal,163,21,1627,1,incluido,0.0
1,Popularidade,principal,164,51,1597,11,incluido,0.0
1,Popularidade,principal,165,25,1623,5,incluido,0.1
1,Popularidade,principal,166,16,1632,3,incluido,0.0
1,Popularidade,principal,167,56,1592,6,incluido,0.0
1,Popularidade,principal,168,49,1599,10,incluido,0.2
1,Popularidade,principal,169,32,1616,5,incluido,0.1
1,Popularidade,principal,170,18,1630,3,incluido,0.1
1,Popularidade,principal,171,19,1629,7,incluido,0.0
1,Popularidade,principal,172,22,1626,2,incluido,0.0
1,Popularidade,principal,173,33,1615,8,incluido,0.3
1,Popularidade,principal,174,133,1515,24,incluido,0.1
1,Popularidade,principal,175,33,1615,2,incluido,0.0
1,Popularidade,principal,176,49,1599,7,incluido,0.1
1,Popularidade,principal,177,96,1552,17,incluido,0.4
1,Popularidade,principal,178,216,1432,37,incluido,0.9
1,Popularidade,principal,179,30,1618,7,incluido,0.0
1,Popularidade,principal,180,56,1592,5,incluido,0.0
1,Popularidade,principal,181,359,1289,2,incluido,0.0
1,Popularidade,principal,182,19,1629,8,incluido,0.2
1,Popularidade,principal,183,41,1607,4,incluido,0.0
1,Popularidade,principal,184,199,1449,27,incluido,0.0
1,Popularidade,principal,185,41,1607,5,incluido,0.0
1,Popularidade,principal,186,69,1579,16,incluido,0.2
1,Popularidade,principal,187,44,1604,8,incluido,0.0
1,Popularidade,principal,188,81,1567,20,incluido,0.3
1,Popularidade,principal,189,154,1494,27,incluido,0.1
1,Popularidade,principal,190,45,1603,5,incluido,0.0
1,Popularidade,principal,191,20,1628,5,incluido,0.1
1,Popularidade,principal,192,27,1621,4,incluido,0.1
1,Popularidade,principal,193,95,1553,9,incluido,0.1
1,Popularidade,principal,194,252,1396,19,incluido,0.1
1,Popularidade,principal,195,71,1577,11,incluido,0.1
1,Popularidade,principal,196,32,1616,4,incluido,0.0
1,Popularidade,principal,197,89,1559,17,incluido,0.1
1,Popularidade,principal,198,142,1506,19,incluido,0.2
1,Popularidade,principal,199,35,1613,2,incluido,0.0
1,Popularidade,principal,200,170,1478,37,incluido,0.5
1,Popularidade,principal,201,317,1331,27,incluido,0.2
1,Popularidade,principal,202,14,1634,2,incluido,0.0
1,Popularidade,principal,203,34,1614,5,incluido,0.0
1,Popularidade,principal,204,35,1613,2,incluido,0.0
1,Popularidade,principal,205,19,1629,2,incluido,0.0
1,Popularidade,principal,206,52,1596,1,incluido,0.0
1,Popularidade,principal,207,168,1480,25,incluido,0.1
1,Popularidade,principal,208,27,1621,3,incluido,0.0
1,Popularidade,principal,209,22,1626,4,incluido,0.2
1,Popularidade,principal,210,108,1540,18,incluido,0.2
1,Popularidade,principal,211,28,1620,5,incluido,0.1
1,Popularidade,principal,212,21,1627,3,incluido,0.0
1,Popularidade,principal,213,101,1547,20,incluido,0.5
1,Popularidade,principal,214,105,1543,18,incluido,0.2
1,Popularidade,principal,215,73,1575,11,incluido,0.1
1,Popularidade,principal,216,105,1543,16,incluido,0.2
1,Popularidade,principal,217,59,1589,8,incluido,0.1
1,Popularidade,principal,218,44,1604,5,incluido,0.0
1,Popularidade,principal,219,25,1623,2,incluido,0.0
1,Popularidade,principal,220,16,1632,4,incluido,0.0
1,Popularidade,principal,221,123,1525,10,incluido,0.1
1,Popularidade,principal,222,316,1332,29,incluido,0.6
1,Popularidade,principal,223,80,1568,9,incluido,0.0
1,Popularidade,principal,224,115,1533,8,incluido,0.0
1,Popularidade,principal,225,24,1624,2,incluido,0.1
1,Popularidade,principal,226,39,1609,8,incluido,0.1
1,Popularidade,principal,227,49,1599,5,incluido,0.0
1,Popularidade,principal,228,17,1631,2,incluido,0.0
1,Popularidade,principal,229,22,1626,3,incluido,0.0
1,Popularidade,principal,230,102,1546,20,incluido,0.4
1,Popularidade,principal,231,17,1631,4,incluido,0.1
1,Popularidade,principal,232,72,1576,15,incluido,0.3
1,Popularidade,principal,233,87,1561,17,incluido,0.2
1,Popularidade,principal,234,381,1267,28,incluido,0.3
1,Popularidade,principal,235,80,1568,9,incluido,0.0
1,Popularidade,principal,236,92,1556,14,incluido,0.2
1,Popularidade,principal,237,37,1611,8,incluido,0.1
1,Popularidade,principal,238,25,1623,1,incluido,0.0
1,Popularidade,principal,239,134,1514,18,incluido,0.1
1,Popularidade,principal,240,19,1629,2,incluido,0.0
1,Popularidade,principal,241,16,1632,4,incluido,0.1
1,Popularidade,principal,242,16,1632,3,incluido,0.0
1,Popularidade,principal,243,68,1580,3,incluido,0.0
1,Popularidade,principal,244,195,1453,26,incluido,0.0
1,Popularidade,principal,245,19,1629,3,incluido,0.2
1,Popularidade,principal,246,153,1495,16,incluido,0.3
1,Popularidade,principal,247,22,1626,4,incluido,0.2
1,Popularidade,principal,248,50,1598,3,incluido,0.0
1,Popularidade,principal,249,121,1527,30,incluido,0.2
1,Popularidade,principal,250,93,1555,23,incluido,0.3
1,Popularidade,principal,251,62,1586,8,incluido,0.2
1,Popularidade,principal,252,15,1633,6,incluido,0.1
1,Popularidade,principal,253,74,1574,15,incluido,0.3
1,Popularidade,principal,254,130,1518,10,incluido,0.1
1,Popularidade,principal,255,65,1583,4,incluido,0.1
1,Popularidade,principal,256,172,1476,28,incluido,0.4
1,Popularidade,principal,257,46,1602,8,incluido,0.1
1,Popularidade,principal,258,19,1629,4,incluido,0.0
1,Popularidade,principal,259,37,1611,8,incluido,0.0
1,Popularidade,principal,260,22,1626,2,incluido,0.0
1,Popularidade,principal,261,22,1626,4,incluido,0.1
1,Popularidade,principal,262,132,1516,11,incluido,0.0
1,Popularidade,principal,263,105,1543,15,incluido,0.3
1,Popularidade,principal,264,95,1553,21,incluido,0.1
1,Popularidade,principal,265,39,1609,3,incluido,0.1
1,Popularidade,principal,266,17,1631,2,incluido,0.0
1,Popularidade,principal,267,160,1488,18,incluido,0.1
1,Popularidade,principal,268,256,1392,25,incluido,0.6
1,Popularidade,principal,269,274,1374,21,incluido,0.0
1,Popularidade,principal,270,122,1526,13,incluido,0.2
1,Popularidade,principal,271,225,1423,30,incluido,0.2
1,Popularidade,principal,272,39,1609,10,incluido,0.2
1,Popularidade,principal,273,17,1631,4,incluido,0.0
1,Popularidade,principal,274,52,1596,15,incluido,0.4
1,Popularidade,principal,275,68,1580,5,incluido,0.1
1,Popularidade,principal,276,414,1234,52,incluido,0.5
1,Popularidade,principal,277,46,1602,4,incluido,0.1
1,Popularidade,principal,278,16,1632,4,incluido,0.1
1,Popularidade,principal,279,348,1300,47,incluido,0.0
1,Popularidade,principal,280,211,1437,21,incluido,0.2
1,Popularidade,principal,281,17,1631,4,incluido,0.1
1,Popularidade,principal,282,21,1627,1,incluido,0.1
1,Popularidade,principal,283,41,1607,10,incluido,0.1
1,Popularidade,principal,284,35,1613,8,incluido,0.1
1,Popularidade,principal,285,25,1623,6,incluido,0.1
1,Popularidade,principal,286,229,1419,35,incluido,0.1
1,Popularidade,principal,287,50,1598,10,incluido,0.1
1,Popularidade,principal,288,63,1585,9,incluido,0.0
1,Popularidade,principal,289,24,1624,1,incluido,0.0
1,Popularidade,principal,290,121,1527,13,incluido,0.1
1,Popularidade,principal,291,232,1416,45,incluido,0.5
1,Popularidade,principal,292,92,1556,24,incluido,0.2
1,Popularidade,principal,293,314,1334,23,incluido,0.3
1,Popularidade,principal,294,122,1526,9,incluido,0.4
1,Popularidade,principal,295,159,1489,34,incluido,0.3
1,Popularidade,principal,296,112,1536,30,incluido,0.1
1,Popularidade,principal,297,139,1509,26,incluido,0.4
1,Popularidade,principal,298,97,1551,23,incluido,0.1
1,Popularidade,principal,299,228,1420,24,incluido,0.2
1,Popularidade,principal,300,16,1632,4,incluido,0.0
1,Popularidade,principal,301,222,1426,29,incluido,0.3
1,Popularidade,principal,302,19,1629,0,sem_relevante_elegivel,
1,Popularidade,principal,303,385,1263,50,incluido,0.4
1,Popularidade,principal,304,18,1630,4,incluido,0.0
1,Popularidade,principal,305,176,1472,25,incluido,0.4
1,Popularidade,principal,306,25,1623,5,incluido,0.0
1,Popularidade,principal,307,90,1558,13,incluido,0.2
1,Popularidade,principal,308,312,1336,51,incluido,0.3
1,Popularidade,principal,309,18,1630,2,incluido,0.0
1,Popularidade,principal,310,16,1632,4,incluido,0.1
1,Popularidade,principal,311,237,1411,44,incluido,0.3
1,Popularidade,principal,312,174,1474,42,incluido,0.0
1,Popularidade,principal,313,213,1435,25,incluido,0.2
1,Popularidade,principal,314,199,1449,26,incluido,0.1
1,Popularidade,principal,315,66,1582,17,incluido,0.0
1,Popularidade,principal,316,49,1599,13,incluido,0.0
1,Popularidade,principal,317,19,1629,1,incluido,0.0
1,Popularidade,principal,318,137,1511,24,incluido,0.1
1,Popularidade,principal,319,19,1629,2,incluido,0.0
1,Popularidade,principal,320,120,1528,26,incluido,0.2
1,Popularidade,principal,321,100,1548,17,incluido,0.2
1,Popularidade,principal,322,42,1606,7,incluido,0.1
1,Popularidade,principal,323,66,1582,14,incluido,0.2
1,Popularidade,principal,324,50,1598,14,incluido,0.4
1,Popularidade,principal,325,109,1539,13,incluido,0.0
1,Popularidade,principal,326,148,1500,13,incluido,0.0
1,Popularidade,principal,327,232,1416,27,incluido,0.4
1,Popularidade,principal,328,232,1416,25,incluido,0.4
1,Popularidade,principal,329,57,1591,4,incluido,0.2
1,Popularidade,principal,330,112,1536,31,incluido,0.2
1,Popularidade,principal,331,56,1592,7,incluido,0.0
1,Popularidade,principal,332,144,1504,31,incluido,0.4
1,Popularidade,principal,333,19,1629,7,incluido,0.2
1,Popularidade,principal,334,275,1373,35,incluido,0.4
1,Popularidade,principal,335,20,1628,2,incluido,0.0
1,Popularidade,principal,336,104,1544,11,incluido,0.1
1,Popularidade,principal,337,26,1622,5,incluido,0.0
1,Popularidade,principal,338,59,1589,12,incluido,0.0
1,Popularidade,principal,339,203,1445,40,incluido,0.4
1,Popularidade,principal,340,38,1610,4,incluido,0.0
1,Popularidade,principal,341,13,1635,5,incluido,0.0
1,Popularidade,principal,342,161,1487,23,incluido,0.2
1,Popularidade,principal,343,187,1461,38,incluido,0.3
1,Popularidade,principal,344,163,1485,18,incluido,0.2
1,Popularidade,principal,345,193,1455,16,incluido,0.2
1,Popularidade,principal,346,160,1488,16,incluido,0.2
1,Popularidade,principal,347,165,1483,21,incluido,0.8
1,Popularidade,principal,348,48,1600,7,incluido,0.1
1,Popularidade,principal,349,30,1618,4,incluido,0.1
1,Popularidade,principal,350,39,1609,10,incluido,0.2
1,Popularidade,principal,351,38,1610,5,incluido,0.1
1,Popularidade,principal,352,29,1619,11,incluido,0.2
1,Popularidade,principal,353,17,1631,5,incluido,0.2
1,Popularidade,principal,354,183,1465,27,incluido,0.2
1,Popularidade,principal,355,19,1629,7,incluido,0.1
1,Popularidade,principal,356,17,1631,4,incluido,0.0
1,Popularidade,principal,357,64,1584,9,incluido,0.0
1,Popularidade,principal,358,35,1613,3,incluido,0.0
1,Popularidade,principal,359,20,1628,6,incluido,0.2
1,Popularidade,principal,360,80,1568,15,incluido,0.1
1,Popularidade,principal,361,93,1555,15,incluido,0.2
1,Popularidade,principal,362,20,1628,4,incluido,0.2
1,Popularidade,principal,363,246,1402,35,incluido,0.2
1,Popularidade,principal,364,10,1638,5,incluido,0.0
1,Popularidade,principal,365,46,1602,6,incluido,0.1
1,Popularidade,principal,366,26,1622,5,incluido,0.0
1,Popularidade,principal,367,44,1604,13,incluido,0.2
1,Popularidade,principal,368,38,1610,2,incluido,0.0
1,Popularidade,principal,369,20,1628,2,incluido,0.1
1,Popularidade,principal,370,66,1582,1,incluido,0.0
1,Popularidade,principal,371,40,1608,11,incluido,0.3
1,Popularidade,principal,372,49,1599,15,incluido,0.1
1,Popularidade,principal,373,184,1464,28,incluido,0.0
1,Popularidade,principal,374,214,1434,36,incluido,0.4
1,Popularidade,principal,375,20,1628,5,incluido,0.1
1,Popularidade,principal,376,23,1625,3,incluido,0.1
1,Popularidade,principal,377,30,1618,2,incluido,0.0
1,Popularidade,principal,378,293,1355,41,incluido,0.7
1,Popularidade,principal,379,151,1497,32,incluido,0.2
1,Popularidade,principal,380,117,1531,17,incluido,0.1
1,Popularidade,principal,381,99,1549,19,incluido,0.1
1,Popularidade,principal,382,41,1607,5,incluido,0.0
1,Popularidade,principal,383,62,1586,7,incluido,0.0
1,Popularidade,principal,384,19,1629,2,incluido,0.0
1,Popularidade,principal,385,219,1429,26,incluido,0.0
1,Popularidade,principal,386,21,1627,2,incluido,0.0
1,Popularidade,principal,387,252,1396,21,incluido,0.3
1,Popularidade,principal,388,41,1607,10,incluido,0.3
1,Popularidade,principal,389,226,1422,26,incluido,0.1
1,Popularidade,principal,390,23,1625,4,incluido,0.1
1,Popularidade,principal,391,95,1553,18,incluido,0.1
1,Popularidade,principal,392,96,1552,14,incluido,0.2
1,Popularidade,principal,393,357,1291,41,incluido,0.3
1,Popularidade,principal,394,116,1532,23,incluido,0.3
1,Popularidade,principal,395,46,1602,8,incluido,0.1
1,Popularidade,principal,396,44,1604,6,incluido,0.0
1,Popularidade,principal,397,79,1569,15,incluido,0.3
1,Popularidade,principal,398,142,1506,20,incluido,0.0
1,Popularidade,principal,399,263,1385,9,incluido,0.1
1,Popularidade,principal,400,19,1629,3,incluido,0.0
1,Popularidade,principal,401,127,1521,12,incluido,0.0
1,Popularidade,principal,402,49,1599,12,incluido,0.3
1,Popularidade,principal,403,38,1610,11,incluido,0.5
1,Popularidade,principal,404,32,1616,6,incluido,0.1
1,Popularidade,principal,405,583,1065,20,incluido,0.0
1,Popularidade,principal,406,278,1370,36,incluido,0.2
1,Popularidade,principal,407,186,1462,18,incluido,0.2
1,Popularidade,principal,408,21,1627,5,incluido,0.1
1,Popularidade,principal,409,161,1487,32,incluido,0.0
1,Popularidade,principal,410,25,1623,0,sem_relevante_elegivel,
1,Popularidade,principal,411,43,1605,10,incluido,0.0
1,Popularidade,principal,412,39,1609,8,incluido,0.1
1,Popularidade,principal,413,42,1606,5,incluido,0.1
1,Popularidade,principal,414,18,1630,5,incluido,0.1
1,Popularidade,principal,415,19,1629,5,incluido,0.0
1,Popularidade,principal,416,386,1262,73,incluido,0.8
1,Popularidade,principal,417,276,1372,32,incluido,0.2
1,Popularidade,principal,418,15,1633,2,incluido,0.1
1,Popularidade,principal,419,22,1626,9,incluido,0.3
1,Popularidade,principal,420,30,1618,4,incluido,0.1
1,Popularidade,principal,421,52,1596,6,incluido,0.1
1,Popularidade,principal,422,72,1576,10,incluido,0.1
1,Popularidade,principal,423,57,1591,6,incluido,0.0
1,Popularidade,principal,424,35,1613,5,incluido,0.1
1,Popularidade,principal,425,161,1487,11,incluido,0.2
1,Popularidade,principal,426,74,1574,16,incluido,0.0
1,Popularidade,principal,427,26,1622,5,incluido,0.1
1,Popularidade,principal,428,43,1605,10,incluido,0.0
1,Popularidade,principal,429,329,1319,41,incluido,0.5
1,Popularidade,principal,430,47,1601,11,incluido,0.2
1,Popularidade,principal,431,18,1630,1,incluido,0.1
1,Popularidade,principal,432,50,1598,10,incluido,0.1
1,Popularidade,principal,433,33,1615,5,incluido,0.0
1,Popularidade,principal,434,36,1612,5,incluido,0.1
1,Popularidade,principal,435,318,1330,28,incluido,0.4
1,Popularidade,principal,436,113,1535,23,incluido,0.1
1,Popularidade,principal,437,202,1446,32,incluido,0.2
1,Popularidade,principal,438,28,1620,3,incluido,0.1
1,Popularidade,principal,439,27,1621,2,incluido,0.0
1,Popularidade,principal,440,46,1602,3,incluido,0.0
1,Popularidade,principal,441,15,1633,2,incluido,0.1
1,Popularidade,principal,442,117,1531,7,incluido,0.0
1,Popularidade,principal,443,20,1628,3,incluido,0.0
1,Popularidade,principal,444,21,1627,2,incluido,0.1
1,Popularidade,principal,445,110,1538,3,incluido,0.1
1,Popularidade,principal,446,27,1621,1,incluido,0.0
1,Popularidade,principal,447,112,1536,17,incluido,0.3
1,Popularidade,principal,448,29,1619,3,incluido,0.0
1,Popularidade,principal,449,62,1586,9,incluido,0.0
1,Popularidade,principal,450,426,1222,75,incluido,0.8
1,Popularidade,principal,451,77,1571,7,incluido,0.2
1,Popularidade,principal,452,155,1493,30,incluido,0.4
1,Popularidade,principal,453,124,1524,16,incluido,0.4
1,Popularidade,principal,454,195,1453,13,incluido,0.3
1,Popularidade,principal,455,152,1496,20,incluido,0.2
1,Popularidade,principal,456,178,1470,20,incluido,0.1
1,Popularidade,principal,457,230,1418,36,incluido,0.3
1,Popularidade,principal,458,152,1496,19,incluido,0.2
1,Popularidade,principal,459,89,1559,12,incluido,0.2
1,Popularidade,principal,460,55,1593,5,incluido,0.0
1,Popularidade,principal,461,19,1629,0,sem_relevante_elegivel,
1,Popularidade,principal,462,26,1622,5,incluido,0.1
1,Popularidade,principal,463,107,1541,12,incluido,0.1
1,Popularidade,principal,464,44,1604,7,incluido,0.2
1,Popularidade,principal,465,70,1578,3,incluido,0.0
1,Popularidade,principal,466,85,1563,9,incluido,0.2
1,Popularidade,principal,467,37,1611,5,incluido,0.2
1,Popularidade,principal,468,120,1528,18,incluido,0.2
1,Popularidade,principal,469,30,1618,12,incluido,0.2
1,Popularidade,principal,470,44,1604,9,incluido,0.1
1,Popularidade,principal,471,29,1619,2,incluido,0.0
1,Popularidade,principal,472,220,1428,35,incluido,0.3
1,Popularidade,principal,473,29,1619,4,incluido,0.0
1,Popularidade,principal,474,251,1397,53,incluido,0.5
1,Popularidade,principal,475,13,1635,5,incluido,0.1
1,Popularidade,principal,476,66,1582,11,incluido,0.1
1,Popularidade,principal,477,28,1620,7,incluido,0.0
1,Popularidade,principal,478,86,1562,14,incluido,0.1
1,Popularidade,principal,479,150,1498,36,incluido,0.4
1,Popularidade,principal,480,51,1597,3,incluido,0.0
1,Popularidade,principal,481,41,1607,10,incluido,0.0
1,Popularidade,principal,482,19,1629,4,incluido,0.1
1,Popularidade,principal,483,50,1598,2,incluido,0.0
1,Popularidade,principal,484,110,1538,22,incluido,0.5
1,Popularidade,principal,485,20,1628,2,incluido,0.0
1,Popularidade,principal,486,158,1490,10,incluido,0.1
1,Popularidade,principal,487,178,1470,33,incluido,0.5
1,Popularidade,principal,488,119,1529,19,incluido,0.4
1,Popularidade,principal,489,91,1557,10,incluido,0.0
1,Popularidade,principal,490,43,1605,3,incluido,0.0
1,Popularidade,principal,491,26,1622,4,incluido,0.0
1,Popularidade,principal,492,39,1609,10,incluido,0.1
1,Popularidade,principal,493,100,1548,22,incluido,0.5
1,Popularidade,principal,494,36,1612,10,incluido,0.4
1,Popularidade,principal,495,162,1486,31,incluido,0.2
1,Popularidade,principal,496,103,1545,11,incluido,0.0
1,Popularidade,principal,497,225,1423,24,incluido,0.3
1,Popularidade,principal,498,125,1523,8,incluido,0.0
1,Popularidade,principal,499,77,1571,15,incluido,0.0
1,Popularidade,principal,500,175,1473,23,incluido,0.4
1,Popularidade,principal,501,61,1587,6,incluido,0.1
1,Popularidade,principal,502,30,1618,4,incluido,0.0
1,Popularidade,principal,503,118,1530,25,incluido,0.2
1,Popularidade,principal,504,211,1437,22,incluido,0.1
1,Popularidade,principal,505,94,1554,7,incluido,0.1
1,Popularidade,principal,506,190,1458,28,incluido,0.1
1,Popularidade,principal,507,44,1604,14,incluido,0.1
1,Popularidade,principal,508,67,1581,14,incluido,0.1
1,Popularidade,principal,509,26,1622,1,incluido,0.0
1,Popularidade,principal,510,21,1627,3,incluido,0.1
1,Popularidade,principal,511,19,1629,3,incluido,0.1
1,Popularidade,principal,512,13,1635,6,incluido,0.2
1,Popularidade,principal,513,20,1628,2,incluido,0.0
1,Popularidade,principal,514,143,1505,36,incluido,0.3
1,Popularidade,principal,515,29,1619,3,incluido,0.0
1,Popularidade,principal,516,17,1631,4,incluido,0.1
1,Popularidade,principal,517,31,1617,2,incluido,0.1
1,Popularidade,principal,518,53,1595,11,incluido,0.1
1,Popularidade,principal,519,36,1612,12,incluido,0.0
1,Popularidade,principal,520,17,1631,3,incluido,0.0
1,Popularidade,principal,521,119,1529,10,incluido,0.2
1,Popularidade,principal,522,23,1625,6,incluido,0.0
1,Popularidade,principal,523,83,1565,16,incluido,0.0
1,Popularidade,principal,524,252,1396,30,incluido,0.1
1,Popularidade,principal,525,40,1608,7,incluido,0.2
1,Popularidade,principal,526,58,1590,5,incluido,0.1
1,Popularidade,principal,527,102,1546,23,incluido,0.4
1,Popularidade,principal,528,44,1604,8,incluido,0.0
1,Popularidade,principal,529,34,1614,7,incluido,0.2
1,Popularidade,principal,530,33,1615,7,incluido,0.2
1,Popularidade,principal,531,26,1622,1,incluido,0.0
1,Popularidade,principal,532,216,1432,43,incluido,0.4
1,Popularidade,principal,533,207,1441,28,incluido,0.2
1,Popularidade,principal,534,64,1584,12,incluido,0.2
1,Popularidade,principal,535,183,1465,24,incluido,0.1
1,Popularidade,principal,536,139,1509,13,incluido,0.1
1,Popularidade,principal,537,387,1261,24,incluido,0.5
1,Popularidade,principal,538,63,1585,10,incluido,0.3
1,Popularidade,principal,539,50,1598,4,incluido,0.1
1,Popularidade,principal,540,52,1596,10,incluido,0.1
1,Popularidade,principal,541,111,1537,14,incluido,0.1
1,Popularidade,principal,542,107,1541,16,incluido,0.2
1,Popularidade,principal,543,159,1489,19,incluido,0.0
1,Popularidade,principal,544,23,1625,0,sem_relevante_elegivel,
1,Popularidade,principal,545,124,1524,21,incluido,0.2
1,Popularidade,principal,546,52,1596,5,incluido,0.1
1,Popularidade,principal,547,18,1630,4,incluido,0.0
1,Popularidade,principal,548,127,1521,17,incluido,0.2
1,Popularidade,principal,549,23,1625,1,incluido,0.1
1,Popularidade,principal,550,31,1617,6,incluido,0.2
1,Popularidade,principal,551,273,1375,38,incluido,0.2
1,Popularidade,principal,552,73,1575,1,incluido,0.1
1,Popularidade,principal,553,86,1562,9,incluido,0.0
1,Popularidade,principal,554,93,1555,10,incluido,0.2
1,Popularidade,principal,555,34,1614,16,incluido,0.0
1,Popularidade,principal,556,32,1616,9,incluido,0.2
1,Popularidade,principal,557,48,1600,2,incluido,0.0
1,Popularidade,principal,558,15,1633,4,incluido,0.1
1,Popularidade,principal,559,66,1582,4,incluido,0.0
1,Popularidade,principal,560,84,1564,10,incluido,0.4
1,Popularidade,principal,561,286,1362,25,incluido,0.2
1,Popularidade,principal,562,59,1589,6,incluido,0.1
1,Popularidade,principal,563,27,1621,3,incluido,0.0
1,Popularidade,principal,564,30,1618,1,incluido,0.1
1,Popularidade,principal,565,31,1617,4,incluido,0.0
1,Popularidade,principal,566,119,1529,18,incluido,0.0
1,Popularidade,principal,567,128,1520,17,incluido,0.0
1,Popularidade,principal,568,65,1583,5,incluido,0.0
1,Popularidade,principal,569,54,1594,6,incluido,0.0
1,Popularidade,principal,570,18,1630,2,incluido,0.1
1,Popularidade,principal,571,18,1630,1,incluido,0.0
1,Popularidade,principal,572,17,1631,1,incluido,0.0
1,Popularidade,principal,573,40,1608,10,incluido,0.1
1,Popularidade,principal,574,36,1612,7,incluido,0.0
1,Popularidade,principal,575,23,1625,2,incluido,0.0
1,Popularidade,principal,576,30,1618,3,incluido,0.0
1,Popularidade,principal,577,158,1490,15,incluido,0.2
1,Popularidade,principal,578,20,1628,2,incluido,0.0
1,Popularidade,principal,579,57,1591,7,incluido,0.2
1,Popularidade,principal,580,40,1608,2,incluido,0.0
1,Popularidade,principal,581,24,1624,4,incluido,0.0
1,Popularidade,principal,582,55,1593,2,incluido,0.1
1,Popularidade,principal,583,24,1624,3,incluido,0.1
1,Popularidade,principal,584,21,1627,2,incluido,0.1
1,Popularidade,principal,585,59,1589,11,incluido,0.0
1,Popularidade,principal,586,128,1520,15,incluido,0.1
1,Popularidade,principal,587,73,1575,11,incluido,0.2
1,Popularidade,principal,588,177,1471,31,incluido,0.2
1,Popularidade,principal,589,35,1613,6,incluido,0.1
1,Popularidade,principal,590,35,1613,5,incluido,0.1
1,Popularidade,principal,591,68,1580,11,incluido,0.1
1,Popularidade,principal,592,295,1353,50,incluido,0.6
1,Popularidade,principal,593,128,1520,13,incluido,0.1
1,Popularidade,principal,594,20,1628,1,incluido,0.0
1,Popularidade,principal,595,82,1566,5,incluido,0.0
1,Popularidade,principal,596,17,1631,1,incluido,0.0
1,Popularidade,principal,597,30,1618,8,incluido,0.2
1,Popularidade,principal,598,23,1625,1,incluido,0.0
1,Popularidade,principal,599,39,1609,7,incluido,0.1
1,Popularidade,principal,600,66,1582,13,incluido,0.0
1,Popularidade,principal,601,120,1528,12,incluido,0.2
1,Popularidade,principal,602,18,1630,6,incluido,0.4
1,Popularidade,principal,603,35,1613,8,incluido,0.2
1,Popularidade,principal,604,22,1626,2,incluido,0.1
1,Popularidade,principal,605,76,1572,9,incluido,0.1
1,Popularidade,principal,606,184,1464,44,incluido,0.7
1,Popularidade,principal,607,28,1620,8,incluido,0.1
1,Popularidade,principal,608,132,1516,17,incluido,0.0
1,Popularidade,principal,609,26,1622,2,incluido,0.0
1,Popularidade,principal,610,59,1589,11,incluido,0.0
1,Popularidade,principal,611,31,1617,8,incluido,0.1
1,Popularidade,principal,612,20,1628,2,incluido,0.0
1,Popularidade,principal,613,19,1629,6,incluido,0.1
1,Popularidade,principal,614,24,1624,4,incluido,0.1
1,Popularidade,principal,615,81,1567,18,incluido,0.1
1,Popularidade,principal,616,35,1613,6,incluido,0.1
1,Popularidade,principal,617,91,1557,4,incluido,0.0
1,Popularidade,principal,618,175,1473,19,incluido,0.3
1,Popularidade,principal,619,69,1579,11,incluido,0.1
1,Popularidade,principal,620,89,1559,14,incluido,0.2
1,Popularidade,principal,621,133,1515,22,incluido,0.1
1,Popularidade,principal,622,185,1463,19,incluido,0.2
1,Popularidade,principal,623,35,1613,7,incluido,0.0
1,Popularidade,principal,624,117,1531,11,incluido,0.4
1,Popularidade,principal,625,84,1564,9,incluido,0.1
1,Popularidade,principal,626,28,1620,2,incluido,0.1
1,Popularidade,principal,627,148,1500,15,incluido,0.2
1,Popularidade,principal,628,23,1625,4,incluido,0.1
1,Popularidade,principal,629,104,1544,12,incluido,0.2
1,Popularidade,principal,630,94,1554,5,incluido,0.2
1,Popularidade,principal,631,14,1634,2,incluido,0.0
1,Popularidade,principal,632,97,1551,13,incluido,0.1
1,Popularidade,principal,633,43,1605,6,incluido,0.1
1,Popularidade,principal,634,107,1541,14,incluido,0.4
1,Popularidade,principal,635,30,1618,1,incluido,0.0
1,Popularidade,principal,636,14,1634,5,incluido,0.1
1,Popularidade,principal,637,84,1564,3,incluido,0.0
1,Popularidade,principal,638,58,1590,5,incluido,0.1
1,Popularidade,principal,639,120,1528,7,incluido,0.0
1,Popularidade,principal,640,83,1565,22,incluido,0.0
1,Popularidade,principal,641,33,1615,5,incluido,0.0
1,Popularidade,principal,642,255,1393,34,incluido,0.1
1,Popularidade,principal,643,165,1483,25,incluido,0.3
1,Popularidade,principal,644,34,1614,7,incluido,0.3
1,Popularidade,principal,645,89,1559,26,incluido,0.1
1,Popularidade,principal,646,31,1617,0,sem_relevante_elegivel,
1,Popularidade,principal,647,45,1603,10,incluido,0.1
1,Popularidade,principal,648,230,1418,26,incluido,0.4
1,Popularidade,principal,649,20,1628,3,incluido,0.1
1,Popularidade,principal,650,254,1394,16,incluido,0.2
1,Popularidade,principal,651,19,1629,1,incluido,0.0
1,Popularidade,principal,652,19,1629,2,incluido,0.0
1,Popularidade,principal,653,222,1426,17,incluido,0.2
1,Popularidade,principal,654,118,1530,16,incluido,0.4
1,Popularidade,principal,655,548,1100,21,incluido,0.1
1,Popularidade,principal,656,20,1628,0,sem_relevante_elegivel,
1,Popularidade,principal,657,26,1622,1,incluido,0.0
1,Popularidade,principal,658,60,1588,5,incluido,0.1
1,Popularidade,principal,659,147,1501,28,incluido,0.2
1,Popularidade,principal,660,186,1462,7,incluido,0.1
1,Popularidade,principal,661,97,1551,19,incluido,0.2
1,Popularidade,principal,662,19,1629,4,incluido,0.0
1,Popularidade,principal,663,130,1518,15,incluido,0.4
1,Popularidade,principal,664,135,1513,20,incluido,0.1
1,Popularidade,principal,665,116,1532,21,incluido,0.4
1,Popularidade,principal,666,193,1455,32,incluido,0.2
1,Popularidade,principal,667,42,1606,4,incluido,0.0
1,Popularidade,principal,668,40,1608,3,incluido,0.1
1,Popularidade,principal,669,76,1572,12,incluido,0.0
1,Popularidade,principal,670,38,1610,7,incluido,0.0
1,Popularidade,principal,671,98,1550,17,incluido,0.3
1,Popularidade,principal,672,21,1627,3,incluido,0.0
1,Popularidade,principal,673,25,1623,6,incluido,0.1
1,Popularidade,principal,674,34,1614,3,incluido,0.0
1,Popularidade,principal,675,24,1624,7,incluido,0.0
1,Popularidade,principal,676,60,1588,13,incluido,0.2
1,Popularidade,principal,677,40,1608,7,incluido,0.1
1,Popularidade,principal,678,22,1626,2,incluido,0.1
1,Popularidade,principal,679,50,1598,8,incluido,0.0
1,Popularidade,principal,680,29,1619,7,incluido,0.2
1,Popularidade,principal,681,13,1635,5,incluido,0.1
1,Popularidade,principal,682,315,1333,35,incluido,0.4
1,Popularidade,principal,683,68,1580,2,incluido,0.0
1,Popularidade,principal,684,78,1570,4,incluido,0.1
1,Popularidade,principal,685,15,1633,0,sem_relevante_elegivel,
1,Popularidade,principal,686,53,1595,18,incluido,0.2
1,Popularidade,principal,687,15,1633,4,incluido,0.0
1,Popularidade,principal,688,21,1627,3,incluido,0.0
1,Popularidade,principal,689,28,1620,6,incluido,0.2
1,Popularidade,principal,690,93,1555,7,incluido,0.0
1,Popularidade,principal,691,23,1625,6,incluido,0.2
1,Popularidade,principal,692,34,1614,3,incluido,0.0
1,Popularidade,principal,693,119,1529,16,incluido,0.2
1,Popularidade,principal,694,116,1532,38,incluido,0.2
1,Popularidade,principal,695,34,1614,2,incluido,0.0
1,Popularidade,principal,696,24,1624,2,incluido,0.0
1,Popularidade,principal,697,84,1564,10,incluido,0.2
1,Popularidade,principal,698,109,1539,6,incluido,0.0
1,Popularidade,principal,699,119,1529,9,incluido,0.0
1,Popularidade,principal,700,16,1632,3,incluido,0.2
1,Popularidade,principal,701,28,1620,5,incluido,0.1
1,Popularidade,principal,702,27,1621,1,incluido,0.0
1,Popularidade,principal,703,38,1610,6,incluido,0.2
1,Popularidade,principal,704,75,1573,6,incluido,0.1
1,Popularidade,principal,705,94,1554,9,incluido,0.2
1,Popularidade,principal,706,25,1623,2,incluido,0.1
1,Popularidade,principal,707,191,1457,23,incluido,0.0
1,Popularidade,principal,708,84,1564,8,incluido,0.1
1,Popularidade,principal,709,106,1542,14,incluido,0.2
1,Popularidade,principal,710,72,1576,6,incluido,0.1
1,Popularidade,principal,711,179,1469,25,incluido,0.1
1,Popularidade,principal,712,134,1514,13,incluido,0.1
1,Popularidade,principal,713,25,1623,1,incluido,0.0
1,Popularidade,principal,714,36,1612,3,incluido,0.1
1,Popularidade,principal,715,123,1525,22,incluido,0.4
1,Popularidade,principal,716,221,1427,34,incluido,0.5
1,Popularidade,principal,717,71,1577,11,incluido,0.1
1,Popularidade,principal,718,31,1617,5,incluido,0.1
1,Popularidade,principal,719,56,1592,3,incluido,0.0
1,Popularidade,principal,720,25,1623,4,incluido,0.1
1,Popularidade,principal,721,132,1516,12,incluido,0.2
1,Popularidade,principal,722,33,1615,4,incluido,0.1
1,Popularidade,principal,723,21,1627,0,sem_relevante_elegivel,
1,Popularidade,principal,724,69,1579,8,incluido,0.1
1,Popularidade,principal,725,20,1628,5,incluido,0.2
1,Popularidade,principal,726,24,1624,0,sem_relevante_elegivel,
1,Popularidade,principal,727,261,1387,18,incluido,0.1
1,Popularidade,principal,728,21,1627,2,incluido,0.0
1,Popularidade,principal,729,17,1631,3,incluido,0.0
1,Popularidade,principal,730,33,1615,3,incluido,0.1
1,Popularidade,principal,731,68,1580,7,incluido,0.0
1,Popularidade,principal,732,13,1635,6,incluido,0.2
1,Popularidade,principal,733,86,1562,8,incluido,0.0
1,Popularidade,principal,734,49,1599,11,incluido,0.0
1,Popularidade,principal,735,44,1604,4,incluido,0.1
1,Popularidade,principal,736,17,1631,5,incluido,0.2
1,Popularidade,principal,737,27,1621,6,incluido,0.0
1,Popularidade,principal,738,119,1529,18,incluido,0.3
1,Popularidade,principal,739,29,1619,4,incluido,0.0
1,Popularidade,principal,740,12,1636,5,incluido,0.2
1,Popularidade,principal,741,88,1560,7,incluido,0.0
1,Popularidade,principal,742,21,1627,2,incluido,0.1
1,Popularidade,principal,743,25,1623,5,incluido,0.1
1,Popularidade,principal,744,25,1623,2,incluido,0.0
1,Popularidade,principal,745,47,1601,4,incluido,0.0
1,Popularidade,principal,746,57,1591,6,incluido,0.1
1,Popularidade,principal,747,239,1409,29,incluido,0.3
1,Popularidade,principal,748,87,1561,11,incluido,0.2
1,Popularidade,principal,749,234,1414,43,incluido,0.2
1,Popularidade,principal,750,26,1622,2,incluido,0.0
1,Popularidade,principal,751,138,1510,20,incluido,0.2
1,Popularidade,principal,752,59,1589,8,incluido,0.0
1,Popularidade,principal,753,48,1600,4,incluido,0.0
1,Popularidade,principal,754,28,1620,3,incluido,0.1
1,Popularidade,principal,755,28,1620,4,incluido,0.0
1,Popularidade,principal,756,90,1558,7,incluido,0.0
1,Popularidade,principal,757,125,1523,14,incluido,0.5
1,Popularidade,principal,758,293,1355,42,incluido,0.5
1,Popularidade,principal,759,30,1618,2,incluido,0.2
1,Popularidade,principal,760,36,1612,3,incluido,0.1
1,Popularidade,principal,761,46,1602,8,incluido,0.1
1,Popularidade,principal,762,17,1631,2,incluido,0.1
1,Popularidade,principal,763,114,1534,9,incluido,0.2
1,Popularidade,principal,764,79,1569,20,incluido,0.2
1,Popularidade,principal,765,22,1626,1,incluido,0.0
1,Popularidade,principal,766,136,1512,14,incluido,0.2
1,Popularidade,principal,767,32,1616,5,incluido,0.1
1,Popularidade,principal,768,51,1597,8,incluido,0.2
1,Popularidade,principal,769,26,1622,0,sem_relevante_elegivel,
1,Popularidade,principal,770,49,1599,14,incluido,0.2
1,Popularidade,principal,771,55,1593,12,incluido,0.3
1,Popularidade,principal,772,21,1627,9,incluido,0.0
1,Popularidade,principal,773,130,1518,18,incluido,0.0
1,Popularidade,principal,774,180,1468,7,incluido,0.1
1,Popularidade,principal,775,24,1624,2,incluido,0.1
1,Popularidade,principal,776,80,1568,12,incluido,0.0
1,Popularidade,principal,777,30,1618,6,incluido,0.1
1,Popularidade,principal,778,55,1593,6,incluido,0.0
1,Popularidade,principal,779,35,1613,2,incluido,0.0
1,Popularidade,principal,780,48,1600,3,incluido,0.0
1,Popularidade,principal,781,37,1611,4,incluido,0.0
1,Popularidade,principal,782,192,1456,8,incluido,0.1
1,Popularidade,principal,783,26,1622,2,incluido,0.0
1,Popularidade,principal,784,33,1615,4,incluido,0.0
1,Popularidade,principal,785,25,1623,2,incluido,0.1
1,Popularidade,principal,786,99,1549,14,incluido,0.1
1,Popularidade,principal,787,45,1603,6,incluido,0.1
1,Popularidade,principal,788,206,1442,22,incluido,0.5
1,Popularidade,principal,789,24,1624,5,incluido,0.1
1,Popularidade,principal,790,191,1457,12,incluido,0.2
1,Popularidade,principal,791,18,1630,3,incluido,0.1
1,Popularidade,principal,792,41,1607,2,incluido,0.0
1,Popularidade,principal,793,46,1602,3,incluido,0.1
1,Popularidade,principal,794,32,1616,6,incluido,0.1
1,Popularidade,principal,795,114,1534,16,incluido,0.1
1,Popularidade,principal,796,284,1364,45,incluido,0.6
1,Popularidade,principal,797,24,1624,0,sem_relevante_elegivel,
1,Popularidade,principal,798,191,1457,20,incluido,0.2
1,Popularidade,principal,799,19,1629,5,incluido,0.1
1,Popularidade,principal,800,19,1629,6,incluido,0.2
1,Popularidade,principal,801,19,1629,4,incluido,0.1
1,Popularidade,principal,802,56,1592,8,incluido,0.1
1,Popularidade,principal,803,23,1625,7,incluido,0.1
1,Popularidade,principal,804,261,1387,45,incluido,0.3
1,Popularidade,principal,805,223,1425,23,incluido,0.0
1,Popularidade,principal,806,103,1545,18,incluido,0.2
1,Popularidade,principal,807,160,1488,32,incluido,0.2
1,Popularidade,principal,808,20,1628,3,incluido,0.1
1,Popularidade,principal,809,17,1631,2,incluido,0.1
1,Popularidade,principal,810,25,1623,1,incluido,0.1
1,Popularidade,principal,811,17,1631,2,incluido,0.1
1,Popularidade,principal,812,16,1632,1,incluido,0.0
1,Popularidade,principal,813,25,1623,2,incluido,0.0
1,Popularidade,principal,814,27,1621,2,incluido,0.0
1,Popularidade,principal,815,144,1504,28,incluido,0.3
1,Popularidade,principal,816,22,1626,3,incluido,0.0
1,Popularidade,principal,817,32,1616,3,incluido,0.1
1,Popularidade,principal,818,18,1630,2,incluido,0.1
1,Popularidade,principal,819,25,1623,3,incluido,0.1
1,Popularidade,principal,820,14,1634,2,incluido,0.1
1,Popularidade,principal,821,45,1603,15,incluido,0.2
1,Popularidade,principal,822,17,1631,7,incluido,0.1
1,Popularidade,principal,823,151,1497,25,incluido,0.4
1,Popularidade,principal,824,16,1632,1,incluido,0.0
1,Popularidade,principal,825,120,1528,19,incluido,0.2
1,Popularidade,principal,826,100,1548,9,incluido,0.1
1,Popularidade,principal,827,23,1625,1,incluido,0.0
1,Popularidade,principal,828,89,1559,11,incluido,0.1
1,Popularidade,principal,829,51,1597,9,incluido,0.0
1,Popularidade,principal,830,78,1570,16,incluido,0.2
1,Popularidade,principal,831,57,1591,10,incluido,0.2
1,Popularidade,principal,832,20,1628,2,incluido,0.1
1,Popularidade,principal,833,214,1434,22,incluido,0.0
1,Popularidade,principal,834,46,1602,6,incluido,0.1
1,Popularidade,principal,835,81,1567,16,incluido,0.0
1,Popularidade,principal,836,42,1606,5,incluido,0.1
1,Popularidade,principal,837,41,1607,1,incluido,0.0
1,Popularidade,principal,838,76,1572,14,incluido,0.4
1,Popularidade,principal,839,46,1602,3,incluido,0.0
1,Popularidade,principal,840,157,1491,33,incluido,0.1
1,Popularidade,principal,841,23,1625,7,incluido,0.0
1,Popularidade,principal,842,20,1628,4,incluido,0.0
1,Popularidade,principal,843,157,1491,10,incluido,0.1
1,Popularidade,principal,844,64,1584,8,incluido,0.0
1,Popularidade,principal,845,26,1622,3,incluido,0.1
1,Popularidade,principal,846,322,1326,51,incluido,0.1
1,Popularidade,principal,847,114,1534,12,incluido,0.1
1,Popularidade,principal,848,119,1529,23,incluido,0.0
1,Popularidade,principal,849,16,1632,7,incluido,0.2
1,Popularidade,principal,850,36,1612,15,incluido,0.2
1,Popularidade,principal,851,170,1478,17,incluido,0.1
1,Popularidade,principal,852,48,1600,0,sem_relevante_elegivel,
1,Popularidade,principal,853,35,1613,1,incluido,0.0
1,Popularidade,principal,854,165,1483,21,incluido,0.4
1,Popularidade,principal,855,14,1634,5,incluido,0.0
1,Popularidade,principal,856,20,1628,4,incluido,0.1
1,Popularidade,principal,857,17,1631,3,incluido,0.0
1,Popularidade,principal,858,17,1631,2,incluido,0.0
1,Popularidade,principal,859,33,1615,5,incluido,0.0
1,Popularidade,principal,860,54,1594,6,incluido,0.0
1,Popularidade,principal,861,37,1611,4,incluido,0.0
1,Popularidade,principal,862,135,1513,25,incluido,0.3
1,Popularidade,principal,863,88,1560,6,incluido,0.0
1,Popularidade,principal,864,225,1423,47,incluido,0.6
1,Popularidade,principal,865,46,1602,5,incluido,0.1
1,Popularidade,principal,866,17,1631,1,incluido,0.0
1,Popularidade,principal,867,68,1580,20,incluido,0.4
1,Popularidade,principal,868,160,1488,19,incluido,0.2
1,Popularidade,principal,869,38,1610,6,incluido,0.1
1,Popularidade,principal,870,215,1433,33,incluido,0.4
1,Popularidade,principal,871,85,1563,10,incluido,0.3
1,Popularidade,principal,872,53,1595,11,incluido,0.1
1,Popularidade,principal,873,13,1635,4,incluido,0.1
1,Popularidade,principal,874,27,1621,6,incluido,0.2
1,Popularidade,principal,875,64,1584,21,incluido,0.2
1,Popularidade,principal,876,17,1631,3,incluido,0.2
1,Popularidade,principal,877,65,1583,14,incluido,0.0
1,Popularidade,principal,878,109,1539,13,incluido,0.0
1,Popularidade,principal,879,23,1625,3,incluido,0.0
1,Popularidade,principal,880,316,1332,27,incluido,0.5
1,Popularidade,principal,881,213,1435,23,incluido,0.1
1,Popularidade,principal,882,107,1541,22,incluido,0.4
1,Popularidade,principal,883,207,1441,45,incluido,0.3
1,Popularidade,principal,884,38,1610,4,incluido,0.0
1,Popularidade,principal,885,79,1569,5,incluido,0.0
1,Popularidade,principal,886,197,1451,26,incluido,0.5
1,Popularidade,principal,887,132,1516,23,incluido,0.3
1,Popularidade,principal,888,17,1631,3,incluido,0.0
1,Popularidade,principal,889,264,1384,30,incluido,0.2
1,Popularidade,principal,890,94,1554,13,incluido,0.2
1,Popularidade,principal,891,38,1610,7,incluido,0.2
1,Popularidade,principal,892,175,1473,38,incluido,0.7
1,Popularidade,principal,893,49,1599,6,incluido,0.0
1,Popularidade,principal,894,201,1447,33,incluido,0.2
1,Popularidade,principal,895,16,1632,3,incluido,0.1
1,Popularidade,principal,896,286,1362,20,incluido,0.4
1,Popularidade,principal,897,152,1496,20,incluido,0.1
1,Popularidade,principal,898,26,1622,2,incluido,0.0
1,Popularidade,principal,899,104,1544,19,incluido,0.2
1,Popularidade,principal,900,34,1614,2,incluido,0.1
1,Popularidade,principal,901,97,1551,17,incluido,0.2
1,Popularidade,principal,902,40,1608,4,incluido,0.1
1,Popularidade,principal,903,111,1537,18,incluido,0.0
1,Popularidade,principal,904,37,1611,6,incluido,0.1
1,Popularidade,principal,905,33,1615,2,incluido,0.0
1,Popularidade,principal,906,37,1611,2,incluido,0.0
1,Popularidade,principal,907,117,1531,29,incluido,0.2
1,Popularidade,principal,908,56,1592,7,incluido,0.2
1,Popularidade,principal,909,21,1627,5,incluido,0.0
1,Popularidade,principal,910,46,1602,8,incluido,0.4
1,Popularidade,principal,911,75,1573,15,incluido,0.0
1,Popularidade,principal,912,42,1606,8,incluido,0.0
1,Popularidade,principal,913,101,1547,17,incluido,0.5
1,Popularidade,principal,914,18,1630,1,incluido,0.0
1,Popularidade,principal,915,22,1626,1,incluido,0.0
1,Popularidade,principal,916,254,1394,29,incluido,0.5
1,Popularidade,principal,917,29,1619,1,incluido,0.0
1,Popularidade,principal,918,86,1562,10,incluido,0.0
1,Popularidade,principal,919,177,1471,21,incluido,0.4
1,Popularidade,principal,920,17,1631,1,incluido,0.0
1,Popularidade,principal,921,91,1557,8,incluido,0.0
1,Popularidade,principal,922,100,1548,10,incluido,0.2
1,Popularidade,principal,923,60,1588,12,incluido,0.3
1,Popularidade,principal,924,61,1587,13,incluido,0.2
1,Popularidade,principal,925,23,1625,4,incluido,0.0
1,Popularidade,principal,926,14,1634,1,incluido,0.0
1,Popularidade,principal,927,102,1546,10,incluido,0.0
1,Popularidade,principal,928,25,1623,7,incluido,0.0
1,Popularidade,principal,929,43,1605,2,incluido,0.0
1,Popularidade,principal,930,50,1598,4,incluido,0.1
1,Popularidade,principal,931,50,1598,8,incluido,0.0
1,Popularidade,principal,932,198,1450,28,incluido,0.2
1,Popularidade,principal,933,154,1494,10,incluido,0.3
1,Popularidade,principal,934,143,1505,23,incluido,0.1
1,Popularidade,principal,935,35,1613,2,incluido,0.0
1,Popularidade,principal,936,104,1544,21,incluido,0.1
1,Popularidade,principal,937,32,1616,5,incluido,0.0
1,Popularidade,principal,938,88,1560,10,incluido,0.2
1,Popularidade,principal,939,41,1607,6,incluido,0.0
1,Popularidade,principal,940,83,1565,11,incluido,0.3
1,Popularidade,principal,941,20,1628,2,incluido,0.1
1,Popularidade,principal,942,61,1587,14,incluido,0.1
1,Popularidade,principal,943,134,1514,18,incluido,0.3
2,Popularidade,principal,1,220,1426,30,incluido,0.3
2,Popularidade,principal,2,51,1595,8,incluido,0.2
2,Popularidade,principal,3,46,1600,3,incluido,0.0
2,Popularidade,principal,4,20,1626,3,incluido,0.1
2,Popularidade,principal,5,136,1510,16,incluido,0.2
2,Popularidade,principal,6,171,1475,20,incluido,0.0
2,Popularidade,principal,7,320,1326,55,incluido,0.5
2,Popularidade,principal,8,40,1606,12,incluido,0.2
2,Popularidade,principal,9,20,1626,1,incluido,0.0
2,Popularidade,principal,10,148,1498,35,incluido,0.3
2,Popularidade,principal,11,153,1493,14,incluido,0.1
2,Popularidade,principal,12,42,1604,9,incluido,0.2
2,Popularidade,principal,13,508,1138,56,incluido,0.7
2,Popularidade,principal,14,74,1572,18,incluido,0.2
2,Popularidade,principal,15,80,1566,8,incluido,0.1
2,Popularidade,principal,16,114,1532,20,incluido,0.1
2,Popularidade,principal,17,26,1620,0,sem_relevante_elegivel,
2,Popularidade,principal,18,214,1432,36,incluido,0.1
2,Popularidade,principal,19,15,1631,1,incluido,0.0
2,Popularidade,principal,20,42,1604,2,incluido,0.0
2,Popularidade,principal,21,133,1513,12,incluido,0.1
2,Popularidade,principal,22,91,1555,20,incluido,0.2
2,Popularidade,principal,23,109,1537,27,incluido,0.4
2,Popularidade,principal,24,56,1590,10,incluido,0.3
2,Popularidade,principal,25,62,1584,15,incluido,0.2
2,Popularidade,principal,26,89,1557,3,incluido,0.0
2,Popularidade,principal,27,20,1626,0,sem_relevante_elegivel,
2,Popularidade,principal,28,62,1584,11,incluido,0.1
2,Popularidade,principal,29,32,1614,2,incluido,0.1
2,Popularidade,principal,30,34,1612,4,incluido,0.2
2,Popularidade,principal,31,30,1616,5,incluido,0.0
2,Popularidade,principal,32,38,1608,2,incluido,0.0
2,Popularidade,principal,33,24,1622,0,sem_relevante_elegivel,
2,Popularidade,principal,34,19,1627,1,incluido,0.0
2,Popularidade,principal,35,20,1626,4,incluido,0.1
2,Popularidade,principal,36,17,1629,2,incluido,0.0
2,Popularidade,principal,37,43,1603,9,incluido,0.2
2,Popularidade,principal,38,101,1545,12,incluido,0.0
2,Popularidade,principal,39,19,1627,1,incluido,0.0
2,Popularidade,principal,40,29,1617,2,incluido,0.0
2,Popularidade,principal,41,38,1608,11,incluido,0.2
2,Popularidade,principal,42,154,1492,21,incluido,0.2
2,Popularidade,principal,43,180,1466,29,incluido,0.6
2,Popularidade,principal,44,127,1519,15,incluido,0.1
2,Popularidade,principal,45,35,1611,8,incluido,0.2
2,Popularidade,principal,46,24,1622,2,incluido,0.0
2,Popularidade,principal,47,18,1628,6,incluido,0.0
2,Popularidade,principal,48,55,1591,7,incluido,0.1
2,Popularidade,principal,49,181,1465,11,incluido,0.1
2,Popularidade,principal,50,20,1626,1,incluido,0.0
2,Popularidade,principal,51,18,1628,3,incluido,0.0
2,Popularidade,principal,52,41,1605,13,incluido,0.2
2,Popularidade,principal,53,23,1623,5,incluido,0.1
2,Popularidade,principal,54,53,1593,8,incluido,0.4
2,Popularidade,principal,55,11,1635,5,incluido,0.1
2,Popularidade,principal,56,154,1492,18,incluido,0.2
2,Popularidade,principal,57,86,1560,10,incluido,0.2
2,Popularidade,principal,58,122,1524,20,incluido,0.4
2,Popularidade,principal,59,320,1326,44,incluido,0.2
2,Popularidade,principal,60,169,1477,30,incluido,0.2
2,Popularidade,principal,61,15,1631,2,incluido,0.0
2,Popularidade,principal,62,191,1455,18,incluido,0.5
2,Popularidade,principal,63,70,1576,7,incluido,0.0
2,Popularidade,principal,64,153,1493,30,incluido,0.4
2,Popularidade,principal,65,62,1584,14,incluido,0.1
2,Popularidade,principal,66,27,1619,6,incluido,0.4
2,Popularidade,principal,67,25,1621,1,incluido,0.0
2,Popularidade,principal,68,28,1618,3,incluido,0.3
2,Popularidade,principal,69,49,1597,9,incluido,0.2
2,Popularidade,principal,70,101,1545,14,incluido,0.3
2,Popularidade,principal,71,30,1616,7,incluido,0.1
2,Popularidade,principal,72,107,1539,27,incluido,0.1
2,Popularidade,principal,73,58,1588,6,incluido,0.1
2,Popularidade,principal,74,30,1616,5,incluido,0.1
2,Popularidade,principal,75,62,1584,7,incluido,0.0
2,Popularidade,principal,76,68,1578,10,incluido,0.2
2,Popularidade,principal,77,51,1595,11,incluido,0.1
2,Popularidade,principal,78,17,1629,2,incluido,0.0
2,Popularidade,principal,79,46,1600,7,incluido,0.2
2,Popularidade,principal,80,22,1624,6,incluido,0.0
2,Popularidade,principal,81,52,1594,1,incluido,0.0
2,Popularidade,principal,82,137,1509,16,incluido,0.1
2,Popularidade,principal,83,120,1526,21,incluido,0.1
2,Popularidade,principal,84,54,1592,12,incluido,0.2
2,Popularidade,principal,85,226,1420,42,incluido,0.5
2,Popularidade,principal,86,20,1626,2,incluido,0.0
2,Popularidade,principal,87,150,1496,35,incluido,0.3
2,Popularidade,principal,88,16,1630,4,incluido,0.0
2,Popularidade,principal,89,57,1589,14,incluido,0.2
2,Popularidade,principal,90,234,1412,53,incluido,0.2
2,Popularidade,principal,91,82,1564,10,incluido,0.2
2,Popularidade,principal,92,317,1329,24,incluido,0.4
2,Popularidade,principal,93,15,1631,3,incluido,0.1
2,Popularidade,principal,94,319,1327,49,incluido,0.4
2,Popularidade,principal,95,220,1426,27,incluido,0.3
2,Popularidade,principal,96,47,1599,7,incluido,0.0
2,Popularidade,principal,97,48,1598,13,incluido,0.1
2,Popularidade,principal,98,22,1624,1,incluido,0.0
2,Popularidade,principal,99,106,1540,17,incluido,0.5
2,Popularidade,principal,100,45,1601,6,incluido,0.2
2,Popularidade,principal,101,50,1596,4,incluido,0.1
2,Popularidade,principal,102,175,1471,7,incluido,0.1
2,Popularidade,principal,103,24,1622,2,incluido,0.1
2,Popularidade,principal,104,80,1566,9,incluido,0.1
2,Popularidade,principal,105,22,1624,1,incluido,0.0
2,Popularidade,principal,106,55,1591,5,incluido,0.1
2,Popularidade,principal,107,14,1632,3,incluido,0.0
2,Popularidade,principal,108,24,1622,7,incluido,0.3
2,Popularidade,principal,109,185,1461,22,incluido,0.7
2,Popularidade,principal,110,109,1537,6,incluido,0.0
2,Popularidade,principal,111,20,1626,3,incluido,0.1
2,Popularidade,principal,112,39,1607,4,incluido,0.0
2,Popularidade,principal,113,39,1607,6,incluido,0.0
2,Popularidade,principal,114,39,1607,6,incluido,0.0
2,Popularidade,principal,115,75,1571,12,incluido,0.3
2,Popularidade,principal,116,115,1531,7,incluido,0.0
2,Popularidade,principal,117,66,1580,13,incluido,0.5
2,Popularidade,principal,118,50,1596,20,incluido,0.1
2,Popularidade,principal,119,150,1496,22,incluido,0.2
2,Popularidade,principal,120,21,1625,3,incluido,0.1
2,Popularidade,principal,121,62,1584,6,incluido,0.2
2,Popularidade,principal,122,52,1594,7,incluido,0.0
2,Popularidade,principal,123,46,1600,8,incluido,0.2
2,Popularidade,principal,124,19,1627,4,incluido,0.0
2,Popularidade,principal,125,151,1495,16,incluido,0.1
2,Popularidade,principal,126,32,1614,10,incluido,0.2
2,Popularidade,principal,127,20,1626,2,incluido,0.1
2,Popularidade,principal,128,141,1505,25,incluido,0.2
2,Popularidade,principal,129,24,1622,3,incluido,0.0
2,Popularidade,principal,130,278,1368,51,incluido,0.6
2,Popularidade,principal,131,23,1623,5,incluido,0.1
2,Popularidade,principal,132,19,1627,2,incluido,0.0
2,Popularidade,principal,133,21,1625,1,incluido,0.1
2,Popularidade,principal,134,20,1626,3,incluido,0.0
2,Popularidade,principal,135,43,1603,3,incluido,0.0
2,Popularidade,principal,136,28,1618,7,incluido,0.2
2,Popularidade,principal,137,37,1609,6,incluido,0.1
2,Popularidade,principal,138,40,1606,9,incluido,0.1
2,Popularidade,principal,139,17,1629,3,incluido,0.1
2,Popularidade,principal,140,15,1631,2,incluido,0.0
2,Popularidade,principal,141,93,1553,7,incluido,0.1
2,Popularidade,principal,142,26,1620,3,incluido,0.0
2,Popularidade,principal,143,17,1629,2,incluido,0.0
2,Popularidade,principal,144,169,1477,25,incluido,0.4
2,Popularidade,principal,145,260,1386,28,incluido,0.1
2,Popularidade,principal,146,23,1623,2,incluido,0.0
2,Popularidade,principal,147,18,1628,2,incluido,0.0
2,Popularidade,principal,148,54,1592,9,incluido,0.3
2,Popularidade,principal,149,32,1614,2,incluido,0.0
2,Popularidade,principal,150,27,1619,3,incluido,0.1
2,Popularidade,principal,151,242,1404,49,incluido,0.6
2,Popularidade,principal,152,78,1568,26,incluido,0.0
2,Popularidade,principal,153,21,1625,0,sem_relevante_elegivel,
2,Popularidade,principal,154,38,1608,12,incluido,0.1
2,Popularidade,principal,155,16,1630,1,incluido,0.1
2,Popularidade,principal,156,29,1617,5,incluido,0.0
2,Popularidade,principal,157,37,1609,8,incluido,0.1
2,Popularidade,principal,158,139,1507,25,incluido,0.4
2,Popularidade,principal,159,90,1556,10,incluido,0.0
2,Popularidade,principal,160,98,1548,19,incluido,0.2
2,Popularidade,principal,161,47,1599,0,sem_relevante_elegivel,
2,Popularidade,principal,162,31,1615,4,incluido,0.1
2,Popularidade,principal,163,19,1627,1,incluido,0.0
2,Popularidade,principal,164,52,1594,8,incluido,0.1
2,Popularidade,principal,165,25,1621,4,incluido,0.0
2,Popularidade,principal,166,16,1630,2,incluido,0.0
2,Popularidade,principal,167,51,1595,11,incluido,0.0
2,Popularidade,principal,168,59,1587,5,incluido,0.0
2,Popularidade,principal,169,29,1617,5,incluido,0.3
2,Popularidade,principal,170,18,1628,2,incluido,0.0
2,Popularidade,principal,171,22,1624,3,incluido,0.0
2,Popularidade,principal,172,21,1625,1,incluido,0.0
2,Popularidade,principal,173,38,1608,4,incluido,0.0
2,Popularidade,principal,174,144,1502,22,incluido,0.0
2,Popularidade,principal,175,32,1614,5,incluido,0.1
2,Popularidade,principal,176,50,1596,7,incluido,0.1
2,Popularidade,principal,177,86,1560,19,incluido,0.3
2,Popularidade,principal,178,216,1430,34,incluido,0.6
2,Popularidade,principal,179,34,1612,4,incluido,0.0
2,Popularidade,principal,180,50,1596,10,incluido,0.2
2,Popularidade,principal,181,352,1294,4,incluido,0.2
2,Popularidade,principal,182,23,1623,4,incluido,0.1
2,Popularidade,principal,183,41,1605,4,incluido,0.0
2,Popularidade,principal,184,218,1428,16,incluido,0.1
2,Popularidade,principal,185,34,1612,13,incluido,0.2
2,Popularidade,principal,186,80,1566,5,incluido,0.1
2,Popularidade,principal,187,46,1600,7,incluido,0.0
2,Popularidade,principal,188,95,1551,12,incluido,0.3
2,Popularidade,principal,189,137,1509,35,incluido,0.2
2,Popularidade,principal,190,51,1595,3,incluido,0.0
2,Popularidade,principal,191,21,1625,2,incluido,0.0
2,Popularidade,principal,192,25,1621,7,incluido,0.2
2,Popularidade,principal,193,96,1550,11,incluido,0.2
2,Popularidade,principal,194,239,1407,23,incluido,0.2
2,Popularidade,principal,195,79,1567,8,incluido,0.2
2,Popularidade,principal,196,26,1620,8,incluido,0.1
2,Popularidade,principal,197,100,1546,7,incluido,0.0
2,Popularidade,principal,198,155,1491,12,incluido,0.3
2,Popularidade,principal,199,33,1613,4,incluido,0.1
2,Popularidade,principal,200,177,1469,27,incluido,0.4
2,Popularidade,principal,201,297,1349,32,incluido,0.5
2,Popularidade,principal,202,16,1630,2,incluido,0.1
2,Popularidade,principal,203,34,1612,2,incluido,0.1
2,Popularidade,principal,204,29,1617,9,incluido,0.0
2,Popularidade,principal,205,20,1626,1,incluido,0.0
2,Popularidade,principal,206,54,1592,0,sem_relevante_elegivel,
2,Popularidade,principal,207,191,1455,17,incluido,0.0
2,Popularidade,principal,208,27,1619,6,incluido,0.0
2,Popularidade,principal,209,23,1623,5,incluido,0.1
2,Popularidade,principal,210,95,1551,32,incluido,0.3
2,Popularidade,principal,211,29,1617,2,incluido,0.0
2,Popularidade,principal,212,20,1626,3,incluido,0.1
2,Popularidade,principal,213,105,1541,19,incluido,0.2
2,Popularidade,principal,214,107,1539,14,incluido,0.2
2,Popularidade,principal,215,79,1567,11,incluido,0.2
2,Popularidade,principal,216,104,1542,18,incluido,0.2
2,Popularidade,principal,217,67,1579,6,incluido,0.1
2,Popularidade,principal,218,44,1602,4,incluido,0.0
2,Popularidade,principal,219,19,1627,7,incluido,0.1
2,Popularidade,principal,220,19,1627,3,incluido,0.0
2,Popularidade,principal,221,122,1524,16,incluido,0.2
2,Popularidade,principal,222,307,1339,26,incluido,0.3
2,Popularidade,principal,223,82,1564,10,incluido,0.1
2,Popularidade,principal,224,107,1539,10,incluido,0.0
2,Popularidade,principal,225,18,1628,8,incluido,0.0
2,Popularidade,principal,226,34,1612,11,incluido,0.0
2,Popularidade,principal,227,44,1602,9,incluido,0.2
2,Popularidade,principal,228,19,1627,1,incluido,0.0
2,Popularidade,principal,229,27,1619,2,incluido,0.1
2,Popularidade,principal,230,106,1540,15,incluido,0.0
2,Popularidade,principal,231,20,1626,1,incluido,0.0
2,Popularidade,principal,232,73,1573,14,incluido,0.0
2,Popularidade,principal,233,83,1563,24,incluido,0.2
2,Popularidade,principal,234,395,1251,27,incluido,0.3
2,Popularidade,principal,235,75,1571,17,incluido,0.1
2,Popularidade,principal,236,105,1541,12,incluido,0.1
2,Popularidade,principal,237,34,1612,12,incluido,0.0
2,Popularidade,principal,238,22,1624,5,incluido,0.2
2,Popularidade,principal,239,122,1524,30,incluido,0.0
2,Popularidade,principal,240,22,1624,2,incluido,0.0
2,Popularidade,principal,241,19,1627,3,incluido,0.0
2,Popularidade,principal,242,15,1631,5,incluido,0.0
2,Popularidade,principal,243,64,1582,12,incluido,0.1
2,Popularidade,principal,244,192,1454,29,incluido,0.3
2,Popularidade,principal,245,15,1631,3,incluido,0.1
2,Popularidade,principal,246,161,1485,11,incluido,0.0
2,Popularidade,principal,247,22,1624,2,incluido,0.0
2,Popularidade,principal,248,45,1601,4,incluido,0.1
2,Popularidade,principal,249,129,1517,23,incluido,0.4
2,Popularidade,principal,250,103,1543,13,incluido,0.1
2,Popularidade,principal,251,60,1586,9,incluido,0.3
2,Popularidade,principal,252,16,1630,4,incluido,0.1
2,Popularidade,principal,253,82,1564,11,incluido,0.1
2,Popularidade,principal,254,130,1516,8,incluido,0.0
2,Popularidade,principal,255,64,1582,7,incluido,0.1
2,Popularidade,principal,256,162,1484,32,incluido,0.2
2,Popularidade,principal,257,46,1600,10,incluido,0.1
2,Popularidade,principal,258,18,1628,4,incluido,0.1
2,Popularidade,principal,259,35,1611,9,incluido,0.1
2,Popularidade,principal,260,21,1625,3,incluido,0.0
2,Popularidade,principal,261,20,1626,6,incluido,0.0
2,Popularidade,principal,262,131,1515,8,incluido,0.0
2,Popularidade,principal,263,97,1549,17,incluido,0.1
2,Popularidade,principal,264,107,1539,7,incluido,0.1
2,Popularidade,principal,265,38,1608,6,incluido,0.2
2,Popularidade,principal,266,21,1625,1,incluido,0.0
2,Popularidade,principal,267,148,1498,27,incluido,0.3
2,Popularidade,principal,268,266,1380,25,incluido,0.2
2,Popularidade,principal,269,261,1385,25,incluido,0.1
2,Popularidade,principal,270,109,1537,28,incluido,0.1
2,Popularidade,principal,271,229,1417,26,incluido,0.1
2,Popularidade,principal,272,39,1607,11,incluido,0.0
2,Popularidade,principal,273,19,1627,1,incluido,0.0
2,Popularidade,principal,274,60,1586,9,incluido,0.1
2,Popularidade,principal,275,74,1572,6,incluido,0.3
2,Popularidade,principal,276,427,1219,46,incluido,0.7
2,Popularidade,principal,277,40,1606,8,incluido,0.1
2,Popularidade,principal,278,19,1627,4,incluido,0.2
2,Popularidade,principal,279,348,1298,41,incluido,0.2
2,Popularidade,principal,280,198,1448,29,incluido,0.1
2,Popularidade,principal,281,21,1625,3,incluido,0.1
2,Popularidade,principal,282,18,1628,3,incluido,0.0
2,Popularidade,principal,283,45,1601,8,incluido,0.1
2,Popularidade,principal,284,41,1605,1,incluido,0.0
2,Popularidade,principal,285,29,1617,2,incluido,0.0
2,Popularidade,principal,286,239,1407,30,incluido,0.0
2,Popularidade,principal,287,47,1599,9,incluido,0.1
2,Popularidade,principal,288,62,1584,11,incluido,0.1
2,Popularidade,principal,289,22,1624,1,incluido,0.0
2,Popularidade,principal,290,121,1525,7,incluido,0.0
2,Popularidade,principal,291,235,1411,39,incluido,0.3
2,Popularidade,principal,292,107,1539,14,incluido,0.1
2,Popularidade,principal,293,301,1345,27,incluido,0.2
2,Popularidade,principal,294,124,1522,14,incluido,0.3
2,Popularidade,principal,295,153,1493,42,incluido,0.3
2,Popularidade,principal,296,125,1521,19,incluido,0.3
2,Popularidade,principal,297,154,1492,21,incluido,0.3
2,Popularidade,principal,298,103,1543,18,incluido,0.2
2,Popularidade,principal,299,216,1430,35,incluido,0.4
2,Popularidade,principal,300,17,1629,3,incluido,0.1
2,Popularidade,principal,301,215,1431,36,incluido,0.5
2,Popularidade,principal,302,16,1630,0,sem_relevante_elegivel,
2,Popularidade,principal,303,385,1261,58,incluido,0.9
2,Popularidade,principal,304,23,1623,1,incluido,0.0
2,Popularidade,principal,305,175,1471,24,incluido,0.4
2,Popularidade,principal,306,22,1624,7,incluido,0.1
2,Popularidade,principal,307,91,1555,14,incluido,0.2
2,Popularidade,principal,308,323,1323,51,incluido,0.2
2,Popularidade,principal,309,14,1632,2,incluido,0.0
2,Popularidade,principal,310,14,1632,4,incluido,0.0
2,Popularidade,principal,311,236,1410,40,incluido,0.5
2,Popularidade,principal,312,190,1456,26,incluido,0.0
2,Popularidade,principal,313,212,1434,30,incluido,0.1
2,Popularidade,principal,314,203,1443,26,incluido,0.0
2,Popularidade,principal,315,66,1580,13,incluido,0.1
2,Popularidade,principal,316,61,1585,7,incluido,0.1
2,Popularidade,principal,317,18,1628,2,incluido,0.1
2,Popularidade,principal,318,135,1511,29,incluido,0.1
2,Popularidade,principal,319,18,1628,3,incluido,0.0
2,Popularidade,principal,320,131,1515,14,incluido,0.3
2,Popularidade,principal,321,99,1547,15,incluido,0.1
2,Popularidade,principal,322,40,1606,10,incluido,0.0
2,Popularidade,principal,323,72,1574,12,incluido,0.3
2,Popularidade,principal,324,57,1589,8,incluido,0.0
2,Popularidade,principal,325,111,1535,17,incluido,0.1
2,Popularidade,principal,326,144,1502,22,incluido,0.2
2,Popularidade,principal,327,226,1420,35,incluido,0.4
2,Popularidade,principal,328,227,1419,30,incluido,0.4
2,Popularidade,principal,329,52,1594,6,incluido,0.0
2,Popularidade,principal,330,122,1524,21,incluido,0.2
2,Popularidade,principal,331,56,1590,8,incluido,0.2
2,Popularidade,principal,332,146,1500,26,incluido,0.7
2,Popularidade,principal,333,23,1623,1,incluido,0.0
2,Popularidade,principal,334,257,1389,44,incluido,0.6
2,Popularidade,principal,335,13,1633,6,incluido,0.0
2,Popularidade,principal,336,107,1539,5,incluido,0.0
2,Popularidade,principal,337,24,1622,6,incluido,0.1
2,Popularidade,principal,338,62,1584,10,incluido,0.1
2,Popularidade,principal,339,197,1449,40,incluido,0.3
2,Popularidade,principal,340,38,1608,6,incluido,0.1
2,Popularidade,principal,341,17,1629,3,incluido,0.0
2,Popularidade,principal,342,165,1481,18,incluido,0.0
2,Popularidade,principal,343,197,1449,29,incluido,0.3
2,Popularidade,principal,344,150,1496,25,incluido,0.5
2,Popularidade,principal,345,179,1467,30,incluido,0.3
2,Popularidade,principal,346,156,1490,17,incluido,0.4
2,Popularidade,principal,347,161,1485,22,incluido,0.4
2,Popularidade,principal,348,48,1598,7,incluido,0.1
2,Popularidade,principal,349,37,1609,2,incluido,0.0
2,Popularidade,principal,350,38,1608,9,incluido,0.2
2,Popularidade,principal,351,33,1613,9,incluido,0.0
2,Popularidade,principal,352,39,1607,2,incluido,0.0
2,Popularidade,principal,353,21,1625,3,incluido,0.0
2,Popularidade,principal,354,186,1460,30,incluido,0.2
2,Popularidade,principal,355,22,1624,4,incluido,0.0
2,Popularidade,principal,356,19,1627,2,incluido,0.0
2,Popularidade,principal,357,59,1587,13,incluido,0.1
2,Popularidade,principal,358,34,1612,5,incluido,0.0
2,Popularidade,principal,359,23,1623,3,incluido,0.0
2,Popularidade,principal,360,80,1566,15,incluido,0.2
2,Popularidade,principal,361,102,1544,14,incluido,0.0
2,Popularidade,principal,362,21,1625,3,incluido,0.0
2,Popularidade,principal,363,247,1399,23,incluido,0.3
2,Popularidade,principal,364,18,1628,1,incluido,0.1
2,Popularidade,principal,365,52,1594,4,incluido,0.0
2,Popularidade,principal,366,25,1621,7,incluido,0.1
2,Popularidade,principal,367,46,1600,10,incluido,0.0
2,Popularidade,principal,368,37,1609,5,incluido,0.2
2,Popularidade,principal,369,16,1630,3,incluido,0.0
2,Popularidade,principal,370,62,1584,10,incluido,0.1
2,Popularidade,principal,371,41,1605,9,incluido,0.0
2,Popularidade,principal,372,52,1594,13,incluido,0.0
2,Popularidade,principal,373,189,1457,26,incluido,0.0
2,Popularidade,principal,374,218,1428,29,incluido,0.5
2,Popularidade,principal,375,24,1622,4,incluido,0.0
2,Popularidade,principal,376,25,1621,4,incluido,0.0
2,Popularidade,principal,377,23,1623,6,incluido,0.2
2,Popularidade,principal,378,312,1334,33,incluido,0.5
2,Popularidade,principal,379,161,1485,25,incluido,0.2
2,Popularidade,principal,380,125,1521,20,incluido,0.3
2,Popularidade,principal,381,107,1539,12,incluido,0.1
2,Popularidade,principal,382,46,1600,2,incluido,0.0
2,Popularidade,principal,383,54,1592,15,incluido,0.1
2,Popularidade,principal,384,17,1629,5,incluido,0.2
2,Popularidade,principal,385,224,1422,27,incluido,0.1
2,Popularidade,principal,386,16,1630,4,incluido,0.1
2,Popularidade,principal,387,234,1412,30,incluido,0.2
2,Popularidade,principal,388,40,1606,9,incluido,0.1
2,Popularidade,principal,389,215,1431,35,incluido,0.2
2,Popularidade,principal,390,23,1623,7,incluido,0.3
2,Popularidade,principal,391,95,1551,18,incluido,0.3
2,Popularidade,principal,392,95,1551,15,incluido,0.0
2,Popularidade,principal,393,348,1298,45,incluido,0.3
2,Popularidade,principal,394,123,1523,18,incluido,0.4
2,Popularidade,principal,395,47,1599,6,incluido,0.2
2,Popularidade,principal,396,42,1604,4,incluido,0.0
2,Popularidade,principal,397,85,1561,13,incluido,0.1
2,Popularidade,principal,398,134,1512,19,incluido,0.2
2,Popularidade,principal,399,255,1391,12,incluido,0.0
2,Popularidade,principal,400,17,1629,3,incluido,0.0
2,Popularidade,principal,401,119,1527,14,incluido,0.1
2,Popularidade,principal,402,56,1590,8,incluido,0.2
2,Popularidade,principal,403,43,1603,4,incluido,0.2
2,Popularidade,principal,404,35,1611,4,incluido,0.0
2,Popularidade,principal,405,602,1044,22,incluido,0.1
2,Popularidade,principal,406,277,1369,29,incluido,0.3
2,Popularidade,principal,407,167,1479,36,incluido,0.4
2,Popularidade,principal,408,23,1623,2,incluido,0.1
2,Popularidade,principal,409,156,1490,24,incluido,0.3
2,Popularidade,principal,410,22,1624,2,incluido,0.0
2,Popularidade,principal,411,46,1600,10,incluido,0.2
2,Popularidade,principal,412,41,1605,8,incluido,0.0
2,Popularidade,principal,413,39,1607,8,incluido,0.2
2,Popularidade,principal,414,19,1627,4,incluido,0.1
2,Popularidade,principal,415,17,1629,4,incluido,0.0
2,Popularidade,principal,416,389,1257,67,incluido,0.7
2,Popularidade,principal,417,291,1355,33,incluido,0.3
2,Popularidade,principal,418,17,1629,0,sem_relevante_elegivel,
2,Popularidade,principal,419,28,1618,4,incluido,0.1
2,Popularidade,principal,420,30,1616,5,incluido,0.1
2,Popularidade,principal,421,49,1597,9,incluido,0.2
2,Popularidade,principal,422,74,1572,9,incluido,0.3
2,Popularidade,principal,423,49,1597,9,incluido,0.0
2,Popularidade,principal,424,39,1607,3,incluido,0.0
2,Popularidade,principal,425,164,1482,14,incluido,0.3
2,Popularidade,principal,426,84,1562,14,incluido,0.0
2,Popularidade,principal,427,26,1620,4,incluido,0.0
2,Popularidade,principal,428,37,1609,15,incluido,0.1
2,Popularidade,principal,429,328,1318,47,incluido,0.3
2,Popularidade,principal,430,56,1590,4,incluido,0.2
2,Popularidade,principal,431,16,1630,3,incluido,0.0
2,Popularidade,principal,432,46,1600,11,incluido,0.5
2,Popularidade,principal,433,29,1617,5,incluido,0.1
2,Popularidade,principal,434,33,1613,7,incluido,0.1
2,Popularidade,principal,435,293,1353,38,incluido,0.2
2,Popularidade,principal,436,114,1532,18,incluido,0.0
2,Popularidade,principal,437,211,1435,30,incluido,0.1
2,Popularidade,principal,438,28,1618,4,incluido,0.1
2,Popularidade,principal,439,25,1621,3,incluido,0.1
2,Popularidade,principal,440,35,1611,12,incluido,0.0
2,Popularidade,principal,441,15,1631,2,incluido,0.0
2,Popularidade,principal,442,120,1526,8,incluido,0.2
2,Popularidade,principal,443,18,1628,2,incluido,0.0
2,Popularidade,principal,444,17,1629,4,incluido,0.1
2,Popularidade,principal,445,113,1533,4,incluido,0.0
2,Popularidade,principal,446,28,1618,2,incluido,0.0
2,Popularidade,principal,447,106,1540,19,incluido,0.5
2,Popularidade,principal,448,34,1612,3,incluido,0.0
2,Popularidade,principal,449,63,1583,9,incluido,0.1
2,Popularidade,principal,450,434,1212,78,incluido,0.6
2,Popularidade,principal,451,81,1565,5,incluido,0.0
2,Popularidade,principal,452,166,1480,19,incluido,0.2
2,Popularidade,principal,453,126,1520,12,incluido,0.2
2,Popularidade,principal,454,193,1453,10,incluido,0.1
2,Popularidade,principal,455,151,1495,22,incluido,0.4
2,Popularidade,principal,456,169,1477,23,incluido,0.1
2,Popularidade,principal,457,221,1425,46,incluido,0.5
2,Popularidade,principal,458,147,1499,25,incluido,0.1
2,Popularidade,principal,459,92,1554,13,incluido,0.4
2,Popularidade,principal,460,53,1593,10,incluido,0.2
2,Popularidade,principal,461,16,1630,3,incluido,0.0
2,Popularidade,principal,462,30,1616,2,incluido,0.1
2,Popularidade,principal,463,106,1540,13,incluido,0.2
2,Popularidade,principal,464,42,1604,8,incluido,0.1
2,Popularidade,principal,465,62,1584,11,incluido,0.4
2,Popularidade,principal,466,80,1566,11,incluido,0.3
2,Popularidade,principal,467,32,1614,6,incluido,0.1
2,Popularidade,principal,468,118,1528,18,incluido,0.2
2,Popularidade,principal,469,37,1609,6,incluido,0.0
2,Popularidade,principal,470,40,1606,9,incluido,0.3
2,Popularidade,principal,471,24,1622,2,incluido,0.0
2,Popularidade,principal,472,220,1426,34,incluido,0.5
2,Popularidade,principal,473,28,1618,4,incluido,0.0
2,Popularidade,principal,474,269,1377,42,incluido,0.5
2,Popularidade,principal,475,16,1630,2,incluido,0.0
2,Popularidade,principal,476,65,1581,7,incluido,0.0
2,Popularidade,principal,477,31,1615,4,incluido,0.1
2,Popularidade,principal,478,86,1560,13,incluido,0.1
2,Popularidade,principal,479,161,1485,20,incluido,0.2
2,Popularidade,principal,480,47,1599,12,incluido,0.0
2,Popularidade,principal,481,48,1598,6,incluido,0.0
2,Popularidade,principal,482,21,1625,2,incluido,0.0
2,Popularidade,principal,483,45,1601,4,incluido,0.0
2,Popularidade,principal,484,112,1534,22,incluido,0.4
2,Popularidade,principal,485,19,1627,3,incluido,0.0
2,Popularidade,principal,486,151,1495,13,incluido,0.2
2,Popularidade,principal,487,189,1457,24,incluido,0.3
2,Popularidade,principal,488,129,1517,9,incluido,0.0
2,Popularidade,principal,489,90,1556,15,incluido,0.2
2,Popularidade,principal,490,43,1603,4,incluido,0.2
2,Popularidade,principal,491,28,1618,3,incluido,0.1
2,Popularidade,principal,492,45,1601,5,incluido,0.1
2,Popularidade,principal,493,110,1536,14,incluido,0.3
2,Popularidade,principal,494,43,1603,2,incluido,0.2
2,Popularidade,principal,495,169,1477,28,incluido,0.1
2,Popularidade,principal,496,98,1548,8,incluido,0.1
2,Popularidade,principal,497,220,1426,27,incluido,0.5
2,Popularidade,principal,498,119,1527,12,incluido,0.0
2,Popularidade,principal,499,82,1564,12,incluido,0.1
2,Popularidade,principal,500,185,1461,20,incluido,0.3
2,Popularidade,principal,501,56,1590,11,incluido,0.1
2,Popularidade,principal,502,30,1616,3,incluido,0.0
2,Popularidade,principal,503,134,1512,21,incluido,0.2
2,Popularidade,principal,504,199,1447,33,incluido,0.2
2,Popularidade,principal,505,87,1559,8,incluido,0.2
2,Popularidade,principal,506,187,1459,36,incluido,0.1
2,Popularidade,principal,507,48,1598,9,incluido,0.1
2,Popularidade,principal,508,73,1573,7,incluido,0.2
2,Popularidade,principal,509,23,1623,1,incluido,0.0
2,Popularidade,principal,510,24,1622,1,incluido,0.0
2,Popularidade,principal,511,16,1630,5,incluido,0.0
2,Popularidade,principal,512,19,1627,2,incluido,0.0
2,Popularidade,principal,513,21,1625,1,incluido,0.0
2,Popularidade,principal,514,148,1498,32,incluido,0.3
2,Popularidade,principal,515,34,1612,3,incluido,0.0
2,Popularidade,principal,516,15,1631,4,incluido,0.0
2,Popularidade,principal,517,33,1613,4,incluido,0.2
2,Popularidade,principal,518,57,1589,6,incluido,0.0
2,Popularidade,principal,519,39,1607,7,incluido,0.0
2,Popularidade,principal,520,22,1624,1,incluido,0.0
2,Popularidade,principal,521,118,1528,13,incluido,0.3
2,Popularidade,principal,522,22,1624,7,incluido,0.0
2,Popularidade,principal,523,75,1571,24,incluido,0.2
2,Popularidade,principal,524,242,1404,42,incluido,0.3
2,Popularidade,principal,525,44,1602,5,incluido,0.1
2,Popularidade,principal,526,57,1589,3,incluido,0.1
2,Popularidade,principal,527,112,1534,17,incluido,0.1
2,Popularidade,principal,528,44,1602,5,incluido,0.0
2,Popularidade,principal,529,33,1613,7,incluido,0.2
2,Popularidade,principal,530,35,1611,6,incluido,0.0
2,Popularidade,principal,531,24,1622,3,incluido,0.0
2,Popularidade,principal,532,231,1415,36,incluido,0.2
2,Popularidade,principal,533,200,1446,34,incluido,0.6
2,Popularidade,principal,534,70,1576,8,incluido,0.1
2,Popularidade,principal,535,174,1472,29,incluido,0.0
2,Popularidade,principal,536,127,1519,22,incluido,0.2
2,Popularidade,principal,537,380,1266,29,incluido,0.2
2,Popularidade,principal,538,58,1588,13,incluido,0.3
2,Popularidade,principal,539,46,1600,6,incluido,0.0
2,Popularidade,principal,540,46,1600,11,incluido,0.4
2,Popularidade,principal,541,111,1535,13,incluido,0.0
2,Popularidade,principal,542,108,1538,11,incluido,0.0
2,Popularidade,principal,543,155,1491,24,incluido,0.0
2,Popularidade,principal,544,25,1621,2,incluido,0.1
2,Popularidade,principal,545,132,1514,18,incluido,0.1
2,Popularidade,principal,546,46,1600,11,incluido,0.1
2,Popularidade,principal,547,20,1626,1,incluido,0.0
2,Popularidade,principal,548,126,1520,20,incluido,0.3
2,Popularidade,principal,549,17,1629,4,incluido,0.2
2,Popularidade,principal,550,34,1612,5,incluido,0.1
2,Popularidade,principal,551,263,1383,50,incluido,0.7
2,Popularidade,principal,552,66,1580,2,incluido,0.1
2,Popularidade,principal,553,71,1575,21,incluido,0.1
2,Popularidade,principal,554,93,1553,15,incluido,0.3
2,Popularidade,principal,555,42,1604,6,incluido,0.1
2,Popularidade,principal,556,32,1614,10,incluido,0.0
2,Popularidade,principal,557,41,1605,9,incluido,0.2
2,Popularidade,principal,558,15,1631,5,incluido,0.1
2,Popularidade,principal,559,60,1586,12,incluido,0.0
2,Popularidade,principal,560,78,1568,7,incluido,0.0
2,Popularidade,principal,561,283,1363,25,incluido,0.2
2,Popularidade,principal,562,49,1597,20,incluido,0.1
2,Popularidade,principal,563,23,1623,6,incluido,0.1
2,Popularidade,principal,564,27,1619,5,incluido,0.1
2,Popularidade,principal,565,29,1617,6,incluido,0.0
2,Popularidade,principal,566,120,1526,13,incluido,0.1
2,Popularidade,principal,567,124,1522,22,incluido,0.0
2,Popularidade,principal,568,68,1578,8,incluido,0.0
2,Popularidade,principal,569,52,1594,7,incluido,0.4
2,Popularidade,principal,570,17,1629,1,incluido,0.0
2,Popularidade,principal,571,18,1628,1,incluido,0.0
2,Popularidade,principal,572,17,1629,2,incluido,0.0
2,Popularidade,principal,573,42,1604,7,incluido,0.1
2,Popularidade,principal,574,36,1610,8,incluido,0.1
2,Popularidade,principal,575,19,1627,3,incluido,0.1
2,Popularidade,principal,576,30,1616,1,incluido,0.1
2,Popularidade,principal,577,156,1490,26,incluido,0.4
2,Popularidade,principal,578,19,1627,0,sem_relevante_elegivel,
2,Popularidade,principal,579,62,1584,6,incluido,0.1
2,Popularidade,principal,580,33,1613,7,incluido,0.1
2,Popularidade,principal,581,21,1625,5,incluido,0.1
2,Popularidade,principal,582,53,1593,2,incluido,0.0
2,Popularidade,principal,583,17,1629,9,incluido,0.0
2,Popularidade,principal,584,17,1629,2,incluido,0.0
2,Popularidade,principal,585,70,1576,5,incluido,0.0
2,Popularidade,principal,586,134,1512,14,incluido,0.2
2,Popularidade,principal,587,83,1563,4,incluido,0.0
2,Popularidade,principal,588,187,1459,24,incluido,0.2
2,Popularidade,principal,589,35,1611,6,incluido,0.0
2,Popularidade,principal,590,37,1609,5,incluido,0.0
2,Popularidade,principal,591,70,1576,9,incluido,0.1
2,Popularidade,principal,592,292,1354,48,incluido,0.6
2,Popularidade,principal,593,116,1530,26,incluido,0.5
2,Popularidade,principal,594,20,1626,1,incluido,0.0
2,Popularidade,principal,595,75,1571,12,incluido,0.2
2,Popularidade,principal,596,17,1629,3,incluido,0.1
2,Popularidade,principal,597,31,1615,5,incluido,0.0
2,Popularidade,principal,598,21,1625,3,incluido,0.1
2,Popularidade,principal,599,32,1614,9,incluido,0.0
2,Popularidade,principal,600,78,1568,7,incluido,0.1
2,Popularidade,principal,601,117,1529,19,incluido,0.2
2,Popularidade,principal,602,23,1623,5,incluido,0.1
2,Popularidade,principal,603,36,1610,9,incluido,0.2
2,Popularidade,principal,604,17,1629,3,incluido,0.1
2,Popularidade,principal,605,67,1579,14,incluido,0.2
2,Popularidade,principal,606,187,1459,35,incluido,0.5
2,Popularidade,principal,607,33,1613,3,incluido,0.0
2,Popularidade,principal,608,124,1522,30,incluido,0.2
2,Popularidade,principal,609,25,1621,0,sem_relevante_elegivel,
2,Popularidade,principal,610,61,1585,9,incluido,0.1
2,Popularidade,principal,611,35,1611,5,incluido,0.1
2,Popularidade,principal,612,18,1628,5,incluido,0.1
2,Popularidade,principal,613,24,1622,3,incluido,0.2
2,Popularidade,principal,614,31,1615,5,incluido,0.0
2,Popularidade,principal,615,86,1560,11,incluido,0.0
2,Popularidade,principal,616,33,1613,5,incluido,0.1
2,Popularidade,principal,617,88,1558,5,incluido,0.1
2,Popularidade,principal,618,171,1475,19,incluido,0.2
2,Popularidade,principal,619,71,1575,13,incluido,0.2
2,Popularidade,principal,620,88,1558,11,incluido,0.3
2,Popularidade,principal,621,137,1509,17,incluido,0.1
2,Popularidade,principal,622,180,1466,24,incluido,0.2
2,Popularidade,principal,623,35,1611,6,incluido,0.2
2,Popularidade,principal,624,116,1530,13,incluido,0.2
2,Popularidade,principal,625,86,1560,8,incluido,0.1
2,Popularidade,principal,626,24,1622,4,incluido,0.0
2,Popularidade,principal,627,139,1507,14,incluido,0.1
2,Popularidade,principal,628,24,1622,3,incluido,0.1
2,Popularidade,principal,629,95,1551,20,incluido,0.5
2,Popularidade,principal,630,84,1562,7,incluido,0.1
2,Popularidade,principal,631,18,1628,2,incluido,0.0
2,Popularidade,principal,632,99,1547,10,incluido,0.2
2,Popularidade,principal,633,48,1598,4,incluido,0.0
2,Popularidade,principal,634,106,1540,16,incluido,0.2
2,Popularidade,principal,635,29,1617,3,incluido,0.1
2,Popularidade,principal,636,15,1631,4,incluido,0.1
2,Popularidade,principal,637,88,1558,2,incluido,0.1
2,Popularidade,principal,638,52,1594,9,incluido,0.1
2,Popularidade,principal,639,107,1539,16,incluido,0.1
2,Popularidade,principal,640,88,1558,18,incluido,0.0
2,Popularidade,principal,641,31,1615,8,incluido,0.0
2,Popularidade,principal,642,250,1396,37,incluido,0.3
2,Popularidade,principal,643,168,1478,28,incluido,0.2
2,Popularidade,principal,644,37,1609,4,incluido,0.0
2,Popularidade,principal,645,102,1544,15,incluido,0.0
2,Popularidade,principal,646,32,1614,2,incluido,0.0
2,Popularidade,principal,647,42,1604,11,incluido,0.1
2,Popularidade,principal,648,239,1407,24,incluido,0.2
2,Popularidade,principal,649,14,1632,6,incluido,0.2
2,Popularidade,principal,650,248,1398,19,incluido,0.2
2,Popularidade,principal,651,14,1632,4,incluido,0.1
2,Popularidade,principal,652,17,1629,2,incluido,0.0
2,Popularidade,principal,653,229,1417,14,incluido,0.3
2,Popularidade,principal,654,120,1526,23,incluido,0.4
2,Popularidade,principal,655,558,1088,26,incluido,0.2
2,Popularidade,principal,656,20,1626,1,incluido,0.0
2,Popularidade,principal,657,25,1621,2,incluido,0.0
2,Popularidade,principal,658,54,1592,13,incluido,0.1
2,Popularidade,principal,659,151,1495,32,incluido,0.1
2,Popularidade,principal,660,174,1472,10,incluido,0.1
2,Popularidade,principal,661,103,1543,13,incluido,0.2
2,Popularidade,principal,662,20,1626,0,sem_relevante_elegivel,
2,Popularidade,principal,663,124,1522,17,incluido,0.2
2,Popularidade,principal,664,143,1503,18,incluido,0.1
2,Popularidade,principal,665,115,1531,13,incluido,0.1
2,Popularidade,principal,666,200,1446,21,incluido,0.1
2,Popularidade,principal,667,31,1615,12,incluido,0.0
2,Popularidade,principal,668,39,1607,3,incluido,0.0
2,Popularidade,principal,669,88,1558,3,incluido,0.0
2,Popularidade,principal,670,30,1616,11,incluido,0.0
2,Popularidade,principal,671,102,1544,9,incluido,0.3
2,Popularidade,principal,672,24,1622,1,incluido,0.0
2,Popularidade,principal,673,29,1617,5,incluido,0.0
2,Popularidade,principal,674,31,1615,6,incluido,0.1
2,Popularidade,principal,675,24,1622,4,incluido,0.0
2,Popularidade,principal,676,63,1583,9,incluido,0.1
2,Popularidade,principal,677,38,1608,9,incluido,0.0
2,Popularidade,principal,678,22,1624,4,incluido,0.2
2,Popularidade,principal,679,50,1596,7,incluido,0.2
2,Popularidade,principal,680,29,1617,8,incluido,0.2
2,Popularidade,principal,681,19,1627,1,incluido,0.0
2,Popularidade,principal,682,315,1331,24,incluido,0.3
2,Popularidade,principal,683,52,1594,10,incluido,0.0
2,Popularidade,principal,684,68,1578,5,incluido,0.3
2,Popularidade,principal,685,19,1627,0,sem_relevante_elegivel,
2,Popularidade,principal,686,55,1591,15,incluido,0.1
2,Popularidade,principal,687,17,1629,2,incluido,0.1
2,Popularidade,principal,688,20,1626,4,incluido,0.0
2,Popularidade,principal,689,32,1614,2,incluido,0.1
2,Popularidade,principal,690,92,1554,9,incluido,0.3
2,Popularidade,principal,691,25,1621,6,incluido,0.1
2,Popularidade,principal,692,32,1614,2,incluido,0.1
2,Popularidade,principal,693,118,1528,16,incluido,0.1
2,Popularidade,principal,694,127,1519,27,incluido,0.2
2,Popularidade,principal,695,25,1621,7,incluido,0.1
2,Popularidade,principal,696,23,1623,5,incluido,0.0
2,Popularidade,principal,697,88,1558,12,incluido,0.2
2,Popularidade,principal,698,89,1557,13,incluido,0.2
2,Popularidade,principal,699,120,1526,9,incluido,0.0
2,Popularidade,principal,700,16,1630,2,incluido,0.1
2,Popularidade,principal,701,27,1619,5,incluido,0.1
2,Popularidade,principal,702,26,1620,1,incluido,0.0
2,Popularidade,principal,703,37,1609,3,incluido,0.1
2,Popularidade,principal,704,72,1574,12,incluido,0.0
2,Popularidade,principal,705,88,1558,14,incluido,0.0
2,Popularidade,principal,706,25,1621,3,incluido,0.2
2,Popularidade,principal,707,194,1452,16,incluido,0.0
2,Popularidade,principal,708,88,1558,9,incluido,0.1
2,Popularidade,principal,709,109,1537,18,incluido,0.4
2,Popularidade,principal,710,62,1584,18,incluido,0.5
2,Popularidade,principal,711,179,1467,29,incluido,0.0
2,Popularidade,principal,712,126,1520,28,incluido,0.1
2,Popularidade,principal,713,27,1619,0,sem_relevante_elegivel,
2,Popularidade,principal,714,30,1616,7,incluido,0.3
2,Popularidade,principal,715,134,1512,13,incluido,0.1
2,Popularidade,principal,716,222,1424,28,incluido,0.5
2,Popularidade,principal,717,81,1565,7,incluido,0.1
2,Popularidade,principal,718,32,1614,7,incluido,0.0
2,Popularidade,principal,719,48,1598,6,incluido,0.0
2,Popularidade,principal,720,22,1624,6,incluido,0.0
2,Popularidade,principal,721,122,1524,21,incluido,0.4
2,Popularidade,principal,722,30,1616,6,incluido,0.1
2,Popularidade,principal,723,17,1629,2,incluido,0.1
2,Popularidade,principal,724,75,1571,2,incluido,0.0
2,Popularidade,principal,725,21,1625,3,incluido,0.1
2,Popularidade,principal,726,17,1629,2,incluido,0.1
2,Popularidade,principal,727,254,1392,21,incluido,0.2
2,Popularidade,principal,728,21,1625,4,incluido,0.0
2,Popularidade,principal,729,15,1631,2,incluido,0.1
2,Popularidade,principal,730,32,1614,3,incluido,0.2
2,Popularidade,principal,731,69,1577,7,incluido,0.0
2,Popularidade,principal,732,19,1627,0,sem_relevante_elegivel,
2,Popularidade,principal,733,85,1561,8,incluido,0.0
2,Popularidade,principal,734,48,1598,12,incluido,0.2
2,Popularidade,principal,735,41,1605,8,incluido,0.4
2,Popularidade,principal,736,17,1629,3,incluido,0.0
2,Popularidade,principal,737,23,1623,7,incluido,0.1
2,Popularidade,principal,738,116,1530,19,incluido,0.3
2,Popularidade,principal,739,25,1621,8,incluido,0.2
2,Popularidade,principal,740,18,1628,0,sem_relevante_elegivel,
2,Popularidade,principal,741,82,1564,13,incluido,0.2
2,Popularidade,principal,742,19,1627,3,incluido,0.3
2,Popularidade,principal,743,31,1615,2,incluido,0.1
2,Popularidade,principal,744,19,1627,6,incluido,0.2
2,Popularidade,principal,745,51,1595,4,incluido,0.1
2,Popularidade,principal,746,46,1600,13,incluido,0.1
2,Popularidade,principal,747,225,1421,51,incluido,0.5
2,Popularidade,principal,748,90,1556,11,incluido,0.2
2,Popularidade,principal,749,246,1400,33,incluido,0.2
2,Popularidade,principal,750,26,1620,4,incluido,0.1
2,Popularidade,principal,751,141,1505,14,incluido,0.2
2,Popularidade,principal,752,60,1586,5,incluido,0.1
2,Popularidade,principal,753,43,1603,11,incluido,0.0
2,Popularidade,principal,754,30,1616,2,incluido,0.0
2,Popularidade,principal,755,31,1615,2,incluido,0.0
2,Popularidade,principal,756,88,1558,10,incluido,0.3
2,Popularidade,principal,757,133,1513,19,incluido,0.3
2,Popularidade,principal,758,288,1358,49,incluido,0.6
2,Popularidade,principal,759,25,1621,7,incluido,0.1
2,Popularidade,principal,760,34,1612,6,incluido,0.1
2,Popularidade,principal,761,55,1591,5,incluido,0.2
2,Popularidade,principal,762,18,1628,2,incluido,0.0
2,Popularidade,principal,763,95,1551,23,incluido,0.1
2,Popularidade,principal,764,96,1550,9,incluido,0.2
2,Popularidade,principal,765,16,1630,6,incluido,0.1
2,Popularidade,principal,766,142,1504,14,incluido,0.0
2,Popularidade,principal,767,30,1616,7,incluido,0.0
2,Popularidade,principal,768,48,1598,7,incluido,0.1
2,Popularidade,principal,769,20,1626,5,incluido,0.1
2,Popularidade,principal,770,57,1589,6,incluido,0.0
2,Popularidade,principal,771,51,1595,12,incluido,0.0
2,Popularidade,principal,772,29,1617,2,incluido,0.0
2,Popularidade,principal,773,131,1515,7,incluido,0.0
2,Popularidade,principal,774,184,1462,2,incluido,0.0
2,Popularidade,principal,775,25,1621,2,incluido,0.0
2,Popularidade,principal,776,91,1555,7,incluido,0.1
2,Popularidade,principal,777,27,1619,8,incluido,0.0
2,Popularidade,principal,778,52,1594,3,incluido,0.0
2,Popularidade,principal,779,24,1622,12,incluido,0.3
2,Popularidade,principal,780,48,1598,4,incluido,0.1
2,Popularidade,principal,781,30,1616,8,incluido,0.2
2,Popularidade,principal,782,178,1468,12,incluido,0.1
2,Popularidade,principal,783,22,1624,7,incluido,0.1
2,Popularidade,principal,784,30,1616,7,incluido,0.0
2,Popularidade,principal,785,22,1624,2,incluido,0.0
2,Popularidade,principal,786,98,1548,16,incluido,0.3
2,Popularidade,principal,787,47,1599,4,incluido,0.0
2,Popularidade,principal,788,186,1460,19,incluido,0.0
2,Popularidade,principal,789,30,1616,1,incluido,0.1
2,Popularidade,principal,790,176,1470,18,incluido,0.4
2,Popularidade,principal,791,20,1626,5,incluido,0.1
2,Popularidade,principal,792,41,1605,3,incluido,0.0
2,Popularidade,principal,793,40,1606,7,incluido,0.3
2,Popularidade,principal,794,32,1614,7,incluido,0.1
2,Popularidade,principal,795,140,1506,7,incluido,0.1
2,Popularidade,principal,796,288,1358,38,incluido,0.7
2,Popularidade,principal,797,21,1625,1,incluido,0.1
2,Popularidade,principal,798,186,1460,23,incluido,0.1
2,Popularidade,principal,799,16,1630,5,incluido,0.3
2,Popularidade,principal,800,23,1623,3,incluido,0.1
2,Popularidade,principal,801,20,1626,2,incluido,0.0
2,Popularidade,principal,802,61,1585,4,incluido,0.1
2,Popularidade,principal,803,26,1620,1,incluido,0.0
2,Popularidade,principal,804,269,1377,35,incluido,0.4
2,Popularidade,principal,805,220,1426,27,incluido,0.2
2,Popularidade,principal,806,117,1529,14,incluido,0.3
2,Popularidade,principal,807,159,1487,27,incluido,0.1
2,Popularidade,principal,808,20,1626,2,incluido,0.0
2,Popularidade,principal,809,16,1630,2,incluido,0.0
2,Popularidade,principal,810,20,1626,5,incluido,0.0
2,Popularidade,principal,811,19,1627,1,incluido,0.0
2,Popularidade,principal,812,17,1629,2,incluido,0.0
2,Popularidade,principal,813,24,1622,2,incluido,0.0
2,Popularidade,principal,814,30,1616,2,incluido,0.2
2,Popularidade,principal,815,142,1504,23,incluido,0.3
2,Popularidade,principal,816,13,1633,9,incluido,0.1
2,Popularidade,principal,817,26,1620,5,incluido,0.0
2,Popularidade,principal,818,16,1630,3,incluido,0.0
2,Popularidade,principal,819,23,1623,4,incluido,0.0
2,Popularidade,principal,820,17,1629,2,incluido,0.0
2,Popularidade,principal,821,53,1593,8,incluido,0.1
2,Popularidade,principal,822,22,1624,1,incluido,0.0
2,Popularidade,principal,823,143,1503,35,incluido,0.5
2,Popularidade,principal,824,15,1631,1,incluido,0.0
2,Popularidade,principal,825,118,1528,11,incluido,0.3
2,Popularidade,principal,826,91,1555,19,incluido,0.3
2,Popularidade,principal,827,22,1624,2,incluido,0.1
2,Popularidade,principal,828,83,1563,6,incluido,0.0
2,Popularidade,principal,829,51,1595,7,incluido,0.1
2,Popularidade,principal,830,84,1562,16,incluido,0.1
2,Popularidade,principal,831,58,1588,5,incluido,0.0
2,Popularidade,principal,832,20,1626,2,incluido,0.0
2,Popularidade,principal,833,211,1435,22,incluido,0.0
2,Popularidade,principal,834,46,1600,5,incluido,0.5
2,Popularidade,principal,835,83,1563,17,incluido,0.1
2,Popularidade,principal,836,34,1612,11,incluido,0.0
2,Popularidade,principal,837,42,1604,3,incluido,0.0
2,Popularidade,principal,838,79,1567,12,incluido,0.2
2,Popularidade,principal,839,45,1601,5,incluido,0.2
2,Popularidade,principal,840,163,1483,24,incluido,0.1
2,Popularidade,principal,841,30,1616,1,incluido,0.0
2,Popularidade,principal,842,25,1621,1,incluido,0.0
2,Popularidade,principal,843,163,1483,5,incluido,0.1
2,Popularidade,principal,844,66,1580,8,incluido,0.3
2,Popularidade,principal,845,28,1618,1,incluido,0.0
2,Popularidade,principal,846,327,1319,51,incluido,0.2
2,Popularidade,principal,847,112,1534,13,incluido,0.4
2,Popularidade,principal,848,121,1525,23,incluido,0.2
2,Popularidade,principal,849,17,1629,6,incluido,0.0
2,Popularidade,principal,850,48,1598,3,incluido,0.0
2,Popularidade,principal,851,165,1481,27,incluido,0.0
2,Popularidade,principal,852,38,1608,7,incluido,0.2
2,Popularidade,principal,853,37,1609,1,incluido,0.0
2,Popularidade,principal,854,173,1473,18,incluido,0.2
2,Popularidade,principal,855,21,1625,1,incluido,0.0
2,Popularidade,principal,856,21,1625,1,incluido,0.0
2,Popularidade,principal,857,22,1624,0,sem_relevante_elegivel,
2,Popularidade,principal,858,18,1628,1,incluido,0.0
2,Popularidade,principal,859,31,1615,3,incluido,0.1
2,Popularidade,principal,860,57,1589,6,incluido,0.0
2,Popularidade,principal,861,36,1610,3,incluido,0.1
2,Popularidade,principal,862,121,1525,37,incluido,0.6
2,Popularidade,principal,863,93,1553,6,incluido,0.2
2,Popularidade,principal,864,245,1401,31,incluido,0.5
2,Popularidade,principal,865,54,1592,4,incluido,0.1
2,Popularidade,principal,866,19,1627,0,sem_relevante_elegivel,
2,Popularidade,principal,867,78,1568,13,incluido,0.1
2,Popularidade,principal,868,158,1488,16,incluido,0.3
2,Popularidade,principal,869,40,1606,1,incluido,0.0
2,Popularidade,principal,870,206,1440,37,incluido,0.3
2,Popularidade,principal,871,89,1557,10,incluido,0.2
2,Popularidade,principal,872,52,1594,8,incluido,0.1
2,Popularidade,principal,873,20,1626,0,sem_relevante_elegivel,
2,Popularidade,principal,874,25,1621,6,incluido,0.0
2,Popularidade,principal,875,70,1576,17,incluido,0.1
2,Popularidade,principal,876,18,1628,3,incluido,0.1
2,Popularidade,principal,877,58,1588,18,incluido,0.0
2,Popularidade,principal,878,104,1542,15,incluido,0.2
2,Popularidade,principal,879,21,1625,8,incluido,0.2
2,Popularidade,principal,880,283,1363,45,incluido,0.7
2,Popularidade,principal,881,214,1432,19,incluido,0.2
2,Popularidade,principal,882,109,1537,23,incluido,0.3
2,Popularidade,principal,883,218,1428,30,incluido,0.1
2,Popularidade,principal,884,31,1615,6,incluido,0.0
2,Popularidade,principal,885,86,1560,11,incluido,0.1
2,Popularidade,principal,886,189,1457,21,incluido,0.2
2,Popularidade,principal,887,140,1506,28,incluido,0.3
2,Popularidade,principal,888,14,1632,5,incluido,0.0
2,Popularidade,principal,889,251,1395,45,incluido,0.4
2,Popularidade,principal,890,97,1549,19,incluido,0.3
2,Popularidade,principal,891,36,1610,6,incluido,0.0
2,Popularidade,principal,892,175,1471,38,incluido,0.5
2,Popularidade,principal,893,49,1597,5,incluido,0.2
2,Popularidade,principal,894,191,1455,29,incluido,0.4
2,Popularidade,principal,895,16,1630,3,incluido,0.2
2,Popularidade,principal,896,293,1353,23,incluido,0.4
2,Popularidade,principal,897,140,1506,33,incluido,0.3
2,Popularidade,principal,898,25,1621,4,incluido,0.0
2,Popularidade,principal,899,110,1536,17,incluido,0.3
2,Popularidade,principal,900,31,1615,7,incluido,0.1
2,Popularidade,principal,901,105,1541,13,incluido,0.2
2,Popularidade,principal,902,37,1609,8,incluido,0.0
2,Popularidade,principal,903,114,1532,11,incluido,0.2
2,Popularidade,principal,904,35,1611,7,incluido,0.0
2,Popularidade,principal,905,32,1614,2,incluido,0.2
2,Popularidade,principal,906,32,1614,6,incluido,0.0
2,Popularidade,principal,907,120,1526,24,incluido,0.2
2,Popularidade,principal,908,60,1586,8,incluido,0.0
2,Popularidade,principal,909,18,1628,6,incluido,0.0
2,Popularidade,principal,910,45,1601,8,incluido,0.4
2,Popularidade,principal,911,82,1564,12,incluido,0.1
2,Popularidade,principal,912,42,1604,7,incluido,0.0
2,Popularidade,principal,913,99,1547,20,incluido,0.3
2,Popularidade,principal,914,18,1628,2,incluido,0.0
2,Popularidade,principal,915,23,1623,1,incluido,0.0
2,Popularidade,principal,916,256,1390,29,incluido,0.2
2,Popularidade,principal,917,28,1618,4,incluido,0.1
2,Popularidade,principal,918,83,1563,13,incluido,0.0
2,Popularidade,principal,919,175,1471,26,incluido,0.2
2,Popularidade,principal,920,21,1625,4,incluido,0.1
2,Popularidade,principal,921,93,1553,11,incluido,0.2
2,Popularidade,principal,922,97,1549,13,incluido,0.4
2,Popularidade,principal,923,58,1588,15,incluido,0.2
2,Popularidade,principal,924,63,1583,15,incluido,0.4
2,Popularidade,principal,925,26,1620,1,incluido,0.0
2,Popularidade,principal,926,17,1629,2,incluido,0.1
2,Popularidade,principal,927,99,1547,14,incluido,0.1
2,Popularidade,principal,928,29,1617,3,incluido,0.0
2,Popularidade,principal,929,40,1606,4,incluido,0.0
2,Popularidade,principal,930,53,1593,5,incluido,0.1
2,Popularidade,principal,931,49,1597,7,incluido,0.0
2,Popularidade,principal,932,193,1453,40,incluido,0.0
2,Popularidade,principal,933,152,1494,7,incluido,0.0
2,Popularidade,principal,934,138,1508,25,incluido,0.2
2,Popularidade,principal,935,27,1619,11,incluido,0.3
2,Popularidade,principal,936,118,1528,16,incluido,0.2
2,Popularidade,principal,937,33,1613,5,incluido,0.2
2,Popularidade,principal,938,88,1558,6,incluido,0.2
2,Popularidade,principal,939,43,1603,5,incluido,0.1
2,Popularidade,principal,940,86,1560,14,incluido,0.3
2,Popularidade,principal,941,19,1627,2,incluido,0.1
2,Popularidade,principal,942,62,1584,12,incluido,0.1
2,Popularidade,principal,943,136,1510,20,incluido,0.1
3,Popularidade,principal,1,213,1438,34,incluido,0.4
3,Popularidade,principal,2,52,1599,6,incluido,0.1
3,Popularidade,principal,3,44,1607,2,incluido,0.0
3,Popularidade,principal,4,18,1633,4,incluido,0.1
3,Popularidade,principal,5,132,1519,14,incluido,0.2
3,Popularidade,principal,6,181,1470,20,incluido,0.0
3,Popularidade,principal,7,314,1337,62,incluido,0.5
3,Popularidade,principal,8,50,1601,7,incluido,0.0
3,Popularidade,principal,9,16,1635,6,incluido,0.1
3,Popularidade,principal,10,145,1506,34,incluido,0.2
3,Popularidade,principal,11,151,1500,14,incluido,0.2
3,Popularidade,principal,12,41,1610,9,incluido,0.1
3,Popularidade,principal,13,492,1159,65,incluido,0.5
3,Popularidade,principal,14,77,1574,17,incluido,0.1
3,Popularidade,principal,15,84,1567,7,incluido,0.0
3,Popularidade,principal,16,104,1547,26,incluido,0.4
3,Popularidade,principal,17,23,1628,3,incluido,0.1
3,Popularidade,principal,18,223,1428,36,incluido,0.3
3,Popularidade,principal,19,12,1639,5,incluido,0.1
3,Popularidade,principal,20,34,1617,7,incluido,0.0
3,Popularidade,principal,21,146,1505,8,incluido,0.1
3,Popularidade,principal,22,107,1544,11,incluido,0.0
3,Popularidade,principal,23,128,1523,14,incluido,0.1
3,Popularidade,principal,24,54,1597,11,incluido,0.2
3,Popularidade,principal,25,64,1587,12,incluido,0.2
3,Popularidade,principal,26,96,1555,1,incluido,0.1
3,Popularidade,principal,27,20,1631,1,incluido,0.0
3,Popularidade,principal,28,61,1590,14,incluido,0.3
3,Popularidade,principal,29,30,1621,3,incluido,0.0
3,Popularidade,principal,30,36,1615,5,incluido,0.0
3,Popularidade,principal,31,29,1622,4,incluido,0.0
3,Popularidade,principal,32,33,1618,4,incluido,0.2
3,Popularidade,principal,33,20,1631,2,incluido,0.0
3,Popularidade,principal,34,16,1635,3,incluido,0.0
3,Popularidade,principal,35,19,1632,1,incluido,0.0
3,Popularidade,principal,36,15,1636,3,incluido,0.0
3,Popularidade,principal,37,46,1605,6,incluido,0.2
3,Popularidade,principal,38,93,1558,16,incluido,0.2
3,Popularidade,principal,39,18,1633,2,incluido,0.0
3,Popularidade,principal,40,28,1623,0,sem_relevante_elegivel,
3,Popularidade,principal,41,44,1607,3,incluido,0.0
3,Popularidade,principal,42,148,1503,19,incluido,0.1
3,Popularidade,principal,43,177,1474,25,incluido,0.4
3,Popularidade,principal,44,121,1530,22,incluido,0.3
3,Popularidade,principal,45,43,1608,3,incluido,0.1
3,Popularidade,principal,46,20,1631,6,incluido,0.1
3,Popularidade,principal,47,22,1629,2,incluido,0.0
3,Popularidade,principal,48,50,1601,13,incluido,0.0
3,Popularidade,principal,49,182,1469,9,incluido,0.0
3,Popularidade,principal,50,19,1632,3,incluido,0.0
3,Popularidade,principal,51,19,1632,1,incluido,0.1
3,Popularidade,principal,52,48,1603,7,incluido,0.0
3,Popularidade,principal,53,21,1630,5,incluido,0.2
3,Popularidade,principal,54,45,1606,15,incluido,0.3
3,Popularidade,principal,55,19,1632,0,sem_relevante_elegivel,
3,Popularidade,principal,56,158,1493,22,incluido,0.3
3,Popularidade,principal,57,89,1562,7,incluido,0.1
3,Popularidade,principal,58,129,1522,18,incluido,0.3
3,Popularidade,principal,59,307,1344,60,incluido,0.2
3,Popularidade,principal,60,161,1490,42,incluido,0.3
3,Popularidade,principal,61,17,1634,1,incluido,0.0
3,Popularidade,principal,62,176,1475,30,incluido,0.5
3,Popularidade,principal,63,71,1580,4,incluido,0.1
3,Popularidade,principal,64,160,1491,26,incluido,0.5
3,Popularidade,principal,65,65,1586,11,incluido,0.1
3,Popularidade,principal,66,31,1620,3,incluido,0.0
3,Popularidade,principal,67,24,1627,5,incluido,0.0
3,Popularidade,principal,68,25,1626,5,incluido,0.3
3,Popularidade,principal,69,54,1597,7,incluido,0.3
3,Popularidade,principal,70,97,1554,16,incluido,0.0
3,Popularidade,principal,71,30,1621,6,incluido,0.1
3,Popularidade,principal,72,111,1540,22,incluido,0.3
3,Popularidade,principal,73,47,1604,15,incluido,0.2
3,Popularidade,principal,74,34,1617,4,incluido,0.0
3,Popularidade,principal,75,65,1586,9,incluido,0.0
3,Popularidade,principal,76,72,1579,4,incluido,0.0
3,Popularidade,principal,77,63,1588,6,incluido,0.2
3,Popularidade,principal,78,16,1635,3,incluido,0.0
3,Popularidade,principal,79,45,1606,6,incluido,0.1
3,Popularidade,principal,80,25,1626,1,incluido,0.0
3,Popularidade,principal,81,45,1606,5,incluido,0.0
3,Popularidade,principal,82,129,1522,11,incluido,0.1
3,Popularidade,principal,83,125,1526,17,incluido,0.2
3,Popularidade,principal,84,57,1594,6,incluido,0.3
3,Popularidade,principal,85,232,1419,27,incluido,0.3
3,Popularidade,principal,86,20,1631,1,incluido,0.1
3,Popularidade,principal,87,166,1485,27,incluido,0.1
3,Popularidade,principal,88,17,1634,3,incluido,0.0
3,Popularidade,principal,89,65,1586,10,incluido,0.1
3,Popularidade,principal,90,243,1408,48,incluido,0.1
3,Popularidade,principal,91,79,1572,15,incluido,0.1
3,Popularidade,principal,92,310,1341,39,incluido,0.5
3,Popularidade,principal,93,13,1638,4,incluido,0.0
3,Popularidade,principal,94,312,1339,58,incluido,0.3
3,Popularidade,principal,95,223,1428,29,incluido,0.2
3,Popularidade,principal,96,44,1607,12,incluido,0.2
3,Popularidade,principal,97,57,1594,3,incluido,0.0
3,Popularidade,principal,98,20,1631,5,incluido,0.0
3,Popularidade,principal,99,113,1538,14,incluido,0.5
3,Popularidade,principal,100,50,1601,2,incluido,0.0
3,Popularidade,principal,101,50,1601,4,incluido,0.0
3,Popularidade,principal,102,177,1474,2,incluido,0.1
3,Popularidade,principal,103,23,1628,3,incluido,0.0
3,Popularidade,principal,104,94,1557,4,incluido,0.1
3,Popularidade,principal,105,16,1635,3,incluido,0.0
3,Popularidade,principal,106,44,1607,15,incluido,0.1
3,Popularidade,principal,107,19,1632,1,incluido,0.1
3,Popularidade,principal,108,27,1624,2,incluido,0.1
3,Popularidade,principal,109,194,1457,18,incluido,0.3
3,Popularidade,principal,110,104,1547,11,incluido,0.2
3,Popularidade,principal,111,18,1633,4,incluido,0.0
3,Popularidade,principal,112,34,1617,9,incluido,0.0
3,Popularidade,principal,113,37,1614,11,incluido,0.2
3,Popularidade,principal,114,39,1612,2,incluido,0.0
3,Popularidade,principal,115,75,1576,13,incluido,0.2
3,Popularidade,principal,116,111,1540,6,incluido,0.1
3,Popularidade,principal,117,70,1581,11,incluido,0.4
3,Popularidade,principal,118,59,1592,12,incluido,0.1
3,Popularidade,principal,119,144,1507,26,incluido,0.6
3,Popularidade,principal,120,22,1629,3,incluido,0.0
3,Popularidade,principal,121,55,1596,12,incluido,0.3
3,Popularidade,principal,122,54,1597,4,incluido,0.0
3,Popularidade,principal,123,39,1612,9,incluido,0.0
3,Popularidade,principal,124,18,1633,4,incluido,0.0
3,Popularidade,principal,125,151,1500,16,incluido,0.1
3,Popularidade,principal,126,35,1616,3,incluido,0.1
3,Popularidade,principal,127,21,1630,2,incluido,0.1
3,Popularidade,principal,128,148,1503,23,incluido,0.3
3,Popularidade,principal,129,26,1625,1,incluido,0.0
3,Popularidade,principal,130,285,1366,49,incluido,0.5
3,Popularidade,principal,131,21,1630,6,incluido,0.1
3,Popularidade,principal,132,18,1633,4,incluido,0.1
3,Popularidade,principal,133,19,1632,3,incluido,0.0
3,Popularidade,principal,134,22,1629,1,incluido,0.1
3,Popularidade,principal,135,44,1607,4,incluido,0.0
3,Popularidade,principal,136,30,1621,5,incluido,0.0
3,Popularidade,principal,137,41,1610,5,incluido,0.3
3,Popularidade,principal,138,36,1615,14,incluido,0.1
3,Popularidade,principal,139,20,1631,4,incluido,0.2
3,Popularidade,principal,140,16,1635,2,incluido,0.0
3,Popularidade,principal,141,79,1572,19,incluido,0.5
3,Popularidade,principal,142,29,1622,2,incluido,0.0
3,Popularidade,principal,143,17,1634,2,incluido,0.1
3,Popularidade,principal,144,175,1476,20,incluido,0.5
3,Popularidade,principal,145,254,1397,27,incluido,0.2
3,Popularidade,principal,146,23,1628,3,incluido,0.0
3,Popularidade,principal,147,15,1636,5,incluido,0.1
3,Popularidade,principal,148,44,1607,17,incluido,0.2
3,Popularidade,principal,149,27,1624,4,incluido,0.1
3,Popularidade,principal,150,28,1623,3,incluido,0.0
3,Popularidade,principal,151,242,1409,47,incluido,0.1
3,Popularidade,principal,152,88,1563,15,incluido,0.0
3,Popularidade,principal,153,19,1632,1,incluido,0.0
3,Popularidade,principal,154,42,1609,4,incluido,0.0
3,Popularidade,principal,155,17,1634,0,sem_relevante_elegivel,
3,Popularidade,principal,156,32,1619,2,incluido,0.0
3,Popularidade,principal,157,46,1605,4,incluido,0.2
3,Popularidade,principal,158,139,1512,20,incluido,0.1
3,Popularidade,principal,159,91,1560,5,incluido,0.0
3,Popularidade,principal,160,86,1565,23,incluido,0.4
3,Popularidade,principal,161,48,1603,0,sem_relevante_elegivel,
3,Popularidade,principal,162,33,1618,7,incluido,0.3
3,Popularidade,principal,163,16,1635,4,incluido,0.0
3,Popularidade,principal,164,48,1603,12,incluido,0.1
3,Popularidade,principal,165,24,1627,4,incluido,0.1
3,Popularidade,principal,166,18,1633,1,incluido,0.1
3,Popularidade,principal,167,58,1593,2,incluido,0.0
3,Popularidade,principal,168,59,1592,7,incluido,0.2
3,Popularidade,principal,169,31,1620,4,incluido,0.0
3,Popularidade,principal,170,18,1633,2,incluido,0.0
3,Popularidade,principal,171,25,1626,1,incluido,0.0
3,Popularidade,principal,172,20,1631,2,incluido,0.0
3,Popularidade,principal,173,35,1616,7,incluido,0.1
3,Popularidade,principal,174,141,1510,20,incluido,0.0
3,Popularidade,principal,175,25,1626,9,incluido,0.0
3,Popularidade,principal,176,49,1602,10,incluido,0.0
3,Popularidade,principal,177,94,1557,13,incluido,0.2
3,Popularidade,principal,178,232,1419,26,incluido,0.8
3,Popularidade,principal,179,37,1614,3,incluido,0.0
3,Popularidade,principal,180,43,1608,15,incluido,0.0
3,Popularidade,principal,181,328,1323,6,incluido,0.1
3,Popularidade,principal,182,25,1626,1,incluido,0.0
3,Popularidade,principal,183,47,1604,2,incluido,0.0
3,Popularidade,principal,184,196,1455,37,incluido,0.4
3,Popularidade,principal,185,39,1612,8,incluido,0.0
3,Popularidade,principal,186,72,1579,13,incluido,0.0
3,Popularidade,principal,187,45,1606,10,incluido,0.0
3,Popularidade,principal,188,85,1566,18,incluido,0.2
3,Popularidade,principal,189,146,1505,27,incluido,0.3
3,Popularidade,principal,190,47,1604,6,incluido,0.2
3,Popularidade,principal,191,21,1630,2,incluido,0.0
3,Popularidade,principal,192,31,1620,1,incluido,0.0
3,Popularidade,principal,193,96,1555,12,incluido,0.1
3,Popularidade,principal,194,244,1407,14,incluido,0.1
3,Popularidade,principal,195,83,1568,5,incluido,0.1
3,Popularidade,principal,196,32,1619,3,incluido,0.0
3,Popularidade,principal,197,85,1566,12,incluido,0.0
3,Popularidade,principal,198,140,1511,16,incluido,0.4
3,Popularidade,principal,199,34,1617,3,incluido,0.0
3,Popularidade,principal,200,172,1479,33,incluido,0.2
3,Popularidade,principal,201,310,1341,29,incluido,0.2
3,Popularidade,principal,202,17,1634,1,incluido,0.0
3,Popularidade,principal,203,30,1621,7,incluido,0.2
3,Popularidade,principal,204,33,1618,7,incluido,0.0
3,Popularidade,principal,205,17,1634,3,incluido,0.0
3,Popularidade,principal,206,51,1600,2,incluido,0.1
3,Popularidade,principal,207,183,1468,16,incluido,0.3
3,Popularidade,principal,208,27,1624,3,incluido,0.0
3,Popularidade,principal,209,27,1624,2,incluido,0.1
3,Popularidade,principal,210,108,1543,18,incluido,0.1
3,Popularidade,principal,211,31,1620,4,incluido,0.1
3,Popularidade,principal,212,17,1634,8,incluido,0.0
3,Popularidade,principal,213,106,1545,18,incluido,0.1
3,Popularidade,principal,214,100,1551,18,incluido,0.1
3,Popularidade,principal,215,73,1578,14,incluido,0.2
3,Popularidade,principal,216,103,1548,21,incluido,0.3
3,Popularidade,principal,217,58,1593,5,incluido,0.1
3,Popularidade,principal,218,38,1613,6,incluido,0.0
3,Popularidade,principal,219,24,1627,3,incluido,0.0
3,Popularidade,principal,220,15,1636,4,incluido,0.1
3,Popularidade,principal,221,117,1534,14,incluido,0.2
3,Popularidade,principal,222,292,1359,32,incluido,0.5
3,Popularidade,principal,223,87,1564,7,incluido,0.0
3,Popularidade,principal,224,118,1533,12,incluido,0.1
3,Popularidade,principal,225,25,1626,2,incluido,0.0
3,Popularidade,principal,226,38,1613,6,incluido,0.1
3,Popularidade,principal,227,52,1599,1,incluido,0.0
3,Popularidade,principal,228,15,1636,2,incluido,0.1
3,Popularidade,principal,229,22,1629,3,incluido,0.0
3,Popularidade,principal,230,115,1536,11,incluido,0.2
3,Popularidade,principal,231,16,1635,2,incluido,0.2
3,Popularidade,principal,232,77,1574,11,incluido,0.0
3,Popularidade,principal,233,90,1561,19,incluido,0.1
3,Popularidade,principal,234,385,1266,34,incluido,0.1
3,Popularidade,principal,235,66,1585,22,incluido,0.1
3,Popularidade,principal,236,94,1557,14,incluido,0.2
3,Popularidade,principal,237,42,1609,6,incluido,0.0
3,Popularidade,principal,238,26,1625,0,sem_relevante_elegivel,
3,Popularidade,principal,239,123,1528,25,incluido,0.1
3,Popularidade,principal,240,16,1635,4,incluido,0.1
3,Popularidade,principal,241,19,1632,1,incluido,0.1
3,Popularidade,principal,242,15,1636,3,incluido,0.0
3,Popularidade,principal,243,61,1590,13,incluido,0.1
3,Popularidade,principal,244,185,1466,31,incluido,0.3
3,Popularidade,principal,245,21,1630,1,incluido,0.0
3,Popularidade,principal,246,156,1495,15,incluido,0.3
3,Popularidade,principal,247,21,1630,4,incluido,0.0
3,Popularidade,principal,248,40,1611,10,incluido,0.2
3,Popularidade,principal,249,126,1525,26,incluido,0.2
3,Popularidade,principal,250,102,1549,14,incluido,0.1
3,Popularidade,principal,251,67,1584,7,incluido,0.1
3,Popularidade,principal,252,17,1634,4,incluido,0.1
3,Popularidade,principal,253,76,1575,16,incluido,0.2
3,Popularidade,principal,254,123,1528,14,incluido,0.3
3,Popularidade,principal,255,67,1584,4,incluido,0.0
3,Popularidade,principal,256,163,1488,30,incluido,0.4
3,Popularidade,principal,257,48,1603,5,incluido,0.0
3,Popularidade,principal,258,16,1635,4,incluido,0.2
3,Popularidade,principal,259,36,1615,5,incluido,0.0
3,Popularidade,principal,260,16,1635,5,incluido,0.0
3,Popularidade,principal,261,23,1628,3,incluido,0.1
3,Popularidade,principal,262,126,1525,12,incluido,0.2
3,Popularidade,principal,263,96,1555,18,incluido,0.0
3,Popularidade,principal,264,97,1554,21,incluido,0.2
3,Popularidade,principal,265,41,1610,4,incluido,0.2
3,Popularidade,principal,266,21,1630,1,incluido,0.1
3,Popularidade,principal,267,149,1502,25,incluido,0.1
3,Popularidade,principal,268,261,1390,21,incluido,0.0
3,Popularidade,principal,269,248,1403,30,incluido,0.2
3,Popularidade,principal,270,115,1536,19,incluido,0.3
3,Popularidade,principal,271,215,1436,36,incluido,0.4
3,Popularidade,principal,272,39,1612,12,incluido,0.1
3,Popularidade,principal,273,17,1634,3,incluido,0.0
3,Popularidade,principal,274,55,1596,9,incluido,0.2
3,Popularidade,principal,275,85,1566,2,incluido,0.1
3,Popularidade,principal,276,403,1248,68,incluido,0.9
3,Popularidade,principal,277,47,1604,4,incluido,0.2
3,Popularidade,principal,278,19,1632,3,incluido,0.0
3,Popularidade,principal,279,343,1308,42,incluido,0.2
3,Popularidade,principal,280,217,1434,24,incluido,0.2
3,Popularidade,principal,281,23,1628,1,incluido,0.0
3,Popularidade,principal,282,18,1633,2,incluido,0.0
3,Popularidade,principal,283,42,1609,8,incluido,0.0
3,Popularidade,principal,284,38,1613,4,incluido,0.1
3,Popularidade,principal,285,25,1626,4,incluido,0.1
3,Popularidade,principal,286,226,1425,41,incluido,0.2
3,Popularidade,principal,287,53,1598,8,incluido,0.2
3,Popularidade,principal,288,47,1604,17,incluido,0.2
3,Popularidade,principal,289,21,1630,3,incluido,0.0
3,Popularidade,principal,290,122,1529,13,incluido,0.1
3,Popularidade,principal,291,236,1415,37,incluido,0.4
3,Popularidade,principal,292,105,1546,15,incluido,0.2
3,Popularidade,principal,293,322,1329,24,incluido,0.0
3,Popularidade,principal,294,119,1532,13,incluido,0.2
3,Popularidade,principal,295,162,1489,30,incluido,0.2
3,Popularidade,principal,296,117,1534,24,incluido,0.3
3,Popularidade,principal,297,155,1496,13,incluido,0.1
3,Popularidade,principal,298,106,1545,16,incluido,0.1
3,Popularidade,principal,299,221,1430,35,incluido,0.1
3,Popularidade,principal,300,15,1636,2,incluido,0.0
3,Popularidade,principal,301,224,1427,26,incluido,0.5
3,Popularidade,principal,302,18,1633,2,incluido,0.0
3,Popularidade,principal,303,403,1248,45,incluido,0.8
3,Popularidade,principal,304,19,1632,3,incluido,0.2
3,Popularidade,principal,305,182,1469,16,incluido,0.1
3,Popularidade,principal,306,21,1630,6,incluido,0.1
3,Popularidade,principal,307,97,1554,10,incluido,0.1
3,Popularidade,principal,308,312,1339,56,incluido,0.3
3,Popularidade,principal,309,18,1633,1,incluido,0.1
3,Popularidade,principal,310,18,1633,1,incluido,0.0
3,Popularidade,principal,311,233,1418,36,incluido,0.4
3,Popularidade,principal,312,172,1479,41,incluido,0.1
3,Popularidade,principal,313,202,1449,32,incluido,0.5
3,Popularidade,principal,314,188,1463,41,incluido,0.1
3,Popularidade,principal,315,72,1579,11,incluido,0.1
3,Popularidade,principal,316,59,1592,12,incluido,0.1
3,Popularidade,principal,317,19,1632,2,incluido,0.0
3,Popularidade,principal,318,140,1511,21,incluido,0.1
3,Popularidade,principal,319,18,1633,1,incluido,0.0
3,Popularidade,principal,320,126,1525,18,incluido,0.3
3,Popularidade,principal,321,102,1549,11,incluido,0.1
3,Popularidade,principal,322,39,1612,8,incluido,0.2
3,Popularidade,principal,323,66,1585,13,incluido,0.4
3,Popularidade,principal,324,52,1599,12,incluido,0.1
3,Popularidade,principal,325,115,1536,17,incluido,0.3
3,Popularidade,principal,326,147,1504,20,incluido,0.1
3,Popularidade,principal,327,213,1438,38,incluido,0.6
3,Popularidade,principal,328,215,1436,30,incluido,0.4
3,Popularidade,principal,329,50,1601,7,incluido,0.4
3,Popularidade,principal,330,122,1529,22,incluido,0.1
3,Popularidade,principal,331,59,1592,8,incluido,0.0
3,Popularidade,principal,332,147,1504,26,incluido,0.5
3,Popularidade,principal,333,25,1626,0,sem_relevante_elegivel,
3,Popularidade,principal,334,263,1388,33,incluido,0.1
3,Popularidade,principal,335,16,1635,3,incluido,0.1
3,Popularidade,principal,336,103,1548,12,incluido,0.2
3,Popularidade,principal,337,27,1624,7,incluido,0.1
3,Popularidade,principal,338,62,1589,11,incluido,0.0
3,Popularidade,principal,339,198,1453,39,incluido,0.2
3,Popularidade,principal,340,32,1619,10,incluido,0.0
3,Popularidade,principal,341,19,1632,0,sem_relevante_elegivel,
3,Popularidade,principal,342,152,1499,22,incluido,0.1
3,Popularidade,principal,343,182,1469,44,incluido,0.3
3,Popularidade,principal,344,146,1505,24,incluido,0.3
3,Popularidade,principal,345,180,1471,37,incluido,0.6
3,Popularidade,principal,346,152,1499,16,incluido,0.3
3,Popularidade,principal,347,153,1498,27,incluido,0.6
3,Popularidade,principal,348,43,1608,12,incluido,0.4
3,Popularidade,principal,349,33,1618,6,incluido,0.0
3,Popularidade,principal,350,41,1610,9,incluido,0.0
3,Popularidade,principal,351,39,1612,4,incluido,0.1
3,Popularidade,principal,352,33,1618,4,incluido,0.1
3,Popularidade,principal,353,19,1632,2,incluido,0.0
3,Popularidade,principal,354,182,1469,35,incluido,0.0
3,Popularidade,principal,355,20,1631,4,incluido,0.0
3,Popularidade,principal,356,22,1629,1,incluido,0.0
3,Popularidade,principal,357,59,1592,13,incluido,0.1
3,Popularidade,principal,358,31,1620,10,incluido,0.0
3,Popularidade,principal,359,20,1631,6,incluido,0.3
3,Popularidade,principal,360,85,1566,12,incluido,0.0
3,Popularidade,principal,361,95,1556,15,incluido,0.1
3,Popularidade,principal,362,19,1632,2,incluido,0.0
3,Popularidade,principal,363,261,1390,18,incluido,0.1
3,Popularidade,principal,364,17,1634,2,incluido,0.0
3,Popularidade,principal,365,46,1605,8,incluido,0.1
3,Popularidade,principal,366,26,1625,7,incluido,0.0
3,Popularidade,principal,367,50,1601,5,incluido,0.2
3,Popularidade,principal,368,30,1621,8,incluido,0.2
3,Popularidade,principal,369,17,1634,5,incluido,0.1
3,Popularidade,principal,370,52,1599,12,incluido,0.1
3,Popularidade,principal,371,41,1610,7,incluido,0.1
3,Popularidade,principal,372,50,1601,14,incluido,0.1
3,Popularidade,principal,373,184,1467,28,incluido,0.1
3,Popularidade,principal,374,216,1435,30,incluido,0.4
3,Popularidade,principal,375,24,1627,4,incluido,0.0
3,Popularidade,principal,376,25,1626,3,incluido,0.1
3,Popularidade,principal,377,28,1623,2,incluido,0.0
3,Popularidade,principal,378,306,1345,29,incluido,0.4
3,Popularidade,principal,379,153,1498,37,incluido,0.2
3,Popularidade,principal,380,131,1520,15,incluido,0.2
3,Popularidade,principal,381,101,1550,17,incluido,0.1
3,Popularidade,principal,382,42,1609,4,incluido,0.0
3,Popularidade,principal,383,53,1598,15,incluido,0.0
3,Popularidade,principal,384,18,1633,3,incluido,0.0
3,Popularidade,principal,385,224,1427,23,incluido,0.0
3,Popularidade,principal,386,18,1633,2,incluido,0.1
3,Popularidade,principal,387,252,1399,32,incluido,0.5
3,Popularidade,principal,388,46,1605,6,incluido,0.2
3,Popularidade,principal,389,216,1435,33,incluido,0.0
3,Popularidade,principal,390,24,1627,5,incluido,0.0
3,Popularidade,principal,391,102,1549,11,incluido,0.0
3,Popularidade,principal,392,80,1571,23,incluido,0.3
3,Popularidade,principal,393,363,1288,33,incluido,0.2
3,Popularidade,principal,394,122,1529,19,incluido,0.4
3,Popularidade,principal,395,45,1606,6,incluido,0.2
3,Popularidade,principal,396,44,1607,7,incluido,0.1
3,Popularidade,principal,397,86,1565,11,incluido,0.2
3,Popularidade,principal,398,137,1514,23,incluido,0.2
3,Popularidade,principal,399,257,1394,12,incluido,0.1
3,Popularidade,principal,400,15,1636,5,incluido,0.4
3,Popularidade,principal,401,118,1533,15,incluido,0.0
3,Popularidade,principal,402,55,1596,9,incluido,0.2
3,Popularidade,principal,403,36,1615,7,incluido,0.2
3,Popularidade,principal,404,37,1614,3,incluido,0.0
3,Popularidade,principal,405,578,1073,36,incluido,0.1
3,Popularidade,principal,406,271,1380,40,incluido,0.5
3,Popularidade,principal,407,189,1462,21,incluido,0.4
3,Popularidade,principal,408,23,1628,2,incluido,0.0
3,Popularidade,principal,409,161,1490,29,incluido,0.3
3,Popularidade,principal,410,22,1629,2,incluido,0.1
3,Popularidade,principal,411,42,1609,11,incluido,0.2
3,Popularidade,principal,412,43,1608,6,incluido,0.1
3,Popularidade,principal,413,40,1611,4,incluido,0.1
3,Popularidade,principal,414,22,1629,2,incluido,0.1
3,Popularidade,principal,415,18,1633,6,incluido,0.2
3,Popularidade,principal,416,405,1246,56,incluido,0.6
3,Popularidade,principal,417,303,1348,25,incluido,0.3
3,Popularidade,principal,418,18,1633,2,incluido,0.1
3,Popularidade,principal,419,24,1627,5,incluido,0.2
3,Popularidade,principal,420,28,1623,7,incluido,0.0
3,Popularidade,principal,421,49,1602,9,incluido,0.1
3,Popularidade,principal,422,82,1569,9,incluido,0.2
3,Popularidade,principal,423,48,1603,7,incluido,0.1
3,Popularidade,principal,424,38,1613,2,incluido,0.0
3,Popularidade,principal,425,164,1487,8,incluido,0.2
3,Popularidade,principal,426,84,1567,14,incluido,0.1
3,Popularidade,principal,427,24,1627,5,incluido,0.0
3,Popularidade,principal,428,45,1606,8,incluido,0.1
3,Popularidade,principal,429,318,1333,37,incluido,0.2
3,Popularidade,principal,430,54,1597,7,incluido,0.2
3,Popularidade,principal,431,16,1635,3,incluido,0.1
3,Popularidade,principal,432,49,1602,10,incluido,0.3
3,Popularidade,principal,433,35,1616,2,incluido,0.0
3,Popularidade,principal,434,37,1614,5,incluido,0.0
3,Popularidade,principal,435,288,1363,38,incluido,0.5
3,Popularidade,principal,436,117,1534,18,incluido,0.1
3,Popularidade,principal,437,212,1439,34,incluido,0.2
3,Popularidade,principal,438,29,1622,4,incluido,0.1
3,Popularidade,principal,439,21,1630,6,incluido,0.0
3,Popularidade,principal,440,46,1605,3,incluido,0.0
3,Popularidade,principal,441,16,1635,3,incluido,0.2
3,Popularidade,principal,442,116,1535,8,incluido,0.2
3,Popularidade,principal,443,23,1628,0,sem_relevante_elegivel,
3,Popularidade,principal,444,22,1629,2,incluido,0.0
3,Popularidade,principal,445,105,1546,0,sem_relevante_elegivel,
3,Popularidade,principal,446,27,1624,2,incluido,0.0
3,Popularidade,principal,447,114,1537,14,incluido,0.3
3,Popularidade,principal,448,32,1619,3,incluido,0.0
3,Popularidade,principal,449,54,1597,14,incluido,0.1
3,Popularidade,principal,450,432,1219,78,incluido,0.6
3,Popularidade,principal,451,78,1573,6,incluido,0.0
3,Popularidade,principal,452,171,1480,19,incluido,0.2
3,Popularidade,principal,453,129,1522,14,incluido,0.1
3,Popularidade,principal,454,180,1471,16,incluido,0.2
3,Popularidade,principal,455,156,1495,19,incluido,0.5
3,Popularidade,principal,456,161,1490,28,incluido,0.2
3,Popularidade,principal,457,227,1424,36,incluido,0.5
3,Popularidade,principal,458,150,1501,22,incluido,0.2
3,Popularidade,principal,459,97,1554,13,incluido,0.2
3,Popularidade,principal,460,53,1598,5,incluido,0.1
3,Popularidade,principal,461,18,1633,1,incluido,0.0
3,Popularidade,principal,462,22,1629,9,incluido,0.2
3,Popularidade,principal,463,101,1550,9,incluido,0.0
3,Popularidade,principal,464,42,1609,9,incluido,0.0
3,Popularidade,principal,465,63,1588,6,incluido,0.1
3,Popularidade,principal,466,77,1574,7,incluido,0.2
3,Popularidade,principal,467,36,1615,5,incluido,0.2
3,Popularidade,principal,468,113,1538,24,incluido,0.5
3,Popularidade,principal,469,33,1618,10,incluido,0.0
3,Popularidade,principal,470,50,1601,4,incluido,0.0
3,Popularidade,principal,471,23,1628,4,incluido,0.0
3,Popularidade,principal,472,204,1447,54,incluido,0.4
3,Popularidade,principal,473,28,1623,5,incluido,0.0
3,Popularidade,principal,474,257,1394,55,incluido,0.4
3,Popularidade,principal,475,15,1636,3,incluido,0.1
3,Popularidade,principal,476,67,1584,7,incluido,0.1
3,Popularidade,principal,477,26,1625,9,incluido,0.0
3,Popularidade,principal,478,98,1553,11,incluido,0.1
3,Popularidade,principal,479,168,1483,18,incluido,0.3
3,Popularidade,principal,480,45,1606,11,incluido,0.3
3,Popularidade,principal,481,45,1606,10,incluido,0.1
3,Popularidade,principal,482,20,1631,3,incluido,0.1
3,Popularidade,principal,483,47,1604,3,incluido,0.1
3,Popularidade,principal,484,113,1538,22,incluido,0.3
3,Popularidade,principal,485,20,1631,2,incluido,0.0
3,Popularidade,principal,486,152,1499,15,incluido,0.4
3,Popularidade,principal,487,187,1464,29,incluido,0.5
3,Popularidade,principal,488,123,1528,16,incluido,0.1
3,Popularidade,principal,489,81,1570,17,incluido,0.1
3,Popularidade,principal,490,47,1604,4,incluido,0.0
3,Popularidade,principal,491,29,1622,2,incluido,0.0
3,Popularidade,principal,492,44,1607,1,incluido,0.0
3,Popularidade,principal,493,113,1538,16,incluido,0.4
3,Popularidade,principal,494,37,1614,5,incluido,0.2
3,Popularidade,principal,495,173,1478,28,incluido,0.0
3,Popularidade,principal,496,104,1547,10,incluido,0.2
3,Popularidade,principal,497,217,1434,19,incluido,0.4
3,Popularidade,principal,498,116,1535,15,incluido,0.2
3,Popularidade,principal,499,81,1570,16,incluido,0.1
3,Popularidade,principal,500,168,1483,28,incluido,0.0
3,Popularidade,principal,501,61,1590,9,incluido,0.0
3,Popularidade,principal,502,30,1621,1,incluido,0.1
3,Popularidade,principal,503,121,1530,26,incluido,0.1
3,Popularidade,principal,504,181,1470,48,incluido,0.2
3,Popularidade,principal,505,94,1557,11,incluido,0.1
3,Popularidade,principal,506,207,1444,23,incluido,0.3
3,Popularidade,principal,507,42,1609,13,incluido,0.1
3,Popularidade,principal,508,69,1582,13,incluido,0.0
3,Popularidade,principal,509,28,1623,1,incluido,0.0
3,Popularidade,principal,510,26,1625,1,incluido,0.1
3,Popularidade,principal,511,22,1629,2,incluido,0.1
3,Popularidade,principal,512,19,1632,2,incluido,0.0
3,Popularidade,principal,513,21,1630,1,incluido,0.1
3,Popularidade,principal,514,167,1484,21,incluido,0.0
3,Popularidade,principal,515,33,1618,2,incluido,0.1
3,Popularidade,principal,516,16,1635,3,incluido,0.1
3,Popularidade,principal,517,30,1621,3,incluido,0.0
3,Popularidade,principal,518,59,1592,9,incluido,0.1
3,Popularidade,principal,519,38,1613,8,incluido,0.0
3,Popularidade,principal,520,17,1634,5,incluido,0.2
3,Popularidade,principal,521,118,1533,9,incluido,0.3
3,Popularidade,principal,522,27,1624,3,incluido,0.0
3,Popularidade,principal,523,84,1567,13,incluido,0.1
3,Popularidade,principal,524,235,1416,32,incluido,0.1
3,Popularidade,principal,525,44,1607,5,incluido,0.2
3,Popularidade,principal,526,56,1595,4,incluido,0.2
3,Popularidade,principal,527,109,1542,18,incluido,0.1
3,Popularidade,principal,528,41,1610,5,incluido,0.2
3,Popularidade,principal,529,35,1616,7,incluido,0.0
3,Popularidade,principal,530,39,1612,5,incluido,0.1
3,Popularidade,principal,531,26,1625,4,incluido,0.0
3,Popularidade,principal,532,213,1438,41,incluido,0.0
3,Popularidade,principal,533,210,1441,29,incluido,0.3
3,Popularidade,principal,534,61,1590,18,incluido,0.2
3,Popularidade,principal,535,163,1488,39,incluido,0.4
3,Popularidade,principal,536,126,1525,26,incluido,0.2
3,Popularidade,principal,537,404,1247,28,incluido,0.0
3,Popularidade,principal,538,72,1579,5,incluido,0.1
3,Popularidade,principal,539,46,1605,7,incluido,0.0
3,Popularidade,principal,540,46,1605,10,incluido,0.2
3,Popularidade,principal,541,94,1557,20,incluido,0.1
3,Popularidade,principal,542,101,1550,15,incluido,0.1
3,Popularidade,principal,543,162,1489,17,incluido,0.0
3,Popularidade,principal,544,25,1626,2,incluido,0.0
3,Popularidade,principal,545,131,1520,14,incluido,0.1
3,Popularidade,principal,546,47,1604,9,incluido,0.3
3,Popularidade,principal,547,19,1632,3,incluido,0.0
3,Popularidade,principal,548,124,1527,18,incluido,0.2
3,Popularidade,principal,549,20,1631,3,incluido,0.2
3,Popularidade,principal,550,34,1617,4,incluido,0.0
3,Popularidade,principal,551,267,1384,47,incluido,0.5
3,Popularidade,principal,552,74,1577,4,incluido,0.3
3,Popularidade,principal,553,84,1567,13,incluido,0.1
3,Popularidade,principal,554,90,1561,13,incluido,0.5
3,Popularidade,principal,555,43,1608,7,incluido,0.1
3,Popularidade,principal,556,38,1613,6,incluido,0.1
3,Popularidade,principal,557,44,1607,7,incluido,0.1
3,Popularidade,principal,558,16,1635,3,incluido,0.0
3,Popularidade,principal,559,63,1588,4,incluido,0.0
3,Popularidade,principal,560,80,1571,8,incluido,0.1
3,Popularidade,principal,561,284,1367,22,incluido,0.2
3,Popularidade,principal,562,59,1592,8,incluido,0.2
3,Popularidade,principal,563,23,1628,4,incluido,0.0
3,Popularidade,principal,564,27,1624,1,incluido,0.1
3,Popularidade,principal,565,27,1624,8,incluido,0.0
3,Popularidade,principal,566,123,1528,16,incluido,0.3
3,Popularidade,principal,567,124,1527,22,incluido,0.1
3,Popularidade,principal,568,58,1593,15,incluido,0.0
3,Popularidade,principal,569,53,1598,11,incluido,0.1
3,Popularidade,principal,570,18,1633,1,incluido,0.0
3,Popularidade,principal,571,11,1640,5,incluido,0.1
3,Popularidade,principal,572,13,1638,5,incluido,0.2
3,Popularidade,principal,573,40,1611,7,incluido,0.0
3,Popularidade,principal,574,40,1611,2,incluido,0.1
3,Popularidade,principal,575,20,1631,2,incluido,0.0
3,Popularidade,principal,576,29,1622,5,incluido,0.2
3,Popularidade,principal,577,141,1510,27,incluido,0.2
3,Popularidade,principal,578,19,1632,1,incluido,0.0
3,Popularidade,principal,579,57,1594,7,incluido,0.2
3,Popularidade,principal,580,38,1613,6,incluido,0.2
3,Popularidade,principal,581,23,1628,4,incluido,0.1
3,Popularidade,principal,582,47,1604,7,incluido,0.1
3,Popularidade,principal,583,18,1633,9,incluido,0.1
3,Popularidade,principal,584,18,1633,4,incluido,0.0
3,Popularidade,principal,585,73,1578,6,incluido,0.0
3,Popularidade,principal,586,137,1514,12,incluido,0.1
3,Popularidade,principal,587,79,1572,9,incluido,0.2
3,Popularidade,principal,588,181,1470,22,incluido,0.6
3,Popularidade,principal,589,37,1614,2,incluido,0.1
3,Popularidade,principal,590,43,1608,3,incluido,0.0
3,Popularidade,principal,591,66,1585,7,incluido,0.0
3,Popularidade,principal,592,283,1368,53,incluido,0.8
3,Popularidade,principal,593,126,1525,17,incluido,0.5
3,Popularidade,principal,594,23,1628,1,incluido,0.0
3,Popularidade,principal,595,71,1580,10,incluido,0.1
3,Popularidade,principal,596,17,1634,2,incluido,0.1
3,Popularidade,principal,597,35,1616,2,incluido,0.1
3,Popularidade,principal,598,17,1634,6,incluido,0.1
3,Popularidade,principal,599,38,1613,6,incluido,0.2
3,Popularidade,principal,600,72,1579,8,incluido,0.0
3,Popularidade,principal,601,119,1532,17,incluido,0.1
3,Popularidade,principal,602,27,1624,0,sem_relevante_elegivel,
3,Popularidade,principal,603,41,1610,4,incluido,0.1
3,Popularidade,principal,604,26,1625,1,incluido,0.0
3,Popularidade,principal,605,63,1588,18,incluido,0.1
3,Popularidade,principal,606,198,1453,26,incluido,0.3
3,Popularidade,principal,607,29,1622,5,incluido,0.0
3,Popularidade,principal,608,132,1519,18,incluido,0.1
3,Popularidade,principal,609,22,1629,5,incluido,0.0
3,Popularidade,principal,610,62,1589,9,incluido,0.1
3,Popularidade,principal,611,36,1615,3,incluido,0.0
3,Popularidade,principal,612,23,1628,3,incluido,0.2
3,Popularidade,principal,613,24,1627,3,incluido,0.1
3,Popularidade,principal,614,34,1617,1,incluido,0.1
3,Popularidade,principal,615,78,1573,19,incluido,0.1
3,Popularidade,principal,616,34,1617,5,incluido,0.1
3,Popularidade,principal,617,79,1572,10,incluido,0.0
3,Popularidade,principal,618,164,1487,21,incluido,0.2
3,Popularidade,principal,619,75,1576,7,incluido,0.2
3,Popularidade,principal,620,85,1566,18,incluido,0.1
3,Popularidade,principal,621,137,1514,21,incluido,0.0
3,Popularidade,principal,622,179,1472,27,incluido,0.3
3,Popularidade,principal,623,38,1613,3,incluido,0.2
3,Popularidade,principal,624,114,1537,11,incluido,0.0
3,Popularidade,principal,625,87,1564,9,incluido,0.0
3,Popularidade,principal,626,28,1623,0,sem_relevante_elegivel,
3,Popularidade,principal,627,156,1495,12,incluido,0.0
3,Popularidade,principal,628,24,1627,3,incluido,0.0
3,Popularidade,principal,629,91,1560,22,incluido,0.3
3,Popularidade,principal,630,88,1563,11,incluido,0.4
3,Popularidade,principal,631,16,1635,2,incluido,0.0
3,Popularidade,principal,632,93,1558,12,incluido,0.2
3,Popularidade,principal,633,50,1601,2,incluido,0.1
3,Popularidade,principal,634,107,1544,12,incluido,0.1
3,Popularidade,principal,635,26,1625,3,incluido,0.0
3,Popularidade,principal,636,17,1634,3,incluido,0.0
3,Popularidade,principal,637,86,1565,5,incluido,0.1
3,Popularidade,principal,638,54,1597,4,incluido,0.0
3,Popularidade,principal,639,126,1525,8,incluido,0.0
3,Popularidade,principal,640,86,1565,19,incluido,0.0
3,Popularidade,principal,641,29,1622,7,incluido,0.0
3,Popularidade,principal,642,259,1392,34,incluido,0.2
3,Popularidade,principal,643,160,1491,27,incluido,0.5
3,Popularidade,principal,644,33,1618,9,incluido,0.3
3,Popularidade,principal,645,102,1549,13,incluido,0.0
3,Popularidade,principal,646,29,1622,1,incluido,0.0
3,Popularidade,principal,647,50,1601,6,incluido,0.0
3,Popularidade,principal,648,237,1414,32,incluido,0.3
3,Popularidade,principal,649,21,1630,2,incluido,0.0
3,Popularidade,principal,650,245,1406,20,incluido,0.5
3,Popularidade,principal,651,18,1633,1,incluido,0.0
3,Popularidade,principal,652,18,1633,2,incluido,0.0
3,Popularidade,principal,653,222,1429,19,incluido,0.5
3,Popularidade,principal,654,117,1534,20,incluido,0.6
3,Popularidade,principal,655,540,1111,25,incluido,0.1
3,Popularidade,principal,656,21,1630,0,sem_relevante_elegivel,
3,Popularidade,principal,657,20,1631,5,incluido,0.1
3,Popularidade,principal,658,54,1597,9,incluido,0.2
3,Popularidade,principal,659,163,1488,13,incluido,0.0
3,Popularidade,principal,660,168,1483,12,incluido,0.1
3,Popularidade,principal,661,88,1563,23,incluido,0.1
3,Popularidade,principal,662,16,1635,5,incluido,0.1
3,Popularidade,principal,663,121,1530,21,incluido,0.4
3,Popularidade,principal,664,132,1519,25,incluido,0.4
3,Popularidade,principal,665,127,1524,6,incluido,0.2
3,Popularidade,principal,666,193,1458,30,incluido,0.1
3,Popularidade,principal,667,38,1613,5,incluido,0.0
3,Popularidade,principal,668,34,1617,8,incluido,0.0
3,Popularidade,principal,669,78,1573,10,incluido,0.2
3,Popularidade,principal,670,41,1610,4,incluido,0.0
3,Popularidade,principal,671,102,1549,11,incluido,0.1
3,Popularidade,principal,672,24,1627,2,incluido,0.0
3,Popularidade,principal,673,28,1623,7,incluido,0.1
3,Popularidade,principal,674,34,1617,5,incluido,0.1
3,Popularidade,principal,675,31,1620,2,incluido,0.0
3,Popularidade,principal,676,67,1584,8,incluido,0.2
3,Popularidade,principal,677,36,1615,8,incluido,0.2
3,Popularidade,principal,678,24,1627,2,incluido,0.1
3,Popularidade,principal,679,50,1601,7,incluido,0.2
3,Popularidade,principal,680,32,1619,3,incluido,0.1
3,Popularidade,principal,681,19,1632,0,sem_relevante_elegivel,
3,Popularidade,principal,682,331,1320,26,incluido,0.5
3,Popularidade,principal,683,59,1592,6,incluido,0.1
3,Popularidade,principal,684,70,1581,9,incluido,0.0
3,Popularidade,principal,685,14,1637,0,sem_relevante_elegivel,
3,Popularidade,principal,686,57,1594,11,incluido,0.1
3,Popularidade,principal,687,17,1634,1,incluido,0.1
3,Popularidade,principal,688,19,1632,5,incluido,0.0
3,Popularidade,principal,689,29,1622,3,incluido,0.0
3,Popularidade,principal,690,90,1561,10,incluido,0.1
3,Popularidade,principal,691,27,1624,4,incluido,0.0
3,Popularidade,principal,692,28,1623,6,incluido,0.1
3,Popularidade,principal,693,126,1525,8,incluido,0.1
3,Popularidade,principal,694,135,1516,19,incluido,0.0
3,Popularidade,principal,695,27,1624,6,incluido,0.0
3,Popularidade,principal,696,23,1628,4,incluido,0.0
3,Popularidade,principal,697,83,1568,11,incluido,0.1
3,Popularidade,principal,698,100,1551,7,incluido,0.1
3,Popularidade,principal,699,118,1533,9,incluido,0.2
3,Popularidade,principal,700,18,1633,2,incluido,0.0
3,Popularidade,principal,701,25,1626,5,incluido,0.0
3,Popularidade,principal,702,22,1629,5,incluido,0.0
3,Popularidade,principal,703,40,1611,5,incluido,0.2
3,Popularidade,principal,704,71,1580,12,incluido,0.2
3,Popularidade,principal,705,92,1559,15,incluido,0.3
3,Popularidade,principal,706,23,1628,3,incluido,0.1
3,Popularidade,principal,707,194,1457,27,incluido,0.1
3,Popularidade,principal,708,79,1572,12,incluido,0.3
3,Popularidade,principal,709,117,1534,13,incluido,0.0
3,Popularidade,principal,710,67,1584,9,incluido,0.0
3,Popularidade,principal,711,170,1481,41,incluido,0.0
3,Popularidade,principal,712,128,1523,23,incluido,0.1
3,Popularidade,principal,713,24,1627,2,incluido,0.0
3,Popularidade,principal,714,36,1615,4,incluido,0.2
3,Popularidade,principal,715,135,1516,15,incluido,0.3
3,Popularidade,principal,716,206,1445,45,incluido,0.4
3,Popularidade,principal,717,72,1579,17,incluido,0.4
3,Popularidade,principal,718,36,1615,1,incluido,0.0
3,Popularidade,principal,719,55,1596,7,incluido,0.0
3,Popularidade,principal,720,21,1630,7,incluido,0.1
3,Popularidade,principal,721,141,1510,16,incluido,0.3
3,Popularidade,principal,722,36,1615,4,incluido,0.0
3,Popularidade,principal,723,17,1634,2,incluido,0.0
3,Popularidade,principal,724,64,1587,4,incluido,0.1
3,Popularidade,principal,725,18,1633,5,incluido,0.1
3,Popularidade,principal,726,21,1630,1,incluido,0.1
3,Popularidade,principal,727,268,1383,18,incluido,0.2
3,Popularidade,principal,728,19,1632,6,incluido,0.1
3,Popularidade,principal,729,16,1635,1,incluido,0.0
3,Popularidade,principal,730,27,1624,4,incluido,0.1
3,Popularidade,principal,731,57,1594,13,incluido,0.0
3,Popularidade,principal,732,17,1634,2,incluido,0.1
3,Popularidade,principal,733,85,1566,7,incluido,0.1
3,Popularidade,principal,734,55,1596,6,incluido,0.0
3,Popularidade,principal,735,47,1604,2,incluido,0.0
3,Popularidade,principal,736,21,1630,2,incluido,0.0
3,Popularidade,principal,737,28,1623,3,incluido,0.0
3,Popularidade,principal,738,120,1531,14,incluido,0.2
3,Popularidade,principal,739,29,1622,5,incluido,0.0
3,Popularidade,principal,740,17,1634,2,incluido,0.1
3,Popularidade,principal,741,76,1575,11,incluido,0.2
3,Popularidade,principal,742,24,1627,2,incluido,0.2
3,Popularidade,principal,743,26,1625,6,incluido,0.0
3,Popularidade,principal,744,24,1627,0,sem_relevante_elegivel,
3,Popularidade,principal,745,48,1603,2,incluido,0.1
3,Popularidade,principal,746,54,1597,10,incluido,0.1
3,Popularidade,principal,747,243,1408,43,incluido,0.3
3,Popularidade,principal,748,82,1569,21,incluido,0.2
3,Popularidade,principal,749,253,1398,29,incluido,0.0
3,Popularidade,principal,750,24,1627,3,incluido,0.1
3,Popularidade,principal,751,126,1525,24,incluido,0.2
3,Popularidade,principal,752,59,1592,3,incluido,0.0
3,Popularidade,principal,753,41,1610,10,incluido,0.2
3,Popularidade,principal,754,26,1625,5,incluido,0.0
3,Popularidade,principal,755,33,1618,3,incluido,0.0
3,Popularidade,principal,756,91,1560,7,incluido,0.1
3,Popularidade,principal,757,136,1515,15,incluido,0.3
3,Popularidade,principal,758,276,1375,57,incluido,0.4
3,Popularidade,principal,759,25,1626,6,incluido,0.2
3,Popularidade,principal,760,30,1621,4,incluido,0.0
3,Popularidade,principal,761,57,1594,2,incluido,0.0
3,Popularidade,principal,762,15,1636,2,incluido,0.0
3,Popularidade,principal,763,95,1556,22,incluido,0.3
3,Popularidade,principal,764,85,1566,15,incluido,0.0
3,Popularidade,principal,765,14,1637,6,incluido,0.0
3,Popularidade,principal,766,139,1512,14,incluido,0.1
3,Popularidade,principal,767,31,1620,6,incluido,0.1
3,Popularidade,principal,768,55,1596,1,incluido,0.0
3,Popularidade,principal,769,24,1627,2,incluido,0.0
3,Popularidade,principal,770,47,1604,11,incluido,0.1
3,Popularidade,principal,771,56,1595,9,incluido,0.2
3,Popularidade,principal,772,26,1625,6,incluido,0.1
3,Popularidade,principal,773,132,1519,15,incluido,0.2
3,Popularidade,principal,774,182,1469,6,incluido,0.1
3,Popularidade,principal,775,18,1633,8,incluido,0.1
3,Popularidade,principal,776,88,1563,10,incluido,0.2
3,Popularidade,principal,777,30,1621,4,incluido,0.0
3,Popularidade,principal,778,54,1597,3,incluido,0.1
3,Popularidade,principal,779,33,1618,4,incluido,0.1
3,Popularidade,principal,780,42,1609,10,incluido,0.0
3,Popularidade,principal,781,26,1625,10,incluido,0.3
3,Popularidade,principal,782,189,1462,12,incluido,0.1
3,Popularidade,principal,783,28,1623,2,incluido,0.1
3,Popularidade,principal,784,30,1621,7,incluido,0.1
3,Popularidade,principal,785,21,1630,4,incluido,0.3
3,Popularidade,principal,786,98,1553,16,incluido,0.1
3,Popularidade,principal,787,43,1608,4,incluido,0.0
3,Popularidade,principal,788,211,1440,12,incluido,0.2
3,Popularidade,principal,789,28,1623,1,incluido,0.0
3,Popularidade,principal,790,184,1467,19,incluido,0.3
3,Popularidade,principal,791,24,1627,1,incluido,0.0
3,Popularidade,principal,792,34,1617,6,incluido,0.3
3,Popularidade,principal,793,43,1608,7,incluido,0.1
3,Popularidade,principal,794,27,1624,9,incluido,0.1
3,Popularidade,principal,795,125,1526,10,incluido,0.0
3,Popularidade,principal,796,289,1362,34,incluido,0.5
3,Popularidade,principal,797,21,1630,2,incluido,0.0
3,Popularidade,principal,798,196,1455,20,incluido,0.1
3,Popularidade,principal,799,19,1632,3,incluido,0.0
3,Popularidade,principal,800,24,1627,4,incluido,0.1
3,Popularidade,principal,801,25,1626,1,incluido,0.0
3,Popularidade,principal,802,64,1587,8,incluido,0.0
3,Popularidade,principal,803,24,1627,3,incluido,0.0
3,Popularidade,principal,804,263,1388,47,incluido,0.5
3,Popularidade,principal,805,223,1428,23,incluido,0.2
3,Popularidade,principal,806,115,1536,15,incluido,0.2
3,Popularidade,principal,807,167,1484,27,incluido,0.1
3,Popularidade,principal,808,17,1634,5,incluido,0.0
3,Popularidade,principal,809,18,1633,2,incluido,0.0
3,Popularidade,principal,810,19,1632,6,incluido,0.0
3,Popularidade,principal,811,18,1633,2,incluido,0.1
3,Popularidade,principal,812,19,1632,1,incluido,0.0
3,Popularidade,principal,813,22,1629,2,incluido,0.0
3,Popularidade,principal,814,27,1624,1,incluido,0.0
3,Popularidade,principal,815,149,1502,23,incluido,0.3
3,Popularidade,principal,816,23,1628,2,incluido,0.1
3,Popularidade,principal,817,31,1620,2,incluido,0.0
3,Popularidade,principal,818,17,1634,4,incluido,0.1
3,Popularidade,principal,819,22,1629,5,incluido,0.1
3,Popularidade,principal,820,18,1633,2,incluido,0.1
3,Popularidade,principal,821,53,1598,8,incluido,0.1
3,Popularidade,principal,822,19,1632,0,sem_relevante_elegivel,
3,Popularidade,principal,823,149,1502,24,incluido,0.0
3,Popularidade,principal,824,19,1632,0,sem_relevante_elegivel,
3,Popularidade,principal,825,114,1537,14,incluido,0.2
3,Popularidade,principal,826,85,1566,16,incluido,0.4
3,Popularidade,principal,827,24,1627,1,incluido,0.0
3,Popularidade,principal,828,79,1572,8,incluido,0.0
3,Popularidade,principal,829,47,1604,9,incluido,0.2
3,Popularidade,principal,830,91,1560,9,incluido,0.1
3,Popularidade,principal,831,57,1594,9,incluido,0.4
3,Popularidade,principal,832,22,1629,0,sem_relevante_elegivel,
3,Popularidade,principal,833,212,1439,23,incluido,0.0
3,Popularidade,principal,834,45,1606,8,incluido,0.1
3,Popularidade,principal,835,83,1568,14,incluido,0.2
3,Popularidade,principal,836,42,1609,5,incluido,0.0
3,Popularidade,principal,837,38,1613,4,incluido,0.1
3,Popularidade,principal,838,75,1576,14,incluido,0.4
3,Popularidade,principal,839,45,1606,3,incluido,0.2
3,Popularidade,principal,840,157,1494,31,incluido,0.2
3,Popularidade,principal,841,24,1627,5,incluido,0.1
3,Popularidade,principal,842,21,1630,4,incluido,0.0
3,Popularidade,principal,843,167,1484,4,incluido,0.0
3,Popularidade,principal,844,63,1588,8,incluido,0.2
3,Popularidade,principal,845,25,1626,0,sem_relevante_elegivel,
3,Popularidade,principal,846,329,1322,43,incluido,0.0
3,Popularidade,principal,847,121,1530,9,incluido,0.2
3,Popularidade,principal,848,124,1527,17,incluido,0.0
3,Popularidade,principal,849,21,1630,2,incluido,0.1
3,Popularidade,principal,850,40,1611,8,incluido,0.0
3,Popularidade,principal,851,168,1483,17,incluido,0.1
3,Popularidade,principal,852,40,1611,3,incluido,0.1
3,Popularidade,principal,853,32,1619,2,incluido,0.0
3,Popularidade,principal,854,183,1468,15,incluido,0.1
3,Popularidade,principal,855,22,1629,0,sem_relevante_elegivel,
3,Popularidade,principal,856,23,1628,3,incluido,0.1
3,Popularidade,principal,857,18,1633,1,incluido,0.0
3,Popularidade,principal,858,16,1635,2,incluido,0.0
3,Popularidade,principal,859,28,1623,8,incluido,0.0
3,Popularidade,principal,860,55,1596,6,incluido,0.1
3,Popularidade,principal,861,32,1619,9,incluido,0.0
3,Popularidade,principal,862,135,1516,25,incluido,0.1
3,Popularidade,principal,863,75,1576,13,incluido,0.2
3,Popularidade,principal,864,234,1417,42,incluido,0.6
3,Popularidade,principal,865,55,1596,3,incluido,0.1
3,Popularidade,principal,866,16,1635,1,incluido,0.0
3,Popularidade,principal,867,82,1569,10,incluido,0.1
3,Popularidade,principal,868,176,1475,13,incluido,0.2
3,Popularidade,principal,869,37,1614,3,incluido,0.2
3,Popularidade,principal,870,231,1420,16,incluido,0.1
3,Popularidade,principal,871,95,1556,7,incluido,0.1
3,Popularidade,principal,872,61,1590,5,incluido,0.1
3,Popularidade,principal,873,15,1636,2,incluido,0.0
3,Popularidade,principal,874,24,1627,4,incluido,0.1
3,Popularidade,principal,875,80,1571,8,incluido,0.0
3,Popularidade,principal,876,15,1636,4,incluido,0.0
3,Popularidade,principal,877,66,1585,11,incluido,0.0
3,Popularidade,principal,878,116,1535,9,incluido,0.1
3,Popularidade,principal,879,25,1626,3,incluido,0.2
3,Popularidade,principal,880,282,1369,45,incluido,0.5
3,Popularidade,principal,881,201,1450,27,incluido,0.3
3,Popularidade,principal,882,109,1542,24,incluido,0.5
3,Popularidade,principal,883,209,1442,37,incluido,0.2
3,Popularidade,principal,884,34,1617,4,incluido,0.0
3,Popularidade,principal,885,80,1571,11,incluido,0.1
3,Popularidade,principal,886,199,1452,17,incluido,0.3
3,Popularidade,principal,887,142,1509,20,incluido,0.2
3,Popularidade,principal,888,15,1636,5,incluido,0.1
3,Popularidade,principal,889,265,1386,29,incluido,0.2
3,Popularidade,principal,890,93,1558,21,incluido,0.3
3,Popularidade,principal,891,36,1615,7,incluido,0.1
3,Popularidade,principal,892,188,1463,28,incluido,0.2
3,Popularidade,principal,893,47,1604,7,incluido,0.3
3,Popularidade,principal,894,202,1449,26,incluido,0.1
3,Popularidade,principal,895,16,1635,1,incluido,0.0
3,Popularidade,principal,896,283,1368,29,incluido,0.3
3,Popularidade,principal,897,149,1502,23,incluido,0.3
3,Popularidade,principal,898,22,1629,2,incluido,0.0
3,Popularidade,principal,899,106,1545,19,incluido,0.1
3,Popularidade,principal,900,41,1610,0,sem_relevante_elegivel,
3,Popularidade,principal,901,97,1554,20,incluido,0.1
3,Popularidade,principal,902,37,1614,6,incluido,0.2
3,Popularidade,principal,903,115,1536,16,incluido,0.0
3,Popularidade,principal,904,39,1612,6,incluido,0.1
3,Popularidade,principal,905,30,1621,7,incluido,0.0
3,Popularidade,principal,906,31,1620,8,incluido,0.0
3,Popularidade,principal,907,111,1540,33,incluido,0.5
3,Popularidade,principal,908,66,1585,5,incluido,0.1
3,Popularidade,principal,909,23,1628,1,incluido,0.1
3,Popularidade,principal,910,53,1598,3,incluido,0.2
3,Popularidade,principal,911,78,1573,13,incluido,0.0
3,Popularidade,principal,912,45,1606,5,incluido,0.0
3,Popularidade,principal,913,106,1545,12,incluido,0.1
3,Popularidade,principal,914,19,1632,2,incluido,0.0
3,Popularidade,principal,915,22,1629,1,incluido,0.0
3,Popularidade,principal,916,247,1404,28,incluido,0.1
3,Popularidade,principal,917,24,1627,8,incluido,0.0
3,Popularidade,principal,918,75,1576,14,incluido,0.0
3,Popularidade,principal,919,176,1475,21,incluido,0.3
3,Popularidade,principal,920,23,1628,0,sem_relevante_elegivel,
3,Popularidade,principal,921,96,1555,7,incluido,0.1
3,Popularidade,principal,922,102,1549,12,incluido,0.1
3,Popularidade,principal,923,53,1598,19,incluido,0.1
3,Popularidade,principal,924,69,1582,9,incluido,0.2
3,Popularidade,principal,925,28,1623,2,incluido,0.1
3,Popularidade,principal,926,16,1635,2,incluido,0.0
3,Popularidade,principal,927,90,1561,22,incluido,0.2
3,Popularidade,principal,928,22,1629,8,incluido,0.0
3,Popularidade,principal,929,35,1616,9,incluido,0.2
3,Popularidade,principal,930,51,1600,4,incluido,0.0
3,Popularidade,principal,931,52,1599,3,incluido,0.0
3,Popularidade,principal,932,188,1463,38,incluido,0.0
3,Popularidade,principal,933,147,1504,8,incluido,0.1
3,Popularidade,principal,934,148,1503,16,incluido,0.0
3,Popularidade,principal,935,31,1620,7,incluido,0.1
3,Popularidade,principal,936,111,1540,19,incluido,0.2
3,Popularidade,principal,937,27,1624,6,incluido,0.1
3,Popularidade,principal,938,85,1566,12,incluido,0.3
3,Popularidade,principal,939,35,1616,11,incluido,0.0
3,Popularidade,principal,940,91,1560,7,incluido,0.0
3,Popularidade,principal,941,16,1635,6,incluido,0.1
3,Popularidade,principal,942,67,1584,11,incluido,0.0
3,Popularidade,principal,943,124,1527,27,incluido,0.2
4,Popularidade,principal,1,216,1438,33,incluido,0.4
4,Popularidade,principal,2,49,1605,6,incluido,0.1
4,Popularidade,principal,3,43,1611,1,incluido,0.0
4,Popularidade,principal,4,18,1636,6,incluido,0.2
4,Popularidade,principal,5,143,1511,10,incluido,0.1
4,Popularidade,principal,6,149,1505,41,incluido,0.5
4,Popularidade,principal,7,335,1319,46,incluido,0.2
4,Popularidade,principal,8,51,1603,6,incluido,0.0
4,Popularidade,principal,9,18,1636,4,incluido,0.1
4,Popularidade,principal,10,150,1504,29,incluido,0.1
4,Popularidade,principal,11,139,1515,17,incluido,0.0
4,Popularidade,principal,12,45,1609,6,incluido,0.1
4,Popularidade,principal,13,518,1136,47,incluido,0.4
4,Popularidade,principal,14,82,1572,12,incluido,0.2
4,Popularidade,principal,15,79,1575,8,incluido,0.1
4,Popularidade,principal,16,120,1534,17,incluido,0.0
4,Popularidade,principal,17,20,1634,1,incluido,0.0
4,Popularidade,principal,18,232,1422,27,incluido,0.1
4,Popularidade,principal,19,16,1638,3,incluido,0.0
4,Popularidade,principal,20,39,1615,5,incluido,0.1
4,Popularidade,principal,21,150,1504,8,incluido,0.1
4,Popularidade,principal,22,103,1551,15,incluido,0.0
4,Popularidade,principal,23,128,1526,10,incluido,0.1
4,Popularidade,principal,24,58,1596,6,incluido,0.0
4,Popularidade,principal,25,67,1587,11,incluido,0.2
4,Popularidade,principal,26,78,1576,4,incluido,0.3
4,Popularidade,principal,27,18,1636,4,incluido,0.0
4,Popularidade,principal,28,58,1596,12,incluido,0.1
4,Popularidade,principal,29,29,1625,4,incluido,0.1
4,Popularidade,principal,30,34,1620,8,incluido,0.2
4,Popularidade,principal,31,33,1621,2,incluido,0.0
4,Popularidade,principal,32,30,1624,2,incluido,0.1
4,Popularidade,principal,33,17,1637,5,incluido,0.2
4,Popularidade,principal,34,17,1637,3,incluido,0.0
4,Popularidade,principal,35,21,1633,0,sem_relevante_elegivel,
4,Popularidade,principal,36,18,1636,2,incluido,0.0
4,Popularidade,principal,37,44,1610,8,incluido,0.0
4,Popularidade,principal,38,98,1556,15,incluido,0.0
4,Popularidade,principal,39,18,1636,3,incluido,0.0
4,Popularidade,principal,40,24,1630,7,incluido,0.1
4,Popularidade,principal,41,40,1614,10,incluido,0.3
4,Popularidade,principal,42,150,1504,22,incluido,0.1
4,Popularidade,principal,43,182,1472,27,incluido,0.8
4,Popularidade,principal,44,124,1530,18,incluido,0.5
4,Popularidade,principal,45,41,1613,5,incluido,0.2
4,Popularidade,principal,46,20,1634,5,incluido,0.2
4,Popularidade,principal,47,18,1636,3,incluido,0.1
4,Popularidade,principal,48,52,1602,8,incluido,0.1
4,Popularidade,principal,49,172,1482,11,incluido,0.2
4,Popularidade,principal,50,19,1635,3,incluido,0.0
4,Popularidade,principal,51,17,1637,3,incluido,0.0
4,Popularidade,principal,52,45,1609,11,incluido,0.0
4,Popularidade,principal,53,20,1634,5,incluido,0.2
4,Popularidade,principal,54,51,1603,12,incluido,0.1
4,Popularidade,principal,55,19,1635,1,incluido,0.1
4,Popularidade,principal,56,153,1501,20,incluido,0.5
4,Popularidade,principal,57,81,1573,10,incluido,0.3
4,Popularidade,principal,58,125,1529,20,incluido,0.2
4,Popularidade,principal,59,298,1356,63,incluido,0.4
4,Popularidade,principal,60,165,1489,35,incluido,0.3
4,Popularidade,principal,61,18,1636,1,incluido,0.0
4,Popularidade,principal,62,181,1473,23,incluido,0.3
4,Popularidade,principal,63,84,1570,5,incluido,0.1
4,Popularidade,principal,64,163,1491,21,incluido,0.2
4,Popularidade,principal,65,66,1588,10,incluido,0.0
4,Popularidade,principal,66,28,1626,5,incluido,0.1
4,Popularidade,principal,67,24,1630,5,incluido,0.0
4,Popularidade,principal,68,26,1628,4,incluido,0.2
4,Popularidade,principal,69,54,1600,8,incluido,0.3
4,Popularidade,principal,70,110,1544,10,incluido,0.1
4,Popularidade,principal,71,27,1627,5,incluido,0.0
4,Popularidade,principal,72,108,1546,20,incluido,0.1
4,Popularidade,principal,73,51,1603,8,incluido,0.0
4,Popularidade,principal,74,32,1622,2,incluido,0.1
4,Popularidade,principal,75,63,1591,9,incluido,0.1
4,Popularidade,principal,76,64,1590,8,incluido,0.1
4,Popularidade,principal,77,57,1597,7,incluido,0.0
4,Popularidade,principal,78,18,1636,2,incluido,0.0
4,Popularidade,principal,79,41,1613,9,incluido,0.1
4,Popularidade,principal,80,25,1629,3,incluido,0.0
4,Popularidade,principal,81,40,1614,7,incluido,0.1
4,Popularidade,principal,82,127,1527,16,incluido,0.1
4,Popularidade,principal,83,131,1523,11,incluido,0.0
4,Popularidade,principal,84,48,1606,15,incluido,0.3
4,Popularidade,principal,85,238,1416,29,incluido,0.2
4,Popularidade,principal,86,16,1638,1,incluido,0.0
4,Popularidade,principal,87,171,1483,27,incluido,0.4
4,Popularidade,principal,88,18,1636,2,incluido,0.0
4,Popularidade,principal,89,55,1599,14,incluido,0.2
4,Popularidade,principal,90,246,1408,42,incluido,0.1
4,Popularidade,principal,91,76,1578,16,incluido,0.0
4,Popularidade,principal,92,309,1345,35,incluido,0.4
4,Popularidade,principal,93,19,1635,1,incluido,0.0
4,Popularidade,principal,94,326,1328,49,incluido,0.5
4,Popularidade,principal,95,217,1437,33,incluido,0.3
4,Popularidade,principal,96,46,1608,9,incluido,0.3
4,Popularidade,principal,97,44,1610,15,incluido,0.1
4,Popularidade,principal,98,24,1630,2,incluido,0.0
4,Popularidade,principal,99,104,1550,19,incluido,0.7
4,Popularidade,principal,100,47,1607,4,incluido,0.0
4,Popularidade,principal,101,52,1602,5,incluido,0.3
4,Popularidade,principal,102,169,1485,7,incluido,0.2
4,Popularidade,principal,103,25,1629,2,incluido,0.0
4,Popularidade,principal,104,90,1564,4,incluido,0.2
4,Popularidade,principal,105,17,1637,2,incluido,0.1
4,Popularidade,principal,106,48,1606,9,incluido,0.0
4,Popularidade,principal,107,17,1637,3,incluido,0.0
4,Popularidade,principal,108,27,1627,2,incluido,0.1
4,Popularidade,principal,109,191,1463,27,incluido,0.6
4,Popularidade,principal,110,101,1553,13,incluido,0.0
4,Popularidade,principal,111,20,1634,2,incluido,0.0
4,Popularidade,principal,112,32,1622,9,incluido,0.1
4,Popularidade,principal,113,43,1611,6,incluido,0.2
4,Popularidade,principal,114,38,1616,6,incluido,0.0
4,Popularidade,principal,115,75,1579,11,incluido,0.2
4,Popularidade,principal,116,124,1530,6,incluido,0.1
4,Popularidade,principal,117,63,1591,20,incluido,0.2
4,Popularidade,principal,118,60,1594,10,incluido,0.2
4,Popularidade,principal,119,139,1515,30,incluido,0.3
4,Popularidade,principal,120,18,1636,3,incluido,0.0
4,Popularidade,principal,121,58,1596,12,incluido,0.3
4,Popularidade,principal,122,43,1611,13,incluido,0.1
4,Popularidade,principal,123,40,1614,8,incluido,0.0
4,Popularidade,principal,124,20,1634,1,incluido,0.0
4,Popularidade,principal,125,142,1512,20,incluido,0.2
4,Popularidade,principal,126,38,1616,3,incluido,0.0
4,Popularidade,principal,127,16,1638,7,incluido,0.2
4,Popularidade,principal,128,151,1503,20,incluido,0.2
4,Popularidade,principal,129,22,1632,1,incluido,0.0
4,Popularidade,principal,130,282,1372,51,incluido,0.5
4,Popularidade,principal,131,24,1630,5,incluido,0.0
4,Popularidade,principal,132,17,1637,4,incluido,0.1
4,Popularidade,principal,133,24,1630,1,incluido,0.0
4,Popularidade,principal,134,22,1632,2,incluido,0.0
4,Popularidade,principal,135,42,1612,7,incluido,0.1
4,Popularidade,principal,136,29,1625,5,incluido,0.0
4,Popularidade,principal,137,38,1616,8,incluido,0.1
4,Popularidade,principal,138,42,1612,8,incluido,0.0
4,Popularidade,principal,139,23,1631,1,incluido,0.0
4,Popularidade,principal,140,18,1636,2,incluido,0.1
4,Popularidade,principal,141,84,1570,10,incluido,0.1
4,Popularidade,principal,142,26,1628,5,incluido,0.1
4,Popularidade,principal,143,13,1641,4,incluido,0.0
4,Popularidade,principal,144,168,1486,27,incluido,0.4
4,Popularidade,principal,145,248,1406,32,incluido,0.4
4,Popularidade,principal,146,19,1635,7,incluido,0.0
4,Popularidade,principal,147,14,1640,5,incluido,0.1
4,Popularidade,principal,148,54,1600,8,incluido,0.0
4,Popularidade,principal,149,26,1628,1,incluido,0.0
4,Popularidade,principal,150,27,1627,5,incluido,0.1
4,Popularidade,principal,151,250,1404,43,incluido,0.3
4,Popularidade,principal,152,88,1566,14,incluido,0.1
4,Popularidade,principal,153,21,1633,1,incluido,0.0
4,Popularidade,principal,154,45,1609,4,incluido,0.0
4,Popularidade,principal,155,21,1633,0,sem_relevante_elegivel,
4,Popularidade,principal,156,25,1629,8,incluido,0.0
4,Popularidade,principal,157,45,1609,3,incluido,0.0
4,Popularidade,principal,158,143,1511,19,incluido,0.3
4,Popularidade,principal,159,81,1573,13,incluido,0.2
4,Popularidade,principal,160,100,1554,13,incluido,0.2
4,Popularidade,principal,161,42,1612,5,incluido,0.2
4,Popularidade,principal,162,35,1619,7,incluido,0.2
4,Popularidade,principal,163,19,1635,1,incluido,0.0
4,Popularidade,principal,164,50,1604,10,incluido,0.2
4,Popularidade,principal,165,24,1630,1,incluido,0.1
4,Popularidade,principal,166,14,1640,4,incluido,0.1
4,Popularidade,principal,167,60,1594,8,incluido,0.0
4,Popularidade,principal,168,54,1600,6,incluido,0.2
4,Popularidade,principal,169,33,1621,1,incluido,0.0
4,Popularidade,principal,170,16,1638,2,incluido,0.0
4,Popularidade,principal,171,21,1633,1,incluido,0.0
4,Popularidade,principal,172,22,1632,2,incluido,0.0
4,Popularidade,principal,173,37,1617,5,incluido,0.0
4,Popularidade,principal,174,144,1510,24,incluido,0.1
4,Popularidade,principal,175,28,1626,6,incluido,0.1
4,Popularidade,principal,176,55,1599,7,incluido,0.1
4,Popularidade,principal,177,90,1564,10,incluido,0.2
4,Popularidade,principal,178,210,1444,42,incluido,0.7
4,Popularidade,principal,179,34,1620,3,incluido,0.2
4,Popularidade,principal,180,49,1605,8,incluido,0.0
4,Popularidade,principal,181,344,1310,4,incluido,0.0
4,Popularidade,principal,182,24,1630,1,incluido,0.0
4,Popularidade,principal,183,40,1614,4,incluido,0.0
4,Popularidade,principal,184,187,1467,41,incluido,0.4
4,Popularidade,principal,185,39,1615,8,incluido,0.2
4,Popularidade,principal,186,78,1576,4,incluido,0.0
4,Popularidade,principal,187,44,1610,10,incluido,0.0
4,Popularidade,principal,188,91,1563,8,incluido,0.1
4,Popularidade,principal,189,157,1497,21,incluido,0.0
4,Popularidade,principal,190,48,1606,6,incluido,0.1
4,Popularidade,principal,191,20,1634,4,incluido,0.0
4,Popularidade,principal,192,31,1623,3,incluido,0.1
4,Popularidade,principal,193,95,1559,11,incluido,0.2
4,Popularidade,principal,194,240,1414,19,incluido,0.2
4,Popularidade,principal,195,78,1576,9,incluido,0.0
4,Popularidade,principal,196,32,1622,4,incluido,0.0
4,Popularidade,principal,197,102,1552,7,incluido,0.3
4,Popularidade,principal,198,147,1507,12,incluido,0.2
4,Popularidade,principal,199,29,1625,4,incluido,0.0
4,Popularidade,principal,200,172,1482,37,incluido,0.3
4,Popularidade,principal,201,313,1341,22,incluido,0.3
4,Popularidade,principal,202,16,1638,2,incluido,0.0
4,Popularidade,principal,203,35,1619,4,incluido,0.0
4,Popularidade,principal,204,30,1624,4,incluido,0.0
4,Popularidade,principal,205,15,1639,1,incluido,0.0
4,Popularidade,principal,206,48,1606,7,incluido,0.1
4,Popularidade,principal,207,195,1459,10,incluido,0.2
4,Popularidade,principal,208,27,1627,3,incluido,0.0
4,Popularidade,principal,209,29,1625,3,incluido,0.0
4,Popularidade,principal,210,110,1544,15,incluido,0.2
4,Popularidade,principal,211,31,1623,1,incluido,0.0
4,Popularidade,principal,212,19,1635,2,incluido,0.0
4,Popularidade,principal,213,94,1560,24,incluido,0.5
4,Popularidade,principal,214,95,1559,25,incluido,0.1
4,Popularidade,principal,215,70,1584,11,incluido,0.0
4,Popularidade,principal,216,104,1550,17,incluido,0.3
4,Popularidade,principal,217,61,1593,5,incluido,0.0
4,Popularidade,principal,218,42,1612,5,incluido,0.1
4,Popularidade,principal,219,22,1632,4,incluido,0.0
4,Popularidade,principal,220,20,1634,1,incluido,0.1
4,Popularidade,principal,221,112,1542,21,incluido,0.2
4,Popularidade,principal,222,320,1334,29,incluido,0.9
4,Popularidade,principal,223,86,1568,8,incluido,0.1
4,Popularidade,principal,224,113,1541,13,incluido,0.0
4,Popularidade,principal,225,21,1633,6,incluido,0.0
4,Popularidade,principal,226,42,1612,6,incluido,0.1
4,Popularidade,principal,227,47,1607,6,incluido,0.2
4,Popularidade,principal,228,15,1639,4,incluido,0.1
4,Popularidade,principal,229,25,1629,1,incluido,0.0
4,Popularidade,principal,230,109,1545,16,incluido,0.1
4,Popularidade,principal,231,16,1638,4,incluido,0.1
4,Popularidade,principal,232,77,1577,12,incluido,0.2
4,Popularidade,principal,233,89,1565,17,incluido,0.0
4,Popularidade,principal,234,392,1262,27,incluido,0.0
4,Popularidade,principal,235,75,1579,17,incluido,0.2
4,Popularidade,principal,236,104,1550,11,incluido,0.0
4,Popularidade,principal,237,39,1615,8,incluido,0.1
4,Popularidade,principal,238,20,1634,2,incluido,0.1
4,Popularidade,principal,239,130,1524,20,incluido,0.0
4,Popularidade,principal,240,20,1634,3,incluido,0.0
4,Popularidade,principal,241,20,1634,2,incluido,0.1
4,Popularidade,principal,242,18,1636,2,incluido,0.1
4,Popularidade,principal,243,67,1587,8,incluido,0.0
4,Popularidade,principal,244,187,1467,33,incluido,0.0
4,Popularidade,principal,245,17,1637,1,incluido,0.0
4,Popularidade,principal,246,160,1494,13,incluido,0.2
4,Popularidade,principal,247,18,1636,5,incluido,0.2
4,Popularidade,principal,248,47,1607,6,incluido,0.2
4,Popularidade,principal,249,128,1526,27,incluido,0.3
4,Popularidade,principal,250,92,1562,22,incluido,0.3
4,Popularidade,principal,251,57,1597,14,incluido,0.2
4,Popularidade,principal,252,17,1637,3,incluido,0.0
4,Popularidade,principal,253,79,1575,15,incluido,0.1
4,Popularidade,principal,254,121,1533,7,incluido,0.0
4,Popularidade,principal,255,72,1582,4,incluido,0.1
4,Popularidade,principal,256,172,1482,27,incluido,0.4
4,Popularidade,principal,257,40,1614,13,incluido,0.0
4,Popularidade,principal,258,18,1636,2,incluido,0.0
4,Popularidade,principal,259,39,1615,7,incluido,0.1
4,Popularidade,principal,260,18,1636,3,incluido,0.0
4,Popularidade,principal,261,19,1635,5,incluido,0.0
4,Popularidade,principal,262,123,1531,15,incluido,0.2
4,Popularidade,principal,263,97,1557,22,incluido,0.2
4,Popularidade,principal,264,91,1563,20,incluido,0.0
4,Popularidade,principal,265,31,1623,8,incluido,0.3
4,Popularidade,principal,266,17,1637,4,incluido,0.1
4,Popularidade,principal,267,144,1510,27,incluido,0.2
4,Popularidade,principal,268,258,1396,13,incluido,0.4
4,Popularidade,principal,269,254,1400,33,incluido,0.1
4,Popularidade,principal,270,106,1548,24,incluido,0.2
4,Popularidade,principal,271,233,1421,31,incluido,0.5
4,Popularidade,principal,272,46,1608,5,incluido,0.1
4,Popularidade,principal,273,18,1636,2,incluido,0.0
4,Popularidade,principal,274,57,1597,12,incluido,0.1
4,Popularidade,principal,275,75,1579,5,incluido,0.2
4,Popularidade,principal,276,410,1244,54,incluido,0.7
4,Popularidade,principal,277,44,1610,7,incluido,0.0
4,Popularidade,principal,278,20,1634,3,incluido,0.0
4,Popularidade,principal,279,341,1313,43,incluido,0.1
4,Popularidade,principal,280,202,1452,28,incluido,0.2
4,Popularidade,principal,281,23,1631,2,incluido,0.0
4,Popularidade,principal,282,19,1635,2,incluido,0.1
4,Popularidade,principal,283,43,1611,7,incluido,0.1
4,Popularidade,principal,284,38,1616,3,incluido,0.0
4,Popularidade,principal,285,23,1631,7,incluido,0.0
4,Popularidade,principal,286,230,1424,33,incluido,0.2
4,Popularidade,principal,287,46,1608,14,incluido,0.3
4,Popularidade,principal,288,63,1591,11,incluido,0.3
4,Popularidade,principal,289,20,1634,2,incluido,0.0
4,Popularidade,principal,290,113,1541,15,incluido,0.2
4,Popularidade,principal,291,235,1419,42,incluido,0.3
4,Popularidade,principal,292,95,1559,24,incluido,0.3
4,Popularidade,principal,293,310,1344,26,incluido,0.4
4,Popularidade,principal,294,122,1532,13,incluido,0.5
4,Popularidade,principal,295,153,1501,37,incluido,0.3
4,Popularidade,principal,296,114,1540,20,incluido,0.5
4,Popularidade,principal,297,161,1493,12,incluido,0.2
4,Popularidade,principal,298,102,1552,17,incluido,0.2
4,Popularidade,principal,299,225,1429,33,incluido,0.0
4,Popularidade,principal,300,14,1640,4,incluido,0.1
4,Popularidade,principal,301,220,1434,39,incluido,0.7
4,Popularidade,principal,302,15,1639,1,incluido,0.0
4,Popularidade,principal,303,395,1259,38,incluido,0.6
4,Popularidade,principal,304,22,1632,2,incluido,0.0
4,Popularidade,principal,305,175,1479,22,incluido,0.3
4,Popularidade,principal,306,29,1625,2,incluido,0.0
4,Popularidade,principal,307,83,1571,16,incluido,0.3
4,Popularidade,principal,308,315,1339,50,incluido,0.2
4,Popularidade,principal,309,14,1640,4,incluido,0.1
4,Popularidade,principal,310,19,1635,2,incluido,0.0
4,Popularidade,principal,311,231,1423,40,incluido,0.3
4,Popularidade,principal,312,176,1478,37,incluido,0.2
4,Popularidade,principal,313,202,1452,33,incluido,0.3
4,Popularidade,principal,314,190,1464,33,incluido,0.1
4,Popularidade,principal,315,71,1583,13,incluido,0.1
4,Popularidade,principal,316,68,1586,2,incluido,0.0
4,Popularidade,principal,317,14,1640,5,incluido,0.0
4,Popularidade,principal,318,140,1514,18,incluido,0.0
4,Popularidade,principal,319,22,1632,1,incluido,0.0
4,Popularidade,principal,320,117,1537,25,incluido,0.3
4,Popularidade,principal,321,97,1557,20,incluido,0.1
4,Popularidade,principal,322,40,1614,9,incluido,0.0
4,Popularidade,principal,323,79,1575,4,incluido,0.0
4,Popularidade,principal,324,52,1602,11,incluido,0.2
4,Popularidade,principal,325,115,1539,13,incluido,0.2
4,Popularidade,principal,326,154,1500,14,incluido,0.1
4,Popularidade,principal,327,231,1423,22,incluido,0.3
4,Popularidade,principal,328,236,1418,21,incluido,0.2
4,Popularidade,principal,329,51,1603,9,incluido,0.1
4,Popularidade,principal,330,122,1532,22,incluido,0.2
4,Popularidade,principal,331,51,1603,12,incluido,0.1
4,Popularidade,principal,332,141,1513,36,incluido,0.5
4,Popularidade,principal,333,17,1637,7,incluido,0.1
4,Popularidade,principal,334,260,1394,42,incluido,0.5
4,Popularidade,principal,335,20,1634,0,sem_relevante_elegivel,
4,Popularidade,principal,336,108,1546,6,incluido,0.2
4,Popularidade,principal,337,31,1623,1,incluido,0.0
4,Popularidade,principal,338,57,1597,10,incluido,0.1
4,Popularidade,principal,339,209,1445,34,incluido,0.1
4,Popularidade,principal,340,32,1622,11,incluido,0.2
4,Popularidade,principal,341,20,1634,1,incluido,0.0
4,Popularidade,principal,342,157,1497,21,incluido,0.0
4,Popularidade,principal,343,189,1465,37,incluido,0.4
4,Popularidade,principal,344,150,1504,24,incluido,0.3
4,Popularidade,principal,345,191,1463,24,incluido,0.3
4,Popularidade,principal,346,149,1505,17,incluido,0.3
4,Popularidade,principal,347,162,1492,20,incluido,0.5
4,Popularidade,principal,348,50,1604,5,incluido,0.0
4,Popularidade,principal,349,30,1624,3,incluido,0.0
4,Popularidade,principal,350,40,1614,8,incluido,0.2
4,Popularidade,principal,351,35,1619,8,incluido,0.1
4,Popularidade,principal,352,34,1620,3,incluido,0.0
4,Popularidade,principal,353,19,1635,3,incluido,0.0
4,Popularidade,principal,354,187,1467,23,incluido,0.2
4,Popularidade,principal,355,21,1633,5,incluido,0.1
4,Popularidade,principal,356,21,1633,2,incluido,0.2
4,Popularidade,principal,357,61,1593,10,incluido,0.1
4,Popularidade,principal,358,37,1617,4,incluido,0.0
4,Popularidade,principal,359,22,1632,2,incluido,0.0
4,Popularidade,principal,360,81,1573,17,incluido,0.4
4,Popularidade,principal,361,104,1550,11,incluido,0.0
4,Popularidade,principal,362,21,1633,2,incluido,0.1
4,Popularidade,principal,363,241,1413,26,incluido,0.4
4,Popularidade,principal,364,18,1636,1,incluido,0.1
4,Popularidade,principal,365,43,1611,9,incluido,0.1
4,Popularidade,principal,366,29,1625,2,incluido,0.0
4,Popularidade,principal,367,50,1604,7,incluido,0.1
4,Popularidade,principal,368,41,1613,1,incluido,0.1
4,Popularidade,principal,369,16,1638,3,incluido,0.0
4,Popularidade,principal,370,61,1593,11,incluido,0.1
4,Popularidade,principal,371,40,1614,9,incluido,0.1
4,Popularidade,principal,372,55,1599,10,incluido,0.0
4,Popularidade,principal,373,199,1455,21,incluido,0.0
4,Popularidade,principal,374,223,1431,21,incluido,0.2
4,Popularidade,principal,375,21,1633,2,incluido,0.0
4,Popularidade,principal,376,23,1631,4,incluido,0.0
4,Popularidade,principal,377,26,1628,6,incluido,0.2
4,Popularidade,principal,378,283,1371,42,incluido,0.5
4,Popularidade,principal,379,157,1497,31,incluido,0.3
4,Popularidade,principal,380,140,1514,8,incluido,0.1
4,Popularidade,principal,381,94,1560,20,incluido,0.0
4,Popularidade,principal,382,45,1609,5,incluido,0.0
4,Popularidade,principal,383,55,1599,15,incluido,0.1
4,Popularidade,principal,384,18,1636,4,incluido,0.0
4,Popularidade,principal,385,230,1424,27,incluido,0.2
4,Popularidade,principal,386,17,1637,2,incluido,0.0
4,Popularidade,principal,387,243,1411,27,incluido,0.1
4,Popularidade,principal,388,43,1611,6,incluido,0.1
4,Popularidade,principal,389,213,1441,33,incluido,0.3
4,Popularidade,principal,390,26,1628,4,incluido,0.1
4,Popularidade,principal,391,96,1558,19,incluido,0.3
4,Popularidade,principal,392,89,1565,15,incluido,0.1
4,Popularidade,principal,393,367,1287,40,incluido,0.3
4,Popularidade,principal,394,112,1542,26,incluido,0.4
4,Popularidade,principal,395,44,1610,9,incluido,0.4
4,Popularidade,principal,396,44,1610,3,incluido,0.1
4,Popularidade,principal,397,77,1577,17,incluido,0.1
4,Popularidade,principal,398,144,1510,18,incluido,0.2
4,Popularidade,principal,399,257,1397,9,incluido,0.0
4,Popularidade,principal,400,19,1635,1,incluido,0.0
4,Popularidade,principal,401,128,1526,12,incluido,0.0
4,Popularidade,principal,402,54,1600,11,incluido,0.1
4,Popularidade,principal,403,43,1611,4,incluido,0.1
4,Popularidade,principal,404,38,1616,5,incluido,0.1
4,Popularidade,principal,405,585,1069,22,incluido,0.2
4,Popularidade,principal,406,263,1391,37,incluido,0.4
4,Popularidade,principal,407,189,1465,14,incluido,0.2
4,Popularidade,principal,408,21,1633,4,incluido,0.0
4,Popularidade,principal,409,162,1492,20,incluido,0.0
4,Popularidade,principal,410,22,1632,3,incluido,0.0
4,Popularidade,principal,411,50,1604,3,incluido,0.0
4,Popularidade,principal,412,39,1615,10,incluido,0.1
4,Popularidade,principal,413,38,1616,8,incluido,0.2
4,Popularidade,principal,414,21,1633,4,incluido,0.0
4,Popularidade,principal,415,21,1633,3,incluido,0.0
4,Popularidade,principal,416,396,1258,64,incluido,0.7
4,Popularidade,principal,417,300,1354,22,incluido,0.2
4,Popularidade,principal,418,16,1638,2,incluido,0.0
4,Popularidade,principal,419,23,1631,8,incluido,0.1
4,Popularidade,principal,420,25,1629,7,incluido,0.1
4,Popularidade,principal,421,49,1605,9,incluido,0.1
4,Popularidade,principal,422,79,1575,9,incluido,0.1
4,Popularidade,principal,423,52,1602,6,incluido,0.2
4,Popularidade,principal,424,30,1624,9,incluido,0.2
4,Popularidade,principal,425,172,1482,14,incluido,0.2
4,Popularidade,principal,426,91,1563,8,incluido,0.0
4,Popularidade,principal,427,25,1629,6,incluido,0.0
4,Popularidade,principal,428,49,1605,4,incluido,0.0
4,Popularidade,principal,429,337,1317,30,incluido,0.5
4,Popularidade,principal,430,52,1602,9,incluido,0.2
4,Popularidade,principal,431,17,1637,1,incluido,0.0
4,Popularidade,principal,432,53,1601,3,incluido,0.1
4,Popularidade,principal,433,34,1620,5,incluido,0.2
4,Popularidade,principal,434,36,1618,5,incluido,0.1
4,Popularidade,principal,435,318,1336,27,incluido,0.4
4,Popularidade,principal,436,114,1540,20,incluido,0.1
4,Popularidade,principal,437,213,1441,26,incluido,0.2
4,Popularidade,principal,438,24,1630,7,incluido,0.3
4,Popularidade,principal,439,25,1629,5,incluido,0.0
4,Popularidade,principal,440,42,1612,6,incluido,0.0
4,Popularidade,principal,441,17,1637,2,incluido,0.1
4,Popularidade,principal,442,106,1548,14,incluido,0.3
4,Popularidade,principal,443,15,1639,4,incluido,0.1
4,Popularidade,principal,444,17,1637,3,incluido,0.0
4,Popularidade,principal,445,103,1551,6,incluido,0.2
4,Popularidade,principal,446,33,1621,0,sem_relevante_elegivel,
4,Popularidade,principal,447,111,1543,14,incluido,0.4
4,Popularidade,principal,448,31,1623,4,incluido,0.0
4,Popularidade,principal,449,58,1596,10,incluido,0.1
4,Popularidade,principal,450,431,1223,76,incluido,0.5
4,Popularidade,principal,451,79,1575,13,incluido,0.2
4,Popularidade,principal,452,172,1482,20,incluido,0.0
4,Popularidade,principal,453,129,1525,12,incluido,0.3
4,Popularidade,principal,454,186,1468,25,incluido,0.3
4,Popularidade,principal,455,146,1508,18,incluido,0.4
4,Popularidade,principal,456,173,1481,21,incluido,0.1
4,Popularidade,principal,457,224,1430,44,incluido,0.7
4,Popularidade,principal,458,140,1514,34,incluido,0.2
4,Popularidade,principal,459,99,1555,8,incluido,0.4
4,Popularidade,principal,460,49,1605,11,incluido,0.0
4,Popularidade,principal,461,21,1633,1,incluido,0.1
4,Popularidade,principal,462,27,1627,4,incluido,0.0
4,Popularidade,principal,463,108,1546,5,incluido,0.0
4,Popularidade,principal,464,45,1609,6,incluido,0.1
4,Popularidade,principal,465,66,1588,9,incluido,0.3
4,Popularidade,principal,466,84,1570,9,incluido,0.1
4,Popularidade,principal,467,38,1616,4,incluido,0.0
4,Popularidade,principal,468,108,1546,25,incluido,0.3
4,Popularidade,principal,469,37,1617,6,incluido,0.0
4,Popularidade,principal,470,42,1612,5,incluido,0.2
4,Popularidade,principal,471,26,1628,4,incluido,0.0
4,Popularidade,principal,472,191,1463,57,incluido,0.6
4,Popularidade,principal,473,29,1625,4,incluido,0.0
4,Popularidade,principal,474,263,1391,56,incluido,0.8
4,Popularidade,principal,475,18,1636,1,incluido,0.0
4,Popularidade,principal,476,64,1590,10,incluido,0.0
4,Popularidade,principal,477,28,1626,7,incluido,0.0
4,Popularidade,principal,478,89,1565,10,incluido,0.1
4,Popularidade,principal,479,167,1487,20,incluido,0.2
4,Popularidade,principal,480,48,1606,11,incluido,0.1
4,Popularidade,principal,481,46,1608,10,incluido,0.1
4,Popularidade,principal,482,21,1633,2,incluido,0.1
4,Popularidade,principal,483,46,1608,3,incluido,0.2
4,Popularidade,principal,484,116,1538,17,incluido,0.4
4,Popularidade,principal,485,24,1630,1,incluido,0.0
4,Popularidade,principal,486,146,1508,16,incluido,0.1
4,Popularidade,principal,487,182,1472,27,incluido,0.6
4,Popularidade,principal,488,116,1538,23,incluido,0.3
4,Popularidade,principal,489,92,1562,9,incluido,0.0
4,Popularidade,principal,490,46,1608,4,incluido,0.1
4,Popularidade,principal,491,25,1629,7,incluido,0.2
4,Popularidade,principal,492,48,1606,2,incluido,0.1
4,Popularidade,principal,493,103,1551,22,incluido,0.2
4,Popularidade,principal,494,35,1619,7,incluido,0.1
4,Popularidade,principal,495,177,1477,26,incluido,0.4
4,Popularidade,principal,496,106,1548,6,incluido,0.2
4,Popularidade,principal,497,228,1426,19,incluido,0.3
4,Popularidade,principal,498,111,1543,12,incluido,0.1
4,Popularidade,principal,499,83,1571,15,incluido,0.3
4,Popularidade,principal,500,186,1468,21,incluido,0.3
4,Popularidade,principal,501,57,1597,14,incluido,0.2
4,Popularidade,principal,502,31,1623,2,incluido,0.0
4,Popularidade,principal,503,138,1516,17,incluido,0.1
4,Popularidade,principal,504,203,1451,24,incluido,0.2
4,Popularidade,principal,505,81,1573,16,incluido,0.1
4,Popularidade,principal,506,188,1466,35,incluido,0.0
4,Popularidade,principal,507,44,1610,14,incluido,0.3
4,Popularidade,principal,508,65,1589,12,incluido,0.0
4,Popularidade,principal,509,26,1628,4,incluido,0.3
4,Popularidade,principal,510,26,1628,1,incluido,0.0
4,Popularidade,principal,511,16,1638,7,incluido,0.1
4,Popularidade,principal,512,18,1636,2,incluido,0.1
4,Popularidade,principal,513,12,1642,7,incluido,0.2
4,Popularidade,principal,514,160,1494,23,incluido,0.3
4,Popularidade,principal,515,34,1620,1,incluido,0.0
4,Popularidade,principal,516,19,1635,2,incluido,0.0
4,Popularidade,principal,517,26,1628,2,incluido,0.1
4,Popularidade,principal,518,58,1596,7,incluido,0.0
4,Popularidade,principal,519,42,1612,5,incluido,0.1
4,Popularidade,principal,520,18,1636,1,incluido,0.0
4,Popularidade,principal,521,128,1526,9,incluido,0.2
4,Popularidade,principal,522,24,1630,4,incluido,0.1
4,Popularidade,principal,523,74,1580,22,incluido,0.1
4,Popularidade,principal,524,247,1407,38,incluido,0.1
4,Popularidade,principal,525,43,1611,1,incluido,0.0
4,Popularidade,principal,526,52,1602,8,incluido,0.2
4,Popularidade,principal,527,111,1543,15,incluido,0.1
4,Popularidade,principal,528,41,1613,8,incluido,0.1
4,Popularidade,principal,529,32,1622,7,incluido,0.1
4,Popularidade,principal,530,36,1618,8,incluido,0.0
4,Popularidade,principal,531,25,1629,3,incluido,0.1
4,Popularidade,principal,532,220,1434,42,incluido,0.1
4,Popularidade,principal,533,219,1435,28,incluido,0.6
4,Popularidade,principal,534,66,1588,11,incluido,0.1
4,Popularidade,principal,535,182,1472,31,incluido,0.2
4,Popularidade,principal,536,129,1525,22,incluido,0.2
4,Popularidade,principal,537,394,1260,25,incluido,0.1
4,Popularidade,principal,538,65,1589,8,incluido,0.1
4,Popularidade,principal,539,43,1611,10,incluido,0.1
4,Popularidade,principal,540,53,1601,5,incluido,0.1
4,Popularidade,principal,541,102,1552,18,incluido,0.1
4,Popularidade,principal,542,113,1541,15,incluido,0.2
4,Popularidade,principal,543,152,1502,33,incluido,0.0
4,Popularidade,principal,544,27,1627,2,incluido,0.1
4,Popularidade,principal,545,133,1521,15,incluido,0.1
4,Popularidade,principal,546,48,1606,7,incluido,0.1
4,Popularidade,principal,547,17,1637,5,incluido,0.1
4,Popularidade,principal,548,122,1532,22,incluido,0.3
4,Popularidade,principal,549,21,1633,3,incluido,0.2
4,Popularidade,principal,550,28,1626,6,incluido,0.3
4,Popularidade,principal,551,264,1390,52,incluido,0.4
4,Popularidade,principal,552,64,1590,9,incluido,0.5
4,Popularidade,principal,553,85,1569,13,incluido,0.1
4,Popularidade,principal,554,96,1558,10,incluido,0.2
4,Popularidade,principal,555,46,1608,6,incluido,0.0
4,Popularidade,principal,556,40,1614,2,incluido,0.0
4,Popularidade,principal,557,40,1614,7,incluido,0.0
4,Popularidade,principal,558,18,1636,2,incluido,0.0
4,Popularidade,principal,559,51,1603,16,incluido,0.2
4,Popularidade,principal,560,81,1573,9,incluido,0.1
4,Popularidade,principal,561,289,1365,18,incluido,0.0
4,Popularidade,principal,562,64,1590,4,incluido,0.0
4,Popularidade,principal,563,26,1628,3,incluido,0.0
4,Popularidade,principal,564,24,1630,7,incluido,0.1
4,Popularidade,principal,565,27,1627,6,incluido,0.0
4,Popularidade,principal,566,120,1534,17,incluido,0.1
4,Popularidade,principal,567,123,1531,24,incluido,0.1
4,Popularidade,principal,568,68,1586,4,incluido,0.1
4,Popularidade,principal,569,63,1591,4,incluido,0.2
4,Popularidade,principal,570,16,1638,1,incluido,0.0
4,Popularidade,principal,571,15,1639,4,incluido,0.1
4,Popularidade,principal,572,18,1636,2,incluido,0.0
4,Popularidade,principal,573,42,1612,6,incluido,0.2
4,Popularidade,principal,574,32,1622,7,incluido,0.2
4,Popularidade,principal,575,22,1632,2,incluido,0.0
4,Popularidade,principal,576,29,1625,5,incluido,0.2
4,Popularidade,principal,577,157,1497,21,incluido,0.3
4,Popularidade,principal,578,19,1635,1,incluido,0.1
4,Popularidade,principal,579,62,1592,5,incluido,0.2
4,Popularidade,principal,580,40,1614,4,incluido,0.2
4,Popularidade,principal,581,24,1630,1,incluido,0.0
4,Popularidade,principal,582,46,1608,4,incluido,0.0
4,Popularidade,principal,583,23,1631,4,incluido,0.1
4,Popularidade,principal,584,21,1633,3,incluido,0.0
4,Popularidade,principal,585,55,1599,16,incluido,0.1
4,Popularidade,principal,586,131,1523,10,incluido,0.1
4,Popularidade,principal,587,78,1576,3,incluido,0.0
4,Popularidade,principal,588,181,1473,28,incluido,0.2
4,Popularidade,principal,589,32,1622,5,incluido,0.0
4,Popularidade,principal,590,39,1615,5,incluido,0.1
4,Popularidade,principal,591,69,1585,9,incluido,0.1
4,Popularidade,principal,592,294,1360,46,incluido,0.6
4,Popularidade,principal,593,124,1530,20,incluido,0.3
4,Popularidade,principal,594,17,1637,6,incluido,0.1
4,Popularidade,principal,595,77,1577,5,incluido,0.2
4,Popularidade,principal,596,14,1640,2,incluido,0.2
4,Popularidade,principal,597,30,1624,8,incluido,0.0
4,Popularidade,principal,598,20,1634,3,incluido,0.1
4,Popularidade,principal,599,41,1613,4,incluido,0.0
4,Popularidade,principal,600,71,1583,12,incluido,0.2
4,Popularidade,principal,601,120,1534,12,incluido,0.1
4,Popularidade,principal,602,25,1629,2,incluido,0.0
4,Popularidade,principal,603,37,1617,7,incluido,0.1
4,Popularidade,principal,604,24,1630,3,incluido,0.0
4,Popularidade,principal,605,77,1577,6,incluido,0.2
4,Popularidade,principal,606,190,1464,33,incluido,0.3
4,Popularidade,principal,607,24,1630,10,incluido,0.1
4,Popularidade,principal,608,134,1520,19,incluido,0.3
4,Popularidade,principal,609,20,1634,1,incluido,0.0
4,Popularidade,principal,610,62,1592,6,incluido,0.1
4,Popularidade,principal,611,34,1620,6,incluido,0.0
4,Popularidade,principal,612,24,1630,1,incluido,0.0
4,Popularidade,principal,613,23,1631,5,incluido,0.0
4,Popularidade,principal,614,33,1621,3,incluido,0.1
4,Popularidade,principal,615,87,1567,15,incluido,0.0
4,Popularidade,principal,616,33,1621,4,incluido,0.0
4,Popularidade,principal,617,83,1571,11,incluido,0.0
4,Popularidade,principal,618,179,1475,18,incluido,0.5
4,Popularidade,principal,619,68,1586,12,incluido,0.1
4,Popularidade,principal,620,92,1562,13,incluido,0.4
4,Popularidade,principal,621,138,1516,18,incluido,0.2
4,Popularidade,principal,622,181,1473,24,incluido,0.4
4,Popularidade,principal,623,34,1620,10,incluido,0.1
4,Popularidade,principal,624,109,1545,20,incluido,0.4
4,Popularidade,principal,625,88,1566,8,incluido,0.1
4,Popularidade,principal,626,22,1632,3,incluido,0.1
4,Popularidade,principal,627,142,1512,19,incluido,0.1
4,Popularidade,principal,628,18,1636,7,incluido,0.2
4,Popularidade,principal,629,96,1558,19,incluido,0.4
4,Popularidade,principal,630,82,1572,15,incluido,0.3
4,Popularidade,principal,631,16,1638,1,incluido,0.0
4,Popularidade,principal,632,94,1560,11,incluido,0.0
4,Popularidade,principal,633,46,1608,7,incluido,0.0
4,Popularidade,principal,634,109,1545,10,incluido,0.3
4,Popularidade,principal,635,26,1628,3,incluido,0.0
4,Popularidade,principal,636,18,1636,1,incluido,0.0
4,Popularidade,principal,637,78,1576,7,incluido,0.3
4,Popularidade,principal,638,54,1600,5,incluido,0.1
4,Popularidade,principal,639,116,1538,10,incluido,0.0
4,Popularidade,principal,640,90,1564,18,incluido,0.0
4,Popularidade,principal,641,33,1621,7,incluido,0.0
4,Popularidade,principal,642,258,1396,30,incluido,0.3
4,Popularidade,principal,643,162,1492,27,incluido,0.2
4,Popularidade,principal,644,28,1626,14,incluido,0.3
4,Popularidade,principal,645,96,1558,19,incluido,0.2
4,Popularidade,principal,646,30,1624,2,incluido,0.0
4,Popularidade,principal,647,50,1604,6,incluido,0.1
4,Popularidade,principal,648,245,1409,29,incluido,0.2
4,Popularidade,principal,649,22,1632,1,incluido,0.0
4,Popularidade,principal,650,246,1408,24,incluido,0.3
4,Popularidade,principal,651,19,1635,0,sem_relevante_elegivel,
4,Popularidade,principal,652,17,1637,1,incluido,0.0
4,Popularidade,principal,653,230,1424,10,incluido,0.3
4,Popularidade,principal,654,116,1538,19,incluido,0.4
4,Popularidade,principal,655,543,1111,22,incluido,0.2
4,Popularidade,principal,656,18,1636,2,incluido,0.0
4,Popularidade,principal,657,25,1629,3,incluido,0.1
4,Popularidade,principal,658,60,1594,6,incluido,0.1
4,Popularidade,principal,659,148,1506,26,incluido,0.0
4,Popularidade,principal,660,188,1466,9,incluido,0.2
4,Popularidade,principal,661,97,1557,19,incluido,0.3
4,Popularidade,principal,662,20,1634,2,incluido,0.0
4,Popularidade,principal,663,130,1524,13,incluido,0.2
4,Popularidade,principal,664,126,1528,21,incluido,0.1
4,Popularidade,principal,665,106,1548,16,incluido,0.2
4,Popularidade,principal,666,202,1452,29,incluido,0.1
4,Popularidade,principal,667,39,1615,5,incluido,0.0
4,Popularidade,principal,668,33,1621,7,incluido,0.3
4,Popularidade,principal,669,76,1578,10,incluido,0.3
4,Popularidade,principal,670,37,1617,5,incluido,0.0
4,Popularidade,principal,671,98,1556,11,incluido,0.3
4,Popularidade,principal,672,22,1632,3,incluido,0.1
4,Popularidade,principal,673,28,1626,5,incluido,0.1
4,Popularidade,principal,674,32,1622,4,incluido,0.2
4,Popularidade,principal,675,28,1626,5,incluido,0.1
4,Popularidade,principal,676,56,1598,17,incluido,0.4
4,Popularidade,principal,677,41,1613,5,incluido,0.1
4,Popularidade,principal,678,21,1633,3,incluido,0.1
4,Popularidade,principal,679,52,1602,6,incluido,0.1
4,Popularidade,principal,680,27,1627,8,incluido,0.2
4,Popularidade,principal,681,19,1635,2,incluido,0.0
4,Popularidade,principal,682,322,1332,27,incluido,0.3
4,Popularidade,principal,683,61,1593,6,incluido,0.0
4,Popularidade,principal,684,65,1589,11,incluido,0.0
4,Popularidade,principal,685,15,1639,0,sem_relevante_elegivel,
4,Popularidade,principal,686,58,1596,11,incluido,0.1
4,Popularidade,principal,687,17,1637,3,incluido,0.0
4,Popularidade,principal,688,22,1632,1,incluido,0.0
4,Popularidade,principal,689,27,1627,7,incluido,0.2
4,Popularidade,principal,690,97,1557,6,incluido,0.0
4,Popularidade,principal,691,26,1628,5,incluido,0.1
4,Popularidade,principal,692,34,1620,1,incluido,0.0
4,Popularidade,principal,693,120,1534,13,incluido,0.2
4,Popularidade,principal,694,126,1528,23,incluido,0.3
4,Popularidade,principal,695,33,1621,3,incluido,0.0
4,Popularidade,principal,696,23,1631,5,incluido,0.0
4,Popularidade,principal,697,79,1575,16,incluido,0.3
4,Popularidade,principal,698,102,1552,7,incluido,0.2
4,Popularidade,principal,699,116,1538,8,incluido,0.0
4,Popularidade,principal,700,16,1638,3,incluido,0.0
4,Popularidade,principal,701,23,1631,9,incluido,0.3
4,Popularidade,principal,702,23,1631,2,incluido,0.0
4,Popularidade,principal,703,37,1617,5,incluido,0.4
4,Popularidade,principal,704,71,1583,12,incluido,0.0
4,Popularidade,principal,705,88,1566,14,incluido,0.1
4,Popularidade,principal,706,22,1632,3,incluido,0.2
4,Popularidade,principal,707,182,1472,30,incluido,0.1
4,Popularidade,principal,708,83,1571,12,incluido,0.1
4,Popularidade,principal,709,111,1543,14,incluido,0.3
4,Popularidade,principal,710,66,1588,15,incluido,0.2
4,Popularidade,principal,711,180,1474,28,incluido,0.2
4,Popularidade,principal,712,127,1527,20,incluido,0.0
4,Popularidade,principal,713,23,1631,0,sem_relevante_elegivel,
4,Popularidade,principal,714,34,1620,5,incluido,0.2
4,Popularidade,principal,715,141,1513,18,incluido,0.1
4,Popularidade,principal,716,219,1435,32,incluido,0.0
4,Popularidade,principal,717,70,1584,15,incluido,0.1
4,Popularidade,principal,718,26,1628,9,incluido,0.0
4,Popularidade,principal,719,55,1599,3,incluido,0.0
4,Popularidade,principal,720,25,1629,3,incluido,0.0
4,Popularidade,principal,721,137,1517,13,incluido,0.1
4,Popularidade,principal,722,35,1619,6,incluido,0.1
4,Popularidade,principal,723,16,1638,3,incluido,0.2
4,Popularidade,principal,724,65,1589,2,incluido,0.0
4,Popularidade,principal,725,20,1634,4,incluido,0.1
4,Popularidade,principal,726,16,1638,0,sem_relevante_elegivel,
4,Popularidade,principal,727,257,1397,24,incluido,0.4
4,Popularidade,principal,728,23,1631,2,incluido,0.0
4,Popularidade,principal,729,20,1634,0,sem_relevante_elegivel,
4,Popularidade,principal,730,29,1625,5,incluido,0.2
4,Popularidade,principal,731,74,1580,7,incluido,0.0
4,Popularidade,principal,732,14,1640,2,incluido,0.0
4,Popularidade,principal,733,88,1566,6,incluido,0.0
4,Popularidade,principal,734,57,1597,5,incluido,0.1
4,Popularidade,principal,735,46,1608,1,incluido,0.0
4,Popularidade,principal,736,21,1633,0,sem_relevante_elegivel,
4,Popularidade,principal,737,28,1626,3,incluido,0.0
4,Popularidade,principal,738,126,1528,9,incluido,0.3
4,Popularidade,principal,739,31,1623,3,incluido,0.1
4,Popularidade,principal,740,16,1638,2,incluido,0.0
4,Popularidade,principal,741,84,1570,8,incluido,0.0
4,Popularidade,principal,742,18,1636,6,incluido,0.0
4,Popularidade,principal,743,31,1623,3,incluido,0.1
4,Popularidade,principal,744,19,1635,5,incluido,0.0
4,Popularidade,principal,745,47,1607,9,incluido,0.1
4,Popularidade,principal,746,53,1601,7,incluido,0.1
4,Popularidade,principal,747,221,1433,51,incluido,0.3
4,Popularidade,principal,748,88,1566,14,incluido,0.3
4,Popularidade,principal,749,245,1409,37,incluido,0.6
4,Popularidade,principal,750,29,1625,2,incluido,0.0
4,Popularidade,principal,751,133,1521,20,incluido,0.3
4,Popularidade,principal,752,61,1593,6,incluido,0.0
4,Popularidade,principal,753,50,1604,4,incluido,0.1
4,Popularidade,principal,754,26,1628,3,incluido,0.0
4,Popularidade,principal,755,33,1621,2,incluido,0.1
4,Popularidade,principal,756,78,1576,15,incluido,0.0
4,Popularidade,principal,757,133,1521,11,incluido,0.3
4,Popularidade,principal,758,286,1368,48,incluido,0.8
4,Popularidade,principal,759,24,1630,5,incluido,0.3
4,Popularidade,principal,760,29,1625,3,incluido,0.0
4,Popularidade,principal,761,57,1597,4,incluido,0.2
4,Popularidade,principal,762,16,1638,2,incluido,0.0
4,Popularidade,principal,763,103,1551,19,incluido,0.2
4,Popularidade,principal,764,82,1572,13,incluido,0.4
4,Popularidade,principal,765,22,1632,1,incluido,0.1
4,Popularidade,principal,766,142,1512,10,incluido,0.0
4,Popularidade,principal,767,22,1632,14,incluido,0.1
4,Popularidade,principal,768,51,1603,8,incluido,0.4
4,Popularidade,principal,769,23,1631,2,incluido,0.1
4,Popularidade,principal,770,53,1601,9,incluido,0.1
4,Popularidade,principal,771,62,1592,5,incluido,0.1
4,Popularidade,principal,772,28,1626,5,incluido,0.1
4,Popularidade,principal,773,123,1531,18,incluido,0.2
4,Popularidade,principal,774,171,1483,8,incluido,0.0
4,Popularidade,principal,775,22,1632,3,incluido,0.1
4,Popularidade,principal,776,85,1569,7,incluido,0.0
4,Popularidade,principal,777,30,1624,5,incluido,0.1
4,Popularidade,principal,778,52,1602,5,incluido,0.0
4,Popularidade,principal,779,27,1627,5,incluido,0.1
4,Popularidade,principal,780,36,1618,13,incluido,0.1
4,Popularidade,principal,781,39,1615,2,incluido,0.0
4,Popularidade,principal,782,184,1470,6,incluido,0.0
4,Popularidade,principal,783,21,1633,7,incluido,0.0
4,Popularidade,principal,784,33,1621,2,incluido,0.0
4,Popularidade,principal,785,18,1636,4,incluido,0.0
4,Popularidade,principal,786,88,1566,25,incluido,0.5
4,Popularidade,principal,787,45,1609,4,incluido,0.0
4,Popularidade,principal,788,200,1454,23,incluido,0.3
4,Popularidade,principal,789,22,1632,7,incluido,0.1
4,Popularidade,principal,790,186,1468,10,incluido,0.1
4,Popularidade,principal,791,21,1633,2,incluido,0.0
4,Popularidade,principal,792,36,1618,1,incluido,0.0
4,Popularidade,principal,793,46,1608,3,incluido,0.1
4,Popularidade,principal,794,35,1619,4,incluido,0.0
4,Popularidade,principal,795,126,1528,9,incluido,0.3
4,Popularidade,principal,796,277,1377,41,incluido,0.6
4,Popularidade,principal,797,18,1636,1,incluido,0.1
4,Popularidade,principal,798,186,1468,19,incluido,0.1
4,Popularidade,principal,799,20,1634,3,incluido,0.1
4,Popularidade,principal,800,25,1629,1,incluido,0.1
4,Popularidade,principal,801,21,1633,5,incluido,0.1
4,Popularidade,principal,802,61,1593,10,incluido,0.0
4,Popularidade,principal,803,30,1624,2,incluido,0.0
4,Popularidade,principal,804,269,1385,38,incluido,0.4
4,Popularidade,principal,805,215,1439,25,incluido,0.4
4,Popularidade,principal,806,115,1539,10,incluido,0.1
4,Popularidade,principal,807,170,1484,31,incluido,0.3
4,Popularidade,principal,808,18,1636,3,incluido,0.1
4,Popularidade,principal,809,16,1638,2,incluido,0.1
4,Popularidade,principal,810,19,1635,6,incluido,0.1
4,Popularidade,principal,811,16,1638,5,incluido,0.2
4,Popularidade,principal,812,17,1637,1,incluido,0.0
4,Popularidade,principal,813,24,1630,1,incluido,0.0
4,Popularidade,principal,814,30,1624,2,incluido,0.0
4,Popularidade,principal,815,141,1513,21,incluido,0.1
4,Popularidade,principal,816,21,1633,3,incluido,0.0
4,Popularidade,principal,817,28,1626,2,incluido,0.0
4,Popularidade,principal,818,18,1636,0,sem_relevante_elegivel,
4,Popularidade,principal,819,24,1630,4,incluido,0.0
4,Popularidade,principal,820,17,1637,1,incluido,0.0
4,Popularidade,principal,821,48,1606,8,incluido,0.2
4,Popularidade,principal,822,24,1630,0,sem_relevante_elegivel,
4,Popularidade,principal,823,144,1510,30,incluido,0.5
4,Popularidade,principal,824,13,1641,2,incluido,0.0
4,Popularidade,principal,825,113,1541,19,incluido,0.2
4,Popularidade,principal,826,91,1563,14,incluido,0.0
4,Popularidade,principal,827,22,1632,1,incluido,0.0
4,Popularidade,principal,828,84,1570,9,incluido,0.0
4,Popularidade,principal,829,54,1600,6,incluido,0.0
4,Popularidade,principal,830,87,1567,11,incluido,0.1
4,Popularidade,principal,831,59,1595,10,incluido,0.3
4,Popularidade,principal,832,19,1635,1,incluido,0.0
4,Popularidade,principal,833,216,1438,18,incluido,0.2
4,Popularidade,principal,834,42,1612,7,incluido,0.1
4,Popularidade,principal,835,80,1574,16,incluido,0.1
4,Popularidade,principal,836,40,1614,7,incluido,0.0
4,Popularidade,principal,837,32,1622,5,incluido,0.1
4,Popularidade,principal,838,66,1588,25,incluido,0.3
4,Popularidade,principal,839,45,1609,4,incluido,0.1
4,Popularidade,principal,840,153,1501,33,incluido,0.2
4,Popularidade,principal,841,22,1632,8,incluido,0.2
4,Popularidade,principal,842,22,1632,4,incluido,0.0
4,Popularidade,principal,843,163,1491,7,incluido,0.1
4,Popularidade,principal,844,68,1586,7,incluido,0.1
4,Popularidade,principal,845,26,1628,5,incluido,0.0
4,Popularidade,principal,846,315,1339,65,incluido,0.3
4,Popularidade,principal,847,121,1533,7,incluido,0.1
4,Popularidade,principal,848,114,1540,31,incluido,0.3
4,Popularidade,principal,849,19,1635,4,incluido,0.0
4,Popularidade,principal,850,40,1614,10,incluido,0.1
4,Popularidade,principal,851,167,1487,22,incluido,0.3
4,Popularidade,principal,852,32,1622,8,incluido,0.2
4,Popularidade,principal,853,28,1626,6,incluido,0.0
4,Popularidade,principal,854,172,1482,20,incluido,0.4
4,Popularidade,principal,855,16,1638,4,incluido,0.0
4,Popularidade,principal,856,19,1635,2,incluido,0.0
4,Popularidade,principal,857,15,1639,3,incluido,0.1
4,Popularidade,principal,858,20,1634,0,sem_relevante_elegivel,
4,Popularidade,principal,859,33,1621,5,incluido,0.0
4,Popularidade,principal,860,63,1591,4,incluido,0.0
4,Popularidade,principal,861,32,1622,11,incluido,0.0
4,Popularidade,principal,862,134,1520,26,incluido,0.1
4,Popularidade,principal,863,88,1566,9,incluido,0.1
4,Popularidade,principal,864,238,1416,39,incluido,0.8
4,Popularidade,principal,865,56,1598,3,incluido,0.0
4,Popularidade,principal,866,16,1638,1,incluido,0.0
4,Popularidade,principal,867,78,1576,13,incluido,0.3
4,Popularidade,principal,868,166,1488,17,incluido,0.3
4,Popularidade,principal,869,36,1618,3,incluido,0.1
4,Popularidade,principal,870,224,1430,22,incluido,0.2
4,Popularidade,principal,871,96,1558,2,incluido,0.0
4,Popularidade,principal,872,58,1596,7,incluido,0.1
4,Popularidade,principal,873,14,1640,1,incluido,0.1
4,Popularidade,principal,874,28,1626,5,incluido,0.0
4,Popularidade,principal,875,69,1585,13,incluido,0.3
4,Popularidade,principal,876,17,1637,4,incluido,0.0
4,Popularidade,principal,877,67,1587,10,incluido,0.1
4,Popularidade,principal,878,105,1549,13,incluido,0.1
4,Popularidade,principal,879,26,1628,1,incluido,0.1
4,Popularidade,principal,880,292,1362,30,incluido,0.4
4,Popularidade,principal,881,200,1454,25,incluido,0.4
4,Popularidade,principal,882,112,1542,15,incluido,0.3
4,Popularidade,principal,883,217,1437,30,incluido,0.2
4,Popularidade,principal,884,37,1617,5,incluido,0.0
4,Popularidade,principal,885,82,1572,11,incluido,0.2
4,Popularidade,principal,886,189,1465,28,incluido,0.1
4,Popularidade,principal,887,135,1519,33,incluido,0.2
4,Popularidade,principal,888,16,1638,4,incluido,0.1
4,Popularidade,principal,889,261,1393,28,incluido,0.6
4,Popularidade,principal,890,98,1556,11,incluido,0.1
4,Popularidade,principal,891,39,1615,7,incluido,0.1
4,Popularidade,principal,892,179,1475,38,incluido,0.5
4,Popularidade,principal,893,44,1610,5,incluido,0.1
4,Popularidade,principal,894,191,1463,29,incluido,0.1
4,Popularidade,principal,895,12,1642,5,incluido,0.2
4,Popularidade,principal,896,288,1366,24,incluido,0.3
4,Popularidade,principal,897,146,1508,26,incluido,0.2
4,Popularidade,principal,898,23,1631,4,incluido,0.0
4,Popularidade,principal,899,112,1542,11,incluido,0.0
4,Popularidade,principal,900,39,1615,1,incluido,0.0
4,Popularidade,principal,901,98,1556,17,incluido,0.0
4,Popularidade,principal,902,40,1614,3,incluido,0.0
4,Popularidade,principal,903,103,1551,25,incluido,0.3
4,Popularidade,principal,904,36,1618,9,incluido,0.0
4,Popularidade,principal,905,31,1623,3,incluido,0.0
4,Popularidade,principal,906,32,1622,5,incluido,0.1
4,Popularidade,principal,907,121,1533,23,incluido,0.2
4,Popularidade,principal,908,56,1598,11,incluido,0.2
4,Popularidade,principal,909,19,1635,6,incluido,0.0
4,Popularidade,principal,910,46,1608,4,incluido,0.1
4,Popularidade,principal,911,75,1579,14,incluido,0.0
4,Popularidade,principal,912,37,1617,10,incluido,0.0
4,Popularidade,principal,913,112,1542,12,incluido,0.3
4,Popularidade,principal,914,16,1638,2,incluido,0.0
4,Popularidade,principal,915,18,1636,4,incluido,0.1
4,Popularidade,principal,916,249,1405,23,incluido,0.0
4,Popularidade,principal,917,28,1626,5,incluido,0.0
4,Popularidade,principal,918,82,1572,9,incluido,0.0
4,Popularidade,principal,919,171,1483,22,incluido,0.2
4,Popularidade,principal,920,21,1633,3,incluido,0.0
4,Popularidade,principal,921,83,1571,9,incluido,0.2
4,Popularidade,principal,922,112,1542,9,incluido,0.2
4,Popularidade,principal,923,62,1592,10,incluido,0.2
4,Popularidade,principal,924,65,1589,8,incluido,0.1
4,Popularidade,principal,925,27,1627,2,incluido,0.0
4,Popularidade,principal,926,16,1638,1,incluido,0.1
4,Popularidade,principal,927,93,1561,19,incluido,0.2
4,Popularidade,principal,928,29,1625,3,incluido,0.0
4,Popularidade,principal,929,38,1616,8,incluido,0.1
4,Popularidade,principal,930,44,1610,6,incluido,0.0
4,Popularidade,principal,931,44,1610,10,incluido,0.2
4,Popularidade,principal,932,194,1460,39,incluido,0.1
4,Popularidade,principal,933,149,1505,10,incluido,0.1
4,Popularidade,principal,934,136,1518,24,incluido,0.1
4,Popularidade,principal,935,31,1623,7,incluido,0.2
4,Popularidade,principal,936,118,1536,18,incluido,0.3
4,Popularidade,principal,937,34,1620,4,incluido,0.0
4,Popularidade,principal,938,89,1565,9,incluido,0.2
4,Popularidade,principal,939,40,1614,7,incluido,0.0
4,Popularidade,principal,940,89,1565,11,incluido,0.1
4,Popularidade,principal,941,17,1637,4,incluido,0.3
4,Popularidade,principal,942,64,1590,13,incluido,0.1
4,Popularidade,principal,943,142,1512,14,incluido,0.2
5,Popularidade,principal,1,229,1421,30,incluido,0.3
5,Popularidade,principal,2,47,1603,12,incluido,0.1
5,Popularidade,principal,3,42,1608,4,incluido,0.0
5,Popularidade,principal,4,22,1628,2,incluido,0.1
5,Popularidade,principal,5,148,1502,8,incluido,0.0
5,Popularidade,principal,6,178,1472,20,incluido,0.1
5,Popularidade,principal,7,314,1336,61,incluido,0.6
5,Popularidade,principal,8,48,1602,8,incluido,0.1
5,Popularidade,principal,9,15,1635,6,incluido,0.2
5,Popularidade,principal,10,149,1501,32,incluido,0.2
5,Popularidade,principal,11,143,1507,19,incluido,0.1
5,Popularidade,principal,12,39,1611,11,incluido,0.0
5,Popularidade,principal,13,513,1137,47,incluido,0.2
5,Popularidade,principal,14,83,1567,11,incluido,0.1
5,Popularidade,principal,15,92,1558,5,incluido,0.0
5,Popularidade,principal,16,114,1536,24,incluido,0.3
5,Popularidade,principal,17,20,1630,6,incluido,0.2
5,Popularidade,principal,18,217,1433,41,incluido,0.0
5,Popularidade,principal,19,19,1631,1,incluido,0.0
5,Popularidade,principal,20,37,1613,3,incluido,0.0
5,Popularidade,principal,21,142,1508,10,incluido,0.3
5,Popularidade,principal,22,103,1547,14,incluido,0.1
5,Popularidade,principal,23,121,1529,17,incluido,0.2
5,Popularidade,principal,24,46,1604,19,incluido,0.3
5,Popularidade,principal,25,64,1586,11,incluido,0.1
5,Popularidade,principal,26,78,1572,5,incluido,0.0
5,Popularidade,principal,27,25,1625,0,sem_relevante_elegivel,
5,Popularidade,principal,28,69,1581,3,incluido,0.2
5,Popularidade,principal,29,21,1629,10,incluido,0.1
5,Popularidade,principal,30,32,1618,9,incluido,0.1
5,Popularidade,principal,31,28,1622,6,incluido,0.0
5,Popularidade,principal,32,33,1617,4,incluido,0.0
5,Popularidade,principal,33,18,1632,4,incluido,0.1
5,Popularidade,principal,34,14,1636,4,incluido,0.0
5,Popularidade,principal,35,18,1632,2,incluido,0.0
5,Popularidade,principal,36,17,1633,1,incluido,0.0
5,Popularidade,principal,37,51,1599,4,incluido,0.1
5,Popularidade,principal,38,101,1549,11,incluido,0.0
5,Popularidade,principal,39,19,1631,2,incluido,0.1
5,Popularidade,principal,40,30,1620,0,sem_relevante_elegivel,
5,Popularidade,principal,41,46,1604,4,incluido,0.0
5,Popularidade,principal,42,135,1515,29,incluido,0.2
5,Popularidade,principal,43,164,1486,43,incluido,0.7
5,Popularidade,principal,44,114,1536,24,incluido,0.3
5,Popularidade,principal,45,40,1610,5,incluido,0.1
5,Popularidade,principal,46,22,1628,4,incluido,0.2
5,Popularidade,principal,47,23,1627,1,incluido,0.0
5,Popularidade,principal,48,49,1601,11,incluido,0.2
5,Popularidade,principal,49,162,1488,11,incluido,0.0
5,Popularidade,principal,50,18,1632,3,incluido,0.1
5,Popularidade,principal,51,18,1632,4,incluido,0.1
5,Popularidade,principal,52,44,1606,10,incluido,0.0
5,Popularidade,principal,53,22,1628,3,incluido,0.0
5,Popularidade,principal,54,53,1597,3,incluido,0.1
5,Popularidade,principal,55,17,1633,3,incluido,0.1
5,Popularidade,principal,56,142,1508,31,incluido,0.6
5,Popularidade,principal,57,87,1563,11,incluido,0.3
5,Popularidade,principal,58,126,1524,20,incluido,0.4
5,Popularidade,principal,59,290,1360,66,incluido,0.6
5,Popularidade,principal,60,173,1477,32,incluido,0.2
5,Popularidade,principal,61,17,1633,2,incluido,0.2
5,Popularidade,principal,62,193,1457,17,incluido,0.3
5,Popularidade,principal,63,67,1583,10,incluido,0.1
5,Popularidade,principal,64,165,1485,19,incluido,0.1
5,Popularidade,principal,65,61,1589,15,incluido,0.2
5,Popularidade,principal,66,32,1618,4,incluido,0.2
5,Popularidade,principal,67,23,1627,4,incluido,0.0
5,Popularidade,principal,68,30,1620,2,incluido,0.0
5,Popularidade,principal,69,49,1601,11,incluido,0.3
5,Popularidade,principal,70,104,1546,15,incluido,0.1
5,Popularidade,principal,71,31,1619,4,incluido,0.1
5,Popularidade,principal,72,110,1540,17,incluido,0.2
5,Popularidade,principal,73,54,1596,9,incluido,0.1
5,Popularidade,principal,74,34,1616,3,incluido,0.1
5,Popularidade,principal,75,67,1583,6,incluido,0.0
5,Popularidade,principal,76,65,1585,10,incluido,0.1
5,Popularidade,principal,77,57,1593,8,incluido,0.1
5,Popularidade,principal,78,17,1633,2,incluido,0.1
5,Popularidade,principal,79,43,1607,9,incluido,0.0
5,Popularidade,principal,80,21,1629,5,incluido,0.0
5,Popularidade,principal,81,46,1604,8,incluido,0.1
5,Popularidade,principal,82,139,1511,15,incluido,0.3
5,Popularidade,principal,83,124,1526,17,incluido,0.2
5,Popularidade,principal,84,57,1593,8,incluido,0.1
5,Popularidade,principal,85,231,1419,26,incluido,0.1
5,Popularidade,principal,86,20,1630,2,incluido,0.0
5,Popularidade,principal,87,177,1473,18,incluido,0.0
5,Popularidade,principal,88,15,1635,3,incluido,0.1
5,Popularidade,principal,89,63,1587,9,incluido,0.0
5,Popularidade,principal,90,234,1416,52,incluido,0.2
5,Popularidade,principal,91,74,1576,20,incluido,0.3
5,Popularidade,principal,92,313,1337,32,incluido,0.6
5,Popularidade,principal,93,16,1634,1,incluido,0.0
5,Popularidade,principal,94,323,1327,44,incluido,0.4
5,Popularidade,principal,95,227,1423,23,incluido,0.2
5,Popularidade,principal,96,46,1604,8,incluido,0.2
5,Popularidade,principal,97,50,1600,8,incluido,0.1
5,Popularidade,principal,98,21,1629,1,incluido,0.0
5,Popularidade,principal,99,111,1539,13,incluido,0.3
5,Popularidade,principal,100,47,1603,6,incluido,0.0
5,Popularidade,principal,101,55,1595,2,incluido,0.0
5,Popularidade,principal,102,165,1485,5,incluido,0.0
5,Popularidade,principal,103,23,1627,2,incluido,0.0
5,Popularidade,principal,104,87,1563,5,incluido,0.0
5,Popularidade,principal,105,18,1632,2,incluido,0.0
5,Popularidade,principal,106,56,1594,7,incluido,0.0
5,Popularidade,principal,107,18,1632,1,incluido,0.0
5,Popularidade,principal,108,25,1625,2,incluido,0.1
5,Popularidade,principal,109,173,1477,32,incluido,0.6
5,Popularidade,principal,110,113,1537,8,incluido,0.0
5,Popularidade,principal,111,18,1632,2,incluido,0.0
5,Popularidade,principal,112,41,1609,4,incluido,0.0
5,Popularidade,principal,113,44,1606,2,incluido,0.1
5,Popularidade,principal,114,33,1617,7,incluido,0.1
5,Popularidade,principal,115,72,1578,14,incluido,0.2
5,Popularidade,principal,116,115,1535,12,incluido,0.0
5,Popularidade,principal,117,77,1573,3,incluido,0.1
5,Popularidade,principal,118,59,1591,11,incluido,0.1
5,Popularidade,principal,119,136,1514,31,incluido,0.4
5,Popularidade,principal,120,22,1628,4,incluido,0.3
5,Popularidade,principal,121,59,1591,9,incluido,0.1
5,Popularidade,principal,122,52,1598,8,incluido,0.0
5,Popularidade,principal,123,47,1603,3,incluido,0.0
5,Popularidade,principal,124,16,1634,3,incluido,0.0
5,Popularidade,principal,125,144,1506,17,incluido,0.3
5,Popularidade,principal,126,36,1614,4,incluido,0.0
5,Popularidade,principal,127,18,1632,4,incluido,0.1
5,Popularidade,principal,128,144,1506,24,incluido,0.4
5,Popularidade,principal,129,23,1627,1,incluido,0.1
5,Popularidade,principal,130,288,1362,49,incluido,0.5
5,Popularidade,principal,131,25,1625,5,incluido,0.1
5,Popularidade,principal,132,16,1634,1,incluido,0.0
5,Popularidade,principal,133,18,1632,3,incluido,0.0
5,Popularidade,principal,134,17,1633,5,incluido,0.0
5,Popularidade,principal,135,45,1605,9,incluido,0.0
5,Popularidade,principal,136,29,1621,5,incluido,0.1
5,Popularidade,principal,137,36,1614,9,incluido,0.1
5,Popularidade,principal,138,43,1607,8,incluido,0.1
5,Popularidade,principal,139,17,1633,6,incluido,0.1
5,Popularidade,principal,140,19,1631,2,incluido,0.0
5,Popularidade,principal,141,82,1568,17,incluido,0.3
5,Popularidade,principal,142,24,1626,7,incluido,0.0
5,Popularidade,principal,143,16,1634,2,incluido,0.0
5,Popularidade,principal,144,156,1494,33,incluido,0.2
5,Popularidade,principal,145,249,1401,39,incluido,0.5
5,Popularidade,principal,146,26,1624,2,incluido,0.0
5,Popularidade,principal,147,15,1635,3,incluido,0.0
5,Popularidade,principal,148,55,1595,7,incluido,0.1
5,Popularidade,principal,149,31,1619,1,incluido,0.0
5,Popularidade,principal,150,19,1631,11,incluido,0.1
5,Popularidade,principal,151,253,1397,40,incluido,0.3
5,Popularidade,principal,152,88,1562,11,incluido,0.0
5,Popularidade,principal,153,17,1633,1,incluido,0.0
5,Popularidade,principal,154,35,1615,11,incluido,0.1
5,Popularidade,principal,155,17,1633,1,incluido,0.0
5,Popularidade,principal,156,30,1620,5,incluido,0.1
5,Popularidade,principal,157,39,1611,10,incluido,0.1
5,Popularidade,principal,158,139,1511,21,incluido,0.1
5,Popularidade,principal,159,76,1574,18,incluido,0.1
5,Popularidade,principal,160,100,1550,17,incluido,0.0
5,Popularidade,principal,161,50,1600,1,incluido,0.0
5,Popularidade,principal,162,35,1615,3,incluido,0.0
5,Popularidade,principal,163,17,1633,3,incluido,0.1
5,Popularidade,principal,164,51,1599,9,incluido,0.1
5,Popularidade,principal,165,22,1628,7,incluido,0.1
5,Popularidade,principal,166,16,1634,1,incluido,0.0
5,Popularidade,principal,167,51,1599,13,incluido,0.0
5,Popularidade,principal,168,55,1595,8,incluido,0.3
5,Popularidade,principal,169,23,1627,9,incluido,0.2
5,Popularidade,principal,170,18,1632,1,incluido,0.0
5,Popularidade,principal,171,25,1625,3,incluido,0.1
5,Popularidade,principal,172,23,1627,2,incluido,0.0
5,Popularidade,principal,173,29,1621,13,incluido,0.0
5,Popularidade,principal,174,146,1504,21,incluido,0.2
5,Popularidade,principal,175,34,1616,2,incluido,0.1
5,Popularidade,principal,176,49,1601,8,incluido,0.1
5,Popularidade,principal,177,94,1556,12,incluido,0.1
5,Popularidade,principal,178,218,1432,39,incluido,0.7
5,Popularidade,principal,179,33,1617,3,incluido,0.0
5,Popularidade,principal,180,54,1596,5,incluido,0.0
5,Popularidade,principal,181,357,1293,4,incluido,0.1
5,Popularidade,principal,182,21,1629,2,incluido,0.0
5,Popularidade,principal,183,43,1607,6,incluido,0.0
5,Popularidade,principal,184,204,1446,25,incluido,0.1
5,Popularidade,principal,185,39,1611,8,incluido,0.1
5,Popularidade,principal,186,69,1581,10,incluido,0.1
5,Popularidade,principal,187,45,1605,9,incluido,0.0
5,Popularidade,principal,188,96,1554,12,incluido,0.2
5,Popularidade,principal,189,154,1496,24,incluido,0.2
5,Popularidade,principal,190,45,1605,7,incluido,0.2
5,Popularidade,principal,191,26,1624,1,incluido,0.0
5,Popularidade,principal,192,26,1624,6,incluido,0.1
5,Popularidade,principal,193,102,1548,13,incluido,0.2
5,Popularidade,principal,194,245,1405,16,incluido,0.3
5,Popularidade,principal,195,73,1577,8,incluido,0.0
5,Popularidade,principal,196,34,1616,3,incluido,0.0
5,Popularidade,principal,197,96,1554,11,incluido,0.3
5,Popularidade,principal,198,140,1510,14,incluido,0.3
5,Popularidade,principal,199,29,1621,5,incluido,0.2
5,Popularidade,principal,200,173,1477,30,incluido,0.5
5,Popularidade,principal,201,307,1343,28,incluido,0.1
5,Popularidade,principal,202,17,1633,0,sem_relevante_elegivel,
5,Popularidade,principal,203,39,1611,2,incluido,0.0
5,Popularidade,principal,204,41,1609,0,sem_relevante_elegivel,
5,Popularidade,principal,205,17,1633,0,sem_relevante_elegivel,
5,Popularidade,principal,206,51,1599,4,incluido,0.0
5,Popularidade,principal,207,183,1467,14,incluido,0.1
5,Popularidade,principal,208,24,1626,8,incluido,0.0
5,Popularidade,principal,209,31,1619,1,incluido,0.0
5,Popularidade,principal,210,107,1543,17,incluido,0.2
5,Popularidade,principal,211,29,1621,2,incluido,0.0
5,Popularidade,principal,212,23,1627,2,incluido,0.0
5,Popularidade,principal,213,98,1552,25,incluido,0.3
5,Popularidade,principal,214,105,1545,16,incluido,0.3
5,Popularidade,principal,215,77,1573,11,incluido,0.4
5,Popularidade,principal,216,108,1542,12,incluido,0.1
5,Popularidade,principal,217,59,1591,6,incluido,0.1
5,Popularidade,principal,218,44,1606,7,incluido,0.0
5,Popularidade,principal,219,22,1628,3,incluido,0.0
5,Popularidade,principal,220,18,1632,3,incluido,0.2
5,Popularidade,principal,221,110,1540,25,incluido,0.2
5,Popularidade,principal,222,313,1337,32,incluido,0.6
5,Popularidade,principal,223,85,1565,8,incluido,0.0
5,Popularidade,principal,224,111,1539,6,incluido,0.1
5,Popularidade,principal,225,20,1630,7,incluido,0.0
5,Popularidade,principal,226,47,1603,3,incluido,0.0
5,Popularidade,principal,227,40,1610,12,incluido,0.0
5,Popularidade,principal,228,18,1632,0,sem_relevante_elegivel,
5,Popularidade,principal,229,24,1626,2,incluido,0.1
5,Popularidade,principal,230,100,1550,27,incluido,0.5
5,Popularidade,principal,231,15,1635,2,incluido,0.0
5,Popularidade,principal,232,73,1577,14,incluido,0.2
5,Popularidade,principal,233,91,1559,15,incluido,0.0
5,Popularidade,principal,234,367,1283,40,incluido,0.1
5,Popularidade,principal,235,80,1570,12,incluido,0.1
5,Popularidade,principal,236,101,1549,12,incluido,0.3
5,Popularidade,principal,237,40,1610,8,incluido,0.1
5,Popularidade,principal,238,23,1627,2,incluido,0.0
5,Popularidade,principal,239,127,1523,27,incluido,0.2
5,Popularidade,principal,240,19,1631,3,incluido,0.1
5,Popularidade,principal,241,18,1632,1,incluido,0.0
5,Popularidade,principal,242,16,1634,4,incluido,0.1
5,Popularidade,principal,243,64,1586,11,incluido,0.0
5,Popularidade,principal,244,193,1457,35,incluido,0.4
5,Popularidade,principal,245,16,1634,3,incluido,0.1
5,Popularidade,principal,246,150,1500,15,incluido,0.0
5,Popularidade,principal,247,21,1629,4,incluido,0.2
5,Popularidade,principal,248,42,1608,6,incluido,0.1
5,Popularidade,principal,249,140,1510,18,incluido,0.4
5,Popularidade,principal,250,98,1552,16,incluido,0.4
5,Popularidade,principal,251,62,1588,9,incluido,0.5
5,Popularidade,principal,252,19,1631,2,incluido,0.1
5,Popularidade,principal,253,77,1573,12,incluido,0.3
5,Popularidade,principal,254,132,1518,10,incluido,0.1
5,Popularidade,principal,255,64,1586,3,incluido,0.1
5,Popularidade,principal,256,159,1491,33,incluido,0.3
5,Popularidade,principal,257,48,1602,6,incluido,0.2
5,Popularidade,principal,258,21,1629,0,sem_relevante_elegivel,
5,Popularidade,principal,259,37,1613,4,incluido,0.0
5,Popularidade,principal,260,19,1631,4,incluido,0.0
5,Popularidade,principal,261,24,1626,2,incluido,0.1
5,Popularidade,principal,262,128,1522,8,incluido,0.0
5,Popularidade,principal,263,97,1553,21,incluido,0.2
5,Popularidade,principal,264,90,1560,26,incluido,0.1
5,Popularidade,principal,265,35,1615,5,incluido,0.0
5,Popularidade,principal,266,16,1634,3,incluido,0.0
5,Popularidade,principal,267,139,1511,28,incluido,0.3
5,Popularidade,principal,268,271,1379,20,incluido,0.2
5,Popularidade,principal,269,255,1395,30,incluido,0.0
5,Popularidade,principal,270,100,1550,32,incluido,0.1
5,Popularidade,principal,271,210,1440,38,incluido,0.5
5,Popularidade,principal,272,41,1609,8,incluido,0.1
5,Popularidade,principal,273,17,1633,3,incluido,0.0
5,Popularidade,principal,274,60,1590,9,incluido,0.2
5,Popularidade,principal,275,78,1572,5,incluido,0.0
5,Popularidade,principal,276,418,1232,53,incluido,0.4
5,Popularidade,principal,277,39,1611,10,incluido,0.1
5,Popularidade,principal,278,18,1632,4,incluido,0.1
5,Popularidade,principal,279,356,1294,32,incluido,0.2
5,Popularidade,principal,280,204,1446,27,incluido,0.3
5,Popularidade,principal,281,20,1630,1,incluido,0.0
5,Popularidade,principal,282,12,1638,4,incluido,0.1
5,Popularidade,principal,283,41,1609,11,incluido,0.0
5,Popularidade,principal,284,36,1614,7,incluido,0.0
5,Popularidade,principal,285,26,1624,5,incluido,0.1
5,Popularidade,principal,286,228,1422,42,incluido,0.3
5,Popularidade,principal,287,52,1598,8,incluido,0.3
5,Popularidade,principal,288,65,1585,7,incluido,0.3
5,Popularidade,principal,289,21,1629,2,incluido,0.0
5,Popularidade,principal,290,123,1527,17,incluido,0.1
5,Popularidade,principal,291,246,1404,31,incluido,0.3
5,Popularidade,principal,292,97,1553,24,incluido,0.2
5,Popularidade,principal,293,305,1345,23,incluido,0.2
5,Popularidade,principal,294,113,1537,23,incluido,0.4
5,Popularidade,principal,295,157,1493,35,incluido,0.1
5,Popularidade,principal,296,120,1530,26,incluido,0.5
5,Popularidade,principal,297,159,1491,21,incluido,0.5
5,Popularidade,principal,298,100,1550,17,incluido,0.4
5,Popularidade,principal,299,230,1420,22,incluido,0.1
5,Popularidade,principal,300,18,1632,1,incluido,0.0
5,Popularidade,principal,301,219,1431,34,incluido,0.6
5,Popularidade,principal,302,16,1634,0,sem_relevante_elegivel,
5,Popularidade,principal,303,368,1282,60,incluido,0.7
5,Popularidade,principal,304,22,1628,1,incluido,0.0
5,Popularidade,principal,305,180,1470,17,incluido,0.0
5,Popularidade,principal,306,31,1619,1,incluido,0.0
5,Popularidade,principal,307,87,1563,16,incluido,0.0
5,Popularidade,principal,308,326,1324,48,incluido,0.3
5,Popularidade,principal,309,16,1634,1,incluido,0.0
5,Popularidade,principal,310,17,1633,3,incluido,0.1
5,Popularidade,principal,311,239,1411,37,incluido,0.3
5,Popularidade,principal,312,180,1470,33,incluido,0.2
5,Popularidade,principal,313,219,1431,21,incluido,0.2
5,Popularidade,principal,314,200,1450,32,incluido,0.2
5,Popularidade,principal,315,73,1577,12,incluido,0.1
5,Popularidade,principal,316,63,1587,8,incluido,0.1
5,Popularidade,principal,317,18,1632,3,incluido,0.1
5,Popularidade,principal,318,144,1506,22,incluido,0.1
5,Popularidade,principal,319,15,1635,4,incluido,0.0
5,Popularidade,principal,320,122,1528,21,incluido,0.1
5,Popularidade,principal,321,102,1548,13,incluido,0.0
5,Popularidade,principal,322,43,1607,7,incluido,0.0
5,Popularidade,principal,323,73,1577,7,incluido,0.1
5,Popularidade,principal,324,53,1597,12,incluido,0.1
5,Popularidade,principal,325,118,1532,10,incluido,0.0
5,Popularidade,principal,326,155,1495,16,incluido,0.0
5,Popularidade,principal,327,234,1416,23,incluido,0.2
5,Popularidade,principal,328,222,1428,19,incluido,0.2
5,Popularidade,principal,329,50,1600,6,incluido,0.2
5,Popularidade,principal,330,110,1540,34,incluido,0.2
5,Popularidade,principal,331,58,1592,5,incluido,0.0
5,Popularidade,principal,332,154,1496,22,incluido,0.3
5,Popularidade,principal,333,20,1630,4,incluido,0.1
5,Popularidade,principal,334,277,1373,34,incluido,0.4
5,Popularidade,principal,335,19,1631,2,incluido,0.1
5,Popularidade,principal,336,98,1552,7,incluido,0.0
5,Popularidade,principal,337,28,1622,4,incluido,0.0
5,Popularidade,principal,338,60,1590,12,incluido,0.1
5,Popularidade,principal,339,209,1441,33,incluido,0.3
5,Popularidade,principal,340,36,1614,5,incluido,0.1
5,Popularidade,principal,341,15,1635,4,incluido,0.1
5,Popularidade,principal,342,169,1481,16,incluido,0.1
5,Popularidade,principal,343,193,1457,28,incluido,0.1
5,Popularidade,principal,344,151,1499,21,incluido,0.2
5,Popularidade,principal,345,185,1465,23,incluido,0.4
5,Popularidade,principal,346,155,1495,21,incluido,0.1
5,Popularidade,principal,347,155,1495,27,incluido,0.4
5,Popularidade,principal,348,43,1607,12,incluido,0.0
5,Popularidade,principal,349,34,1616,2,incluido,0.0
5,Popularidade,principal,350,42,1608,7,incluido,0.1
5,Popularidade,principal,351,31,1619,9,incluido,0.0
5,Popularidade,principal,352,33,1617,7,incluido,0.2
5,Popularidade,principal,353,24,1626,1,incluido,0.0
5,Popularidade,principal,354,194,1456,26,incluido,0.1
5,Popularidade,principal,355,22,1628,4,incluido,0.0
5,Popularidade,principal,356,17,1633,5,incluido,0.0
5,Popularidade,principal,357,61,1589,11,incluido,0.1
5,Popularidade,principal,358,35,1615,5,incluido,0.1
5,Popularidade,principal,359,23,1627,1,incluido,0.1
5,Popularidade,principal,360,82,1568,14,incluido,0.1
5,Popularidade,principal,361,90,1560,26,incluido,0.1
5,Popularidade,principal,362,19,1631,2,incluido,0.0
5,Popularidade,principal,363,249,1401,24,incluido,0.3
5,Popularidade,principal,364,17,1633,2,incluido,0.1
5,Popularidade,principal,365,45,1605,5,incluido,0.1
5,Popularidade,principal,366,26,1624,6,incluido,0.0
5,Popularidade,principal,367,42,1608,15,incluido,0.1
5,Popularidade,principal,368,34,1616,3,incluido,0.0
5,Popularidade,principal,369,19,1631,2,incluido,0.0
5,Popularidade,principal,370,59,1591,13,incluido,0.1
5,Popularidade,principal,371,42,1608,4,incluido,0.0
5,Popularidade,principal,372,58,1592,7,incluido,0.0
5,Popularidade,principal,373,176,1474,44,incluido,0.2
5,Popularidade,principal,374,225,1425,19,incluido,0.1
5,Popularidade,principal,375,23,1627,3,incluido,0.0
5,Popularidade,principal,376,24,1626,4,incluido,0.0
5,Popularidade,principal,377,25,1625,5,incluido,0.1
5,Popularidade,principal,378,306,1344,31,incluido,0.4
5,Popularidade,principal,379,162,1488,23,incluido,0.3
5,Popularidade,principal,380,135,1515,8,incluido,0.1
5,Popularidade,principal,381,107,1543,15,incluido,0.1
5,Popularidade,principal,382,38,1612,8,incluido,0.2
5,Popularidade,principal,383,60,1590,10,incluido,0.0
5,Popularidade,principal,384,16,1634,6,incluido,0.1
5,Popularidade,principal,385,227,1423,28,incluido,0.0
5,Popularidade,principal,386,20,1630,2,incluido,0.0
5,Popularidade,principal,387,235,1415,39,incluido,0.3
5,Popularidade,principal,388,38,1612,10,incluido,0.3
5,Popularidade,principal,389,214,1436,35,incluido,0.3
5,Popularidade,principal,390,28,1622,2,incluido,0.1
5,Popularidade,principal,391,96,1554,13,incluido,0.1
5,Popularidade,principal,392,84,1566,19,incluido,0.1
5,Popularidade,principal,393,357,1293,39,incluido,0.3
5,Popularidade,principal,394,123,1527,15,incluido,0.2
5,Popularidade,principal,395,46,1604,6,incluido,0.3
5,Popularidade,principal,396,42,1608,6,incluido,0.0
5,Popularidade,principal,397,81,1569,13,incluido,0.2
5,Popularidade,principal,398,131,1519,20,incluido,0.0
5,Popularidade,principal,399,244,1406,15,incluido,0.0
5,Popularidade,principal,400,18,1632,1,incluido,0.0
5,Popularidade,principal,401,120,1530,14,incluido,0.1
5,Popularidade,principal,402,58,1592,7,incluido,0.3
5,Popularidade,principal,403,40,1610,8,incluido,0.1
5,Popularidade,principal,404,34,1616,3,incluido,0.1
5,Popularidade,principal,405,600,1050,16,incluido,0.3
5,Popularidade,principal,406,279,1371,39,incluido,0.2
5,Popularidade,principal,407,173,1477,35,incluido,0.5
5,Popularidade,principal,408,20,1630,3,incluido,0.0
5,Popularidade,principal,409,172,1478,22,incluido,0.1
5,Popularidade,principal,410,21,1629,2,incluido,0.0
5,Popularidade,principal,411,51,1599,3,incluido,0.1
5,Popularidade,principal,412,42,1608,8,incluido,0.0
5,Popularidade,principal,413,41,1609,6,incluido,0.2
5,Popularidade,principal,414,20,1630,2,incluido,0.1
5,Popularidade,principal,415,21,1629,2,incluido,0.0
5,Popularidade,principal,416,396,1254,62,incluido,0.9
5,Popularidade,principal,417,290,1360,29,incluido,0.1
5,Popularidade,principal,418,14,1636,1,incluido,0.0
5,Popularidade,principal,419,31,1619,1,incluido,0.0
5,Popularidade,principal,420,31,1619,3,incluido,0.0
5,Popularidade,principal,421,49,1601,10,incluido,0.1
5,Popularidade,principal,422,81,1569,12,incluido,0.2
5,Popularidade,principal,423,50,1600,8,incluido,0.1
5,Popularidade,principal,424,34,1616,3,incluido,0.1
5,Popularidade,principal,425,155,1495,20,incluido,0.4
5,Popularidade,principal,426,71,1579,19,incluido,0.1
5,Popularidade,principal,427,23,1627,8,incluido,0.2
5,Popularidade,principal,428,46,1604,7,incluido,0.1
5,Popularidade,principal,429,344,1306,31,incluido,0.3
5,Popularidade,principal,430,51,1599,8,incluido,0.3
5,Popularidade,principal,431,17,1633,1,incluido,0.1
5,Popularidade,principal,432,50,1600,5,incluido,0.1
5,Popularidade,principal,433,33,1617,3,incluido,0.0
5,Popularidade,principal,434,34,1616,4,incluido,0.0
5,Popularidade,principal,435,299,1351,35,incluido,0.5
5,Popularidade,principal,436,122,1528,13,incluido,0.1
5,Popularidade,principal,437,214,1436,29,incluido,0.1
5,Popularidade,principal,438,23,1627,10,incluido,0.1
5,Popularidade,principal,439,26,1624,2,incluido,0.0
5,Popularidade,principal,440,35,1615,15,incluido,0.1
5,Popularidade,principal,441,17,1633,2,incluido,0.1
5,Popularidade,principal,442,113,1537,10,incluido,0.0
5,Popularidade,principal,443,20,1630,3,incluido,0.2
5,Popularidade,principal,444,19,1631,5,incluido,0.1
5,Popularidade,principal,445,109,1541,3,incluido,0.0
5,Popularidade,principal,446,29,1621,2,incluido,0.0
5,Popularidade,principal,447,113,1537,16,incluido,0.3
5,Popularidade,principal,448,26,1624,9,incluido,0.1
5,Popularidade,principal,449,63,1587,8,incluido,0.0
5,Popularidade,principal,450,437,1213,71,incluido,0.7
5,Popularidade,principal,451,77,1573,7,incluido,0.0
5,Popularidade,principal,452,160,1490,22,incluido,0.2
5,Popularidade,principal,453,116,1534,19,incluido,0.2
5,Popularidade,principal,454,190,1460,15,incluido,0.2
5,Popularidade,principal,455,151,1499,16,incluido,0.5
5,Popularidade,principal,456,187,1463,19,incluido,0.1
5,Popularidade,principal,457,206,1444,54,incluido,0.5
5,Popularidade,principal,458,143,1507,30,incluido,0.4
5,Popularidade,principal,459,95,1555,12,incluido,0.2
5,Popularidade,principal,460,62,1588,1,incluido,0.0
5,Popularidade,principal,461,18,1632,3,incluido,0.0
5,Popularidade,principal,462,27,1623,4,incluido,0.0
5,Popularidade,principal,463,110,1540,9,incluido,0.3
5,Popularidade,principal,464,39,1611,12,incluido,0.2
5,Popularidade,principal,465,59,1591,9,incluido,0.0
5,Popularidade,principal,466,78,1572,14,incluido,0.3
5,Popularidade,principal,467,33,1617,8,incluido,0.1
5,Popularidade,principal,468,113,1537,18,incluido,0.3
5,Popularidade,principal,469,35,1615,8,incluido,0.0
5,Popularidade,principal,470,52,1598,3,incluido,0.0
5,Popularidade,principal,471,22,1628,4,incluido,0.1
5,Popularidade,principal,472,217,1433,34,incluido,0.2
5,Popularidade,principal,473,26,1624,8,incluido,0.0
5,Popularidade,principal,474,268,1382,51,incluido,0.4
5,Popularidade,principal,475,18,1632,2,incluido,0.1
5,Popularidade,principal,476,70,1580,8,incluido,0.1
5,Popularidade,principal,477,27,1623,8,incluido,0.0
5,Popularidade,principal,478,93,1557,10,incluido,0.0
5,Popularidade,principal,479,162,1488,22,incluido,0.4
5,Popularidade,principal,480,49,1601,7,incluido,0.1
5,Popularidade,principal,481,44,1606,7,incluido,0.1
5,Popularidade,principal,482,23,1627,2,incluido,0.0
5,Popularidade,principal,483,48,1602,3,incluido,0.1
5,Popularidade,principal,484,105,1545,27,incluido,0.6
5,Popularidade,principal,485,21,1629,0,sem_relevante_elegivel,
5,Popularidade,principal,486,149,1501,16,incluido,0.3
5,Popularidade,principal,487,188,1462,24,incluido,0.4
5,Popularidade,principal,488,129,1521,13,incluido,0.4
5,Popularidade,principal,489,82,1568,14,incluido,0.1
5,Popularidade,principal,490,49,1601,3,incluido,0.0
5,Popularidade,principal,491,24,1626,6,incluido,0.0
5,Popularidade,principal,492,44,1606,9,incluido,0.0
5,Popularidade,principal,493,114,1536,13,incluido,0.2
5,Popularidade,principal,494,37,1613,8,incluido,0.4
5,Popularidade,principal,495,171,1479,31,incluido,0.2
5,Popularidade,principal,496,105,1545,8,incluido,0.0
5,Popularidade,principal,497,226,1424,17,incluido,0.4
5,Popularidade,principal,498,125,1525,12,incluido,0.0
5,Popularidade,principal,499,85,1565,12,incluido,0.1
5,Popularidade,principal,500,186,1464,18,incluido,0.1
5,Popularidade,principal,501,57,1593,10,incluido,0.3
5,Popularidade,principal,502,27,1623,4,incluido,0.0
5,Popularidade,principal,503,129,1521,22,incluido,0.3
5,Popularidade,principal,504,210,1440,30,incluido,0.3
5,Popularidade,principal,505,92,1558,10,incluido,0.2
5,Popularidade,principal,506,196,1454,33,incluido,0.1
5,Popularidade,principal,507,54,1596,4,incluido,0.1
5,Popularidade,principal,508,74,1576,10,incluido,0.0
5,Popularidade,principal,509,29,1621,2,incluido,0.1
5,Popularidade,principal,510,23,1627,1,incluido,0.0
5,Popularidade,principal,511,23,1627,0,sem_relevante_elegivel,
5,Popularidade,principal,512,15,1635,6,incluido,0.1
5,Popularidade,principal,513,14,1636,8,incluido,0.2
5,Popularidade,principal,514,158,1492,26,incluido,0.3
5,Popularidade,principal,515,30,1620,4,incluido,0.2
5,Popularidade,principal,516,17,1633,3,incluido,0.1
5,Popularidade,principal,517,28,1622,6,incluido,0.2
5,Popularidade,principal,518,65,1585,5,incluido,0.1
5,Popularidade,principal,519,41,1609,5,incluido,0.0
5,Popularidade,principal,520,18,1632,3,incluido,0.1
5,Popularidade,principal,521,117,1533,7,incluido,0.2
5,Popularidade,principal,522,24,1626,6,incluido,0.0
5,Popularidade,principal,523,84,1566,12,incluido,0.0
5,Popularidade,principal,524,248,1402,30,incluido,0.1
5,Popularidade,principal,525,45,1605,5,incluido,0.2
5,Popularidade,principal,526,49,1601,7,incluido,0.1
5,Popularidade,principal,527,114,1536,18,incluido,0.0
5,Popularidade,principal,528,42,1608,7,incluido,0.1
5,Popularidade,principal,529,38,1612,3,incluido,0.0
5,Popularidade,principal,530,37,1613,7,incluido,0.0
5,Popularidade,principal,531,19,1631,6,incluido,0.1
5,Popularidade,principal,532,216,1434,46,incluido,0.1
5,Popularidade,principal,533,204,1446,26,incluido,0.6
5,Popularidade,principal,534,59,1591,16,incluido,0.1
5,Popularidade,principal,535,170,1480,33,incluido,0.1
5,Popularidade,principal,536,131,1519,26,incluido,0.0
5,Popularidade,principal,537,395,1255,25,incluido,0.1
5,Popularidade,principal,538,66,1584,7,incluido,0.1
5,Popularidade,principal,539,39,1611,14,incluido,0.0
5,Popularidade,principal,540,55,1595,6,incluido,0.1
5,Popularidade,principal,541,114,1536,15,incluido,0.2
5,Popularidade,principal,542,111,1539,13,incluido,0.2
5,Popularidade,principal,543,160,1490,17,incluido,0.0
5,Popularidade,principal,544,24,1626,1,incluido,0.0
5,Popularidade,principal,545,128,1522,12,incluido,0.1
5,Popularidade,principal,546,43,1607,11,incluido,0.3
5,Popularidade,principal,547,18,1632,2,incluido,0.0
5,Popularidade,principal,548,121,1529,25,incluido,0.7
5,Popularidade,principal,549,19,1631,3,incluido,0.2
5,Popularidade,principal,550,33,1617,4,incluido,0.1
5,Popularidade,principal,551,269,1381,45,incluido,0.5
5,Popularidade,principal,552,59,1591,1,incluido,0.0
5,Popularidade,principal,553,74,1576,23,incluido,0.3
5,Popularidade,principal,554,84,1566,14,incluido,0.3
5,Popularidade,principal,555,43,1607,7,incluido,0.2
5,Popularidade,principal,556,34,1616,8,incluido,0.0
5,Popularidade,principal,557,39,1611,7,incluido,0.0
5,Popularidade,principal,558,16,1634,3,incluido,0.0
5,Popularidade,principal,559,64,1586,7,incluido,0.0
5,Popularidade,principal,560,81,1569,9,incluido,0.2
5,Popularidade,principal,561,286,1364,26,incluido,0.1
5,Popularidade,principal,562,57,1593,10,incluido,0.0
5,Popularidade,principal,563,21,1629,6,incluido,0.1
5,Popularidade,principal,564,28,1622,3,incluido,0.2
5,Popularidade,principal,565,26,1624,9,incluido,0.0
5,Popularidade,principal,566,114,1536,19,incluido,0.1
5,Popularidade,principal,567,121,1529,30,incluido,0.1
5,Popularidade,principal,568,65,1585,12,incluido,0.1
5,Popularidade,principal,569,58,1592,6,incluido,0.0
5,Popularidade,principal,570,19,1631,1,incluido,0.0
5,Popularidade,principal,571,18,1632,1,incluido,0.0
5,Popularidade,principal,572,15,1635,0,sem_relevante_elegivel,
5,Popularidade,principal,573,40,1610,9,incluido,0.1
5,Popularidade,principal,574,40,1610,2,incluido,0.0
5,Popularidade,principal,575,20,1630,2,incluido,0.0
5,Popularidade,principal,576,26,1624,5,incluido,0.0
5,Popularidade,principal,577,140,1510,33,incluido,0.3
5,Popularidade,principal,578,19,1631,1,incluido,0.0
5,Popularidade,principal,579,58,1592,9,incluido,0.1
5,Popularidade,principal,580,37,1613,4,incluido,0.2
5,Popularidade,principal,581,20,1630,5,incluido,0.1
5,Popularidade,principal,582,47,1603,12,incluido,0.5
5,Popularidade,principal,583,26,1624,1,incluido,0.0
5,Popularidade,principal,584,19,1631,4,incluido,0.2
5,Popularidade,principal,585,63,1587,10,incluido,0.0
5,Popularidade,principal,586,134,1516,14,incluido,0.3
5,Popularidade,principal,587,79,1571,5,incluido,0.0
5,Popularidade,principal,588,174,1476,35,incluido,0.4
5,Popularidade,principal,589,33,1617,5,incluido,0.1
5,Popularidade,principal,590,38,1612,7,incluido,0.1
5,Popularidade,principal,591,63,1587,13,incluido,0.1
5,Popularidade,principal,592,276,1374,60,incluido,0.6
5,Popularidade,principal,593,130,1520,13,incluido,0.1
5,Popularidade,principal,594,20,1630,3,incluido,0.1
5,Popularidade,principal,595,79,1571,8,incluido,0.0
5,Popularidade,principal,596,15,1635,3,incluido,0.2
5,Popularidade,principal,597,38,1612,3,incluido,0.2
5,Popularidade,principal,598,19,1631,2,incluido,0.0
5,Popularidade,principal,599,38,1612,8,incluido,0.0
5,Popularidade,principal,600,69,1581,9,incluido,0.1
5,Popularidade,principal,601,116,1534,14,incluido,0.2
5,Popularidade,principal,602,23,1627,6,incluido,0.1
5,Popularidade,principal,603,39,1611,5,incluido,0.0
5,Popularidade,principal,604,19,1631,3,incluido,0.0
5,Popularidade,principal,605,77,1573,9,incluido,0.2
5,Popularidade,principal,606,185,1465,36,incluido,0.5
5,Popularidade,principal,607,34,1616,1,incluido,0.0
5,Popularidade,principal,608,130,1520,23,incluido,0.0
5,Popularidade,principal,609,19,1631,1,incluido,0.0
5,Popularidade,principal,610,56,1594,13,incluido,0.2
5,Popularidade,principal,611,32,1618,5,incluido,0.0
5,Popularidade,principal,612,23,1627,2,incluido,0.0
5,Popularidade,principal,613,22,1628,6,incluido,0.0
5,Popularidade,principal,614,34,1616,1,incluido,0.1
5,Popularidade,principal,615,80,1570,14,incluido,0.1
5,Popularidade,principal,616,37,1613,5,incluido,0.1
5,Popularidade,principal,617,91,1559,6,incluido,0.0
5,Popularidade,principal,618,175,1475,14,incluido,0.2
5,Popularidade,principal,619,73,1577,6,incluido,0.2
5,Popularidade,principal,620,86,1564,15,incluido,0.1
5,Popularidade,principal,621,139,1511,19,incluido,0.1
5,Popularidade,principal,622,187,1463,21,incluido,0.2
5,Popularidade,principal,623,38,1612,3,incluido,0.0
5,Popularidade,principal,624,108,1542,22,incluido,0.2
5,Popularidade,principal,625,79,1571,13,incluido,0.2
5,Popularidade,principal,626,26,1624,0,sem_relevante_elegivel,
5,Popularidade,principal,627,139,1511,19,incluido,0.0
5,Popularidade,principal,628,19,1631,8,incluido,0.0
5,Popularidade,principal,629,98,1552,15,incluido,0.0
5,Popularidade,principal,630,84,1566,11,incluido,0.0
5,Popularidade,principal,631,16,1634,2,incluido,0.0
5,Popularidade,principal,632,89,1561,21,incluido,0.1
5,Popularidade,principal,633,45,1605,6,incluido,0.1
5,Popularidade,principal,634,111,1539,10,incluido,0.2
5,Popularidade,principal,635,25,1625,2,incluido,0.0
5,Popularidade,principal,636,16,1634,3,incluido,0.1
5,Popularidade,principal,637,80,1570,5,incluido,0.1
5,Popularidade,principal,638,50,1600,12,incluido,0.1
5,Popularidade,principal,639,123,1527,10,incluido,0.1
5,Popularidade,principal,640,89,1561,13,incluido,0.0
5,Popularidade,principal,641,34,1616,5,incluido,0.0
5,Popularidade,principal,642,250,1400,46,incluido,0.1
5,Popularidade,principal,643,169,1481,22,incluido,0.0
5,Popularidade,principal,644,36,1614,5,incluido,0.0
5,Popularidade,principal,645,99,1551,16,incluido,0.1
5,Popularidade,principal,646,30,1620,0,sem_relevante_elegivel,
5,Popularidade,principal,647,45,1605,9,incluido,0.0
5,Popularidade,principal,648,237,1413,26,incluido,0.4
5,Popularidade,principal,649,19,1631,4,incluido,0.1
5,Popularidade,principal,650,251,1399,17,incluido,0.1
5,Popularidade,principal,651,14,1636,4,incluido,0.1
5,Popularidade,principal,652,17,1633,3,incluido,0.1
5,Popularidade,principal,653,229,1421,14,incluido,0.6
5,Popularidade,principal,654,117,1533,20,incluido,0.4
5,Popularidade,principal,655,551,1099,15,incluido,0.1
5,Popularidade,principal,656,17,1633,1,incluido,0.0
5,Popularidade,principal,657,20,1630,4,incluido,0.0
5,Popularidade,principal,658,56,1594,11,incluido,0.2
5,Popularidade,principal,659,155,1495,28,incluido,0.4
5,Popularidade,principal,660,180,1470,9,incluido,0.1
5,Popularidade,principal,661,99,1551,13,incluido,0.2
5,Popularidade,principal,662,17,1633,4,incluido,0.0
5,Popularidade,principal,663,127,1523,17,incluido,0.3
5,Popularidade,principal,664,128,1522,21,incluido,0.2
5,Popularidade,principal,665,104,1546,24,incluido,0.2
5,Popularidade,principal,666,192,1458,32,incluido,0.4
5,Popularidade,principal,667,38,1612,5,incluido,0.0
5,Popularidade,principal,668,38,1612,5,incluido,0.0
5,Popularidade,principal,669,82,1568,12,incluido,0.0
5,Popularidade,principal,670,38,1612,5,incluido,0.0
5,Popularidade,principal,671,96,1554,13,incluido,0.1
5,Popularidade,principal,672,25,1625,4,incluido,0.0
5,Popularidade,principal,673,30,1620,2,incluido,0.0
5,Popularidade,principal,674,33,1617,5,incluido,0.2
5,Popularidade,principal,675,29,1621,4,incluido,0.0
5,Popularidade,principal,676,62,1588,6,incluido,0.2
5,Popularidade,principal,677,41,1609,4,incluido,0.2
5,Popularidade,principal,678,23,1627,2,incluido,0.2
5,Popularidade,principal,679,46,1604,8,incluido,0.1
5,Popularidade,principal,680,35,1615,3,incluido,0.0
5,Popularidade,principal,681,18,1632,3,incluido,0.1
5,Popularidade,principal,682,313,1337,35,incluido,0.7
5,Popularidade,principal,683,60,1590,4,incluido,0.1
5,Popularidade,principal,684,63,1587,16,incluido,0.1
5,Popularidade,principal,685,17,1633,0,sem_relevante_elegivel,
5,Popularidade,principal,686,61,1589,10,incluido,0.1
5,Popularidade,principal,687,18,1632,1,incluido,0.0
5,Popularidade,principal,688,14,1636,10,incluido,0.1
5,Popularidade,principal,689,28,1622,5,incluido,0.2
5,Popularidade,principal,690,88,1562,14,incluido,0.1
5,Popularidade,principal,691,27,1623,5,incluido,0.0
5,Popularidade,principal,692,32,1618,5,incluido,0.1
5,Popularidade,principal,693,133,1517,6,incluido,0.2
5,Popularidade,principal,694,124,1526,28,incluido,0.1
5,Popularidade,principal,695,33,1617,2,incluido,0.0
5,Popularidade,principal,696,23,1627,6,incluido,0.1
5,Popularidade,principal,697,86,1564,16,incluido,0.3
5,Popularidade,principal,698,108,1542,8,incluido,0.1
5,Popularidade,principal,699,123,1527,8,incluido,0.2
5,Popularidade,principal,700,18,1632,1,incluido,0.0
5,Popularidade,principal,701,29,1621,3,incluido,0.1
5,Popularidade,principal,702,26,1624,1,incluido,0.1
5,Popularidade,principal,703,36,1614,8,incluido,0.4
5,Popularidade,principal,704,71,1579,11,incluido,0.0
5,Popularidade,principal,705,94,1556,13,incluido,0.0
5,Popularidade,principal,706,21,1629,5,incluido,0.1
5,Popularidade,principal,707,183,1467,23,incluido,0.0
5,Popularidade,principal,708,86,1564,7,incluido,0.1
5,Popularidade,principal,709,109,1541,15,incluido,0.2
5,Popularidade,principal,710,77,1573,8,incluido,0.1
5,Popularidade,principal,711,176,1474,32,incluido,0.1
5,Popularidade,principal,712,133,1517,19,incluido,0.1
5,Popularidade,principal,713,21,1629,4,incluido,0.0
5,Popularidade,principal,714,40,1610,1,incluido,0.0
5,Popularidade,principal,715,135,1515,17,incluido,0.2
5,Popularidade,principal,716,208,1442,42,incluido,0.4
5,Popularidade,principal,717,78,1572,12,incluido,0.2
5,Popularidade,principal,718,31,1619,3,incluido,0.0
5,Popularidade,principal,719,54,1596,8,incluido,0.1
5,Popularidade,principal,720,27,1623,3,incluido,0.0
5,Popularidade,principal,721,140,1510,13,incluido,0.1
5,Popularidade,principal,722,34,1616,5,incluido,0.1
5,Popularidade,principal,723,17,1633,1,incluido,0.0
5,Popularidade,principal,724,67,1583,3,incluido,0.1
5,Popularidade,principal,725,21,1629,1,incluido,0.0
5,Popularidade,principal,726,18,1632,5,incluido,0.0
5,Popularidade,principal,727,248,1402,25,incluido,0.1
5,Popularidade,principal,728,20,1630,3,incluido,0.0
5,Popularidade,principal,729,16,1634,2,incluido,0.0
5,Popularidade,principal,730,31,1619,3,incluido,0.1
5,Popularidade,principal,731,64,1586,10,incluido,0.0
5,Popularidade,principal,732,17,1633,2,incluido,0.0
5,Popularidade,principal,733,84,1566,7,incluido,0.1
5,Popularidade,principal,734,47,1603,10,incluido,0.1
5,Popularidade,principal,735,34,1616,10,incluido,0.4
5,Popularidade,principal,736,20,1630,1,incluido,0.0
5,Popularidade,principal,737,26,1624,6,incluido,0.2
5,Popularidade,principal,738,111,1539,25,incluido,0.5
5,Popularidade,principal,739,26,1624,4,incluido,0.0
5,Popularidade,principal,740,17,1633,1,incluido,0.1
5,Popularidade,principal,741,86,1564,12,incluido,0.2
5,Popularidade,principal,742,22,1628,1,incluido,0.0
5,Popularidade,principal,743,27,1623,4,incluido,0.0
5,Popularidade,principal,744,21,1629,4,incluido,0.1
5,Popularidade,principal,745,47,1603,4,incluido,0.1
5,Popularidade,principal,746,58,1592,6,incluido,0.0
5,Popularidade,principal,747,244,1406,37,incluido,0.4
5,Popularidade,principal,748,85,1565,15,incluido,0.2
5,Popularidade,principal,749,242,1408,35,incluido,0.4
5,Popularidade,principal,750,27,1623,4,incluido,0.1
5,Popularidade,principal,751,134,1516,22,incluido,0.2
5,Popularidade,principal,752,53,1597,12,incluido,0.0
5,Popularidade,principal,753,46,1604,7,incluido,0.1
5,Popularidade,principal,754,26,1624,2,incluido,0.0
5,Popularidade,principal,755,27,1623,6,incluido,0.2
5,Popularidade,principal,756,89,1561,5,incluido,0.1
5,Popularidade,principal,757,137,1513,14,incluido,0.2
5,Popularidade,principal,758,285,1365,48,incluido,0.4
5,Popularidade,principal,759,24,1626,5,incluido,0.1
5,Popularidade,principal,760,35,1615,3,incluido,0.0
5,Popularidade,principal,761,49,1601,8,incluido,0.2
5,Popularidade,principal,762,18,1632,2,incluido,0.0
5,Popularidade,principal,763,109,1541,13,incluido,0.0
5,Popularidade,principal,764,94,1556,11,incluido,0.2
5,Popularidade,principal,765,18,1632,4,incluido,0.0
5,Popularidade,principal,766,141,1509,15,incluido,0.0
5,Popularidade,principal,767,33,1617,4,incluido,0.0
5,Popularidade,principal,768,51,1599,5,incluido,0.1
5,Popularidade,principal,769,23,1627,1,incluido,0.0
5,Popularidade,principal,770,50,1600,13,incluido,0.3
5,Popularidade,principal,771,56,1594,11,incluido,0.0
5,Popularidade,principal,772,28,1622,4,incluido,0.1
5,Popularidade,principal,773,128,1522,16,incluido,0.3
5,Popularidade,principal,774,179,1471,6,incluido,0.1
5,Popularidade,principal,775,23,1627,3,incluido,0.0
5,Popularidade,principal,776,76,1574,18,incluido,0.1
5,Popularidade,principal,777,27,1623,6,incluido,0.1
5,Popularidade,principal,778,47,1603,7,incluido,0.0
5,Popularidade,principal,779,29,1621,4,incluido,0.1
5,Popularidade,principal,780,46,1604,7,incluido,0.1
5,Popularidade,principal,781,36,1614,3,incluido,0.0
5,Popularidade,principal,782,185,1465,11,incluido,0.1
5,Popularidade,principal,783,23,1627,4,incluido,0.0
5,Popularidade,principal,784,30,1620,7,incluido,0.0
5,Popularidade,principal,785,22,1628,5,incluido,0.1
5,Popularidade,principal,786,85,1565,24,incluido,0.5
5,Popularidade,principal,787,48,1602,2,incluido,0.1
5,Popularidade,principal,788,193,1457,21,incluido,0.1
5,Popularidade,principal,789,28,1622,3,incluido,0.1
5,Popularidade,principal,790,187,1463,15,incluido,0.3
5,Popularidade,principal,791,17,1633,5,incluido,0.1
5,Popularidade,principal,792,36,1614,4,incluido,0.0
5,Popularidade,principal,793,45,1605,7,incluido,0.2
5,Popularidade,principal,794,30,1620,9,incluido,0.2
5,Popularidade,principal,795,131,1519,6,incluido,0.0
5,Popularidade,principal,796,294,1356,36,incluido,0.5
5,Popularidade,principal,797,20,1630,1,incluido,0.1
5,Popularidade,principal,798,197,1453,15,incluido,0.1
5,Popularidade,principal,799,22,1628,2,incluido,0.0
5,Popularidade,principal,800,21,1629,6,incluido,0.2
5,Popularidade,principal,801,19,1631,7,incluido,0.1
5,Popularidade,principal,802,58,1592,10,incluido,0.2
5,Popularidade,principal,803,29,1621,2,incluido,0.0
5,Popularidade,principal,804,266,1384,37,incluido,0.2
5,Popularidade,principal,805,211,1439,30,incluido,0.4
5,Popularidade,principal,806,110,1540,20,incluido,0.2
5,Popularidade,principal,807,160,1490,31,incluido,0.1
5,Popularidade,principal,808,17,1633,5,incluido,0.1
5,Popularidade,principal,809,13,1637,2,incluido,0.0
5,Popularidade,principal,810,21,1629,5,incluido,0.1
5,Popularidade,principal,811,14,1636,6,incluido,0.0
5,Popularidade,principal,812,11,1639,7,incluido,0.3
5,Popularidade,principal,813,21,1629,3,incluido,0.0
5,Popularidade,principal,814,26,1624,1,incluido,0.0
5,Popularidade,principal,815,156,1494,17,incluido,0.1
5,Popularidade,principal,816,21,1629,3,incluido,0.1
5,Popularidade,principal,817,27,1623,6,incluido,0.2
5,Popularidade,principal,818,15,1635,4,incluido,0.1
5,Popularidade,principal,819,18,1632,8,incluido,0.0
5,Popularidade,principal,820,18,1632,0,sem_relevante_elegivel,
5,Popularidade,principal,821,49,1601,11,incluido,0.1
5,Popularidade,principal,822,18,1632,2,incluido,0.0
5,Popularidade,principal,823,153,1497,25,incluido,0.2
5,Popularidade,principal,824,17,1633,0,sem_relevante_elegivel,
5,Popularidade,principal,825,115,1535,17,incluido,0.4
5,Popularidade,principal,826,93,1557,14,incluido,0.1
5,Popularidade,principal,827,21,1629,3,incluido,0.0
5,Popularidade,principal,828,81,1569,5,incluido,0.0
5,Popularidade,principal,829,53,1597,10,incluido,0.0
5,Popularidade,principal,830,84,1566,15,incluido,0.2
5,Popularidade,principal,831,61,1589,6,incluido,0.1
5,Popularidade,principal,832,19,1631,0,sem_relevante_elegivel,
5,Popularidade,principal,833,215,1435,19,incluido,0.1
5,Popularidade,principal,834,37,1613,13,incluido,0.3
5,Popularidade,principal,835,81,1569,17,incluido,0.0
5,Popularidade,principal,836,42,1608,6,incluido,0.1
5,Popularidade,principal,837,31,1619,6,incluido,0.1
5,Popularidade,principal,838,76,1574,15,incluido,0.2
5,Popularidade,principal,839,47,1603,8,incluido,0.1
5,Popularidade,principal,840,158,1492,30,incluido,0.2
5,Popularidade,principal,841,25,1625,2,incluido,0.0
5,Popularidade,principal,842,20,1630,5,incluido,0.0
5,Popularidade,principal,843,166,1484,5,incluido,0.1
5,Popularidade,principal,844,63,1587,7,incluido,0.2
5,Popularidade,principal,845,19,1631,4,incluido,0.0
5,Popularidade,principal,846,327,1323,50,incluido,0.1
5,Popularidade,principal,847,116,1534,13,incluido,0.0
5,Popularidade,principal,848,122,1528,22,incluido,0.0
5,Popularidade,principal,849,19,1631,4,incluido,0.0
5,Popularidade,principal,850,40,1610,9,incluido,0.3
5,Popularidade,principal,851,166,1484,24,incluido,0.2
5,Popularidade,principal,852,38,1612,6,incluido,0.2
5,Popularidade,principal,853,32,1618,4,incluido,0.2
5,Popularidade,principal,854,175,1475,19,incluido,0.1
5,Popularidade,principal,855,19,1631,0,sem_relevante_elegivel,
5,Popularidade,principal,856,21,1629,3,incluido,0.2
5,Popularidade,principal,857,16,1634,3,incluido,0.0
5,Popularidade,principal,858,13,1637,5,incluido,0.2
5,Popularidade,principal,859,31,1619,5,incluido,0.0
5,Popularidade,principal,860,55,1595,6,incluido,0.2
5,Popularidade,principal,861,35,1615,6,incluido,0.0
5,Popularidade,principal,862,135,1515,29,incluido,0.3
5,Popularidade,principal,863,84,1566,14,incluido,0.0
5,Popularidade,principal,864,234,1416,39,incluido,0.5
5,Popularidade,principal,865,53,1597,3,incluido,0.1
5,Popularidade,principal,866,12,1638,3,incluido,0.0
5,Popularidade,principal,867,74,1576,17,incluido,0.2
5,Popularidade,principal,868,172,1478,10,incluido,0.1
5,Popularidade,principal,869,37,1613,4,incluido,0.0
5,Popularidade,principal,870,200,1450,38,incluido,0.4
5,Popularidade,principal,871,95,1555,8,incluido,0.1
5,Popularidade,principal,872,60,1590,4,incluido,0.0
5,Popularidade,principal,873,18,1632,0,sem_relevante_elegivel,
5,Popularidade,principal,874,32,1618,2,incluido,0.0
5,Popularidade,principal,875,73,1577,15,incluido,0.1
5,Popularidade,principal,876,17,1633,4,incluido,0.0
5,Popularidade,principal,877,68,1582,8,incluido,0.1
5,Popularidade,principal,878,102,1548,14,incluido,0.0
5,Popularidade,principal,879,21,1629,5,incluido,0.2
5,Popularidade,principal,880,299,1351,38,incluido,0.7
5,Popularidade,principal,881,208,1442,28,incluido,0.3
5,Popularidade,principal,882,111,1539,18,incluido,0.4
5,Popularidade,principal,883,221,1429,32,incluido,0.2
5,Popularidade,principal,884,32,1618,9,incluido,0.2
5,Popularidade,principal,885,81,1569,7,incluido,0.1
5,Popularidade,principal,886,186,1464,30,incluido,0.2
5,Popularidade,principal,887,135,1515,24,incluido,0.2
5,Popularidade,principal,888,18,1632,2,incluido,0.0
5,Popularidade,principal,889,263,1387,31,incluido,0.2
5,Popularidade,principal,890,94,1556,16,incluido,0.1
5,Popularidade,principal,891,39,1611,6,incluido,0.1
5,Popularidade,principal,892,187,1463,29,incluido,0.3
5,Popularidade,principal,893,47,1603,2,incluido,0.1
5,Popularidade,principal,894,195,1455,27,incluido,0.0
5,Popularidade,principal,895,20,1630,0,sem_relevante_elegivel,
5,Popularidade,principal,896,298,1352,26,incluido,0.5
5,Popularidade,principal,897,153,1497,19,incluido,0.2
5,Popularidade,principal,898,24,1626,4,incluido,0.1
5,Popularidade,principal,899,108,1542,15,incluido,0.0
5,Popularidade,principal,900,35,1615,3,incluido,0.0
5,Popularidade,principal,901,99,1551,17,incluido,0.1
5,Popularidade,principal,902,42,1608,1,incluido,0.0
5,Popularidade,principal,903,101,1549,25,incluido,0.2
5,Popularidade,principal,904,41,1609,3,incluido,0.0
5,Popularidade,principal,905,34,1616,2,incluido,0.0
5,Popularidade,principal,906,32,1618,7,incluido,0.2
5,Popularidade,principal,907,119,1531,28,incluido,0.3
5,Popularidade,principal,908,58,1592,9,incluido,0.1
5,Popularidade,principal,909,23,1627,3,incluido,0.1
5,Popularidade,principal,910,50,1600,5,incluido,0.1
5,Popularidade,principal,911,82,1568,11,incluido,0.0
5,Popularidade,principal,912,46,1604,5,incluido,0.0
5,Popularidade,principal,913,110,1540,9,incluido,0.1
5,Popularidade,principal,914,21,1629,1,incluido,0.0
5,Popularidade,principal,915,19,1631,2,incluido,0.0
5,Popularidade,principal,916,262,1388,29,incluido,0.1
5,Popularidade,principal,917,31,1619,2,incluido,0.0
5,Popularidade,principal,918,86,1564,7,incluido,0.0
5,Popularidade,principal,919,169,1481,20,incluido,0.1
5,Popularidade,principal,920,22,1628,2,incluido,0.0
5,Popularidade,principal,921,77,1573,13,incluido,0.1
5,Popularidade,principal,922,97,1553,13,incluido,0.0
5,Popularidade,principal,923,63,1587,10,incluido,0.3
5,Popularidade,principal,924,70,1580,7,incluido,0.0
5,Popularidade,principal,925,24,1626,2,incluido,0.0
5,Popularidade,principal,926,17,1633,1,incluido,0.0
5,Popularidade,principal,927,96,1554,12,incluido,0.2
5,Popularidade,principal,928,23,1627,7,incluido,0.0
5,Popularidade,principal,929,40,1610,7,incluido,0.1
5,Popularidade,principal,930,54,1596,3,incluido,0.0
5,Popularidade,principal,931,49,1601,11,incluido,0.3
5,Popularidade,principal,932,191,1459,39,incluido,0.2
5,Popularidade,principal,933,134,1516,15,incluido,0.2
5,Popularidade,principal,934,131,1519,32,incluido,0.2
5,Popularidade,principal,935,32,1618,5,incluido,0.0
5,Popularidade,principal,936,117,1533,19,incluido,0.2
5,Popularidade,principal,937,34,1616,5,incluido,0.1
5,Popularidade,principal,938,82,1568,10,incluido,0.2
5,Popularidade,principal,939,37,1613,10,incluido,0.1
5,Popularidade,principal,940,79,1571,14,incluido,0.2
5,Popularidade,principal,941,16,1634,4,incluido,0.1
5,Popularidade,principal,942,62,1588,16,incluido,0.1
5,Popularidade,principal,943,136,1514,17,incluido,0.0
