fold,model,variant,user_id,n_history,n_candidates,n_relevant,reason,precision10
1,SVD,inicial,1,210,1438,36,incluido,0.1
1,SVD,inicial,2,49,1599,8,incluido,0.0
1,SVD,inicial,3,41,1607,5,incluido,0.1
1,SVD,inicial,4,18,1630,4,incluido,0.0
1,SVD,inicial,5,141,1507,10,incluido,0.0
1,SVD,inicial,6,165,1483,33,incluido,0.5
1,SVD,inicial,7,329,1319,50,incluido,0.3
1,SVD,inicial,8,47,1601,7,incluido,0.0
1,SVD,inicial,9,19,1629,3,incluido,0.1
1,SVD,inicial,10,144,1504,37,incluido,0.3
1,SVD,inicial,11,138,1510,22,incluido,0.0
1,SVD,inicial,12,37,1611,12,incluido,0.0
1,SVD,inicial,13,513,1135,53,incluido,0.3
1,SVD,inicial,14,76,1572,17,incluido,0.0
1,SVD,inicial,15,81,1567,11,incluido,0.1
1,SVD,inicial,16,108,1540,29,incluido,0.1
1,SVD,inicial,17,23,1625,2,incluido,0.0
1,SVD,inicial,18,222,1426,31,incluido,0.3
1,SVD,inicial,19,18,1630,1,incluido,0.0
1,SVD,inicial,20,40,1608,3,incluido,0.0
1,SVD,inicial,21,145,1503,10,incluido,0.0
1,SVD,inicial,22,108,1540,14,incluido,0.1
1,SVD,inicial,23,118,1530,21,incluido,0.2
1,SVD,inicial,24,58,1590,9,incluido,0.1
1,SVD,inicial,25,55,1593,18,incluido,0.1
1,SVD,inicial,26,87,1561,10,incluido,0.1
1,SVD,inicial,27,17,1631,4,incluido,0.0
1,SVD,inicial,28,66,1582,10,incluido,0.1
1,SVD,inicial,29,24,1624,4,incluido,0.0
1,SVD,inicial,30,36,1612,3,incluido,0.0
1,SVD,inicial,31,24,1624,9,incluido,0.0
1,SVD,inicial,32,30,1618,6,incluido,0.0
1,SVD,inicial,33,17,1631,5,incluido,0.0
1,SVD,inicial,34,14,1634,5,incluido,0.0
1,SVD,inicial,35,22,1626,1,incluido,0.0
1,SVD,inicial,36,13,1635,5,incluido,0.0
1,SVD,inicial,37,44,1604,8,incluido,0.0
1,SVD,inicial,38,91,1557,20,incluido,0.0
1,SVD,inicial,39,14,1634,6,incluido,0.0
1,SVD,inicial,40,29,1619,2,incluido,0.0
1,SVD,inicial,41,40,1608,8,incluido,0.0
1,SVD,inicial,42,145,1503,24,incluido,0.4
1,SVD,inicial,43,181,1467,21,incluido,0.2
1,SVD,inicial,44,118,1530,20,incluido,0.2
1,SVD,inicial,45,33,1615,6,incluido,0.0
1,SVD,inicial,46,22,1626,4,incluido,0.0
1,SVD,inicial,47,19,1629,3,incluido,0.0
1,SVD,inicial,48,58,1590,3,incluido,0.1
1,SVD,inicial,49,163,1485,15,incluido,0.3
1,SVD,inicial,50,20,1628,4,incluido,0.0
1,SVD,inicial,51,20,1628,1,incluido,0.0
1,SVD,inicial,52,46,1602,8,incluido,0.0
1,SVD,inicial,53,26,1622,2,incluido,0.0
1,SVD,inicial,54,58,1590,4,incluido,0.0
1,SVD,inicial,55,18,1630,1,incluido,0.0
1,SVD,inicial,56,141,1507,23,incluido,0.1
1,SVD,inicial,57,81,1567,13,incluido,0.1
1,SVD,inicial,58,114,1534,31,incluido,0.3
1,SVD,inicial,59,313,1335,47,incluido,0.4
1,SVD,inicial,60,164,1484,39,incluido,0.4
1,SVD,inicial,61,17,1631,1,incluido,0.0
1,SVD,inicial,62,187,1461,25,incluido,0.2
1,SVD,inicial,63,80,1568,5,incluido,0.1
1,SVD,inicial,64,159,1489,25,incluido,0.1
1,SVD,inicial,65,66,1582,10,incluido,0.1
1,SVD,inicial,66,34,1614,2,incluido,0.0
1,SVD,inicial,67,24,1624,4,incluido,0.0
1,SVD,inicial,68,27,1621,1,incluido,0.0
1,SVD,inicial,69,54,1594,4,incluido,0.1
1,SVD,inicial,70,112,1536,11,incluido,0.1
1,SVD,inicial,71,34,1614,2,incluido,0.0
1,SVD,inicial,72,112,1536,17,incluido,0.0
1,SVD,inicial,73,54,1594,5,incluido,0.2
1,SVD,inicial,74,26,1622,8,incluido,0.1
1,SVD,inicial,75,59,1589,9,incluido,0.0
1,SVD,inicial,76,59,1589,11,incluido,0.1
1,SVD,inicial,77,60,1588,6,incluido,0.0
1,SVD,inicial,78,16,1632,2,incluido,0.0
1,SVD,inicial,79,45,1603,7,incluido,0.0
1,SVD,inicial,80,23,1625,2,incluido,0.0
1,SVD,inicial,81,49,1599,5,incluido,0.2
1,SVD,inicial,82,140,1508,14,incluido,0.1
1,SVD,inicial,83,120,1528,23,incluido,0.1
1,SVD,inicial,84,56,1592,6,incluido,0.0
1,SVD,inicial,85,225,1423,32,incluido,0.6
1,SVD,inicial,86,16,1632,5,incluido,0.0
1,SVD,inicial,87,180,1468,23,incluido,0.3
1,SVD,inicial,88,18,1630,2,incluido,0.0
1,SVD,inicial,89,64,1584,6,incluido,0.0
1,SVD,inicial,90,243,1405,44,incluido,0.4
1,SVD,inicial,91,81,1567,11,incluido,0.2
1,SVD,inicial,92,303,1345,31,incluido,0.0
1,SVD,inicial,93,17,1631,2,incluido,0.0
1,SVD,inicial,94,320,1328,42,incluido,0.1
1,SVD,inicial,95,225,1423,31,incluido,0.2
1,SVD,inicial,96,41,1607,12,incluido,0.2
1,SVD,inicial,97,53,1595,9,incluido,0.0
1,SVD,inicial,98,21,1627,4,incluido,0.0
1,SVD,inicial,99,110,1538,15,incluido,0.0
1,SVD,inicial,100,47,1601,3,incluido,0.0
1,SVD,inicial,101,61,1587,2,incluido,0.0
1,SVD,inicial,102,178,1470,2,incluido,0.0
1,SVD,inicial,103,21,1627,7,incluido,0.0
1,SVD,inicial,104,93,1555,4,incluido,0.0
1,SVD,inicial,105,19,1629,3,incluido,0.0
1,SVD,inicial,106,53,1595,7,incluido,0.0
1,SVD,inicial,107,20,1628,0,sem_relevante_elegivel,
1,SVD,inicial,108,29,1619,3,incluido,0.0
1,SVD,inicial,109,193,1455,16,incluido,0.2
1,SVD,inicial,110,105,1543,3,incluido,0.0
1,SVD,inicial,111,20,1628,3,incluido,0.0
1,SVD,inicial,112,38,1610,5,incluido,0.0
1,SVD,inicial,113,41,1607,3,incluido,0.1
1,SVD,inicial,114,43,1605,2,incluido,0.0
1,SVD,inicial,115,71,1577,12,incluido,0.1
1,SVD,inicial,116,107,1541,10,incluido,0.0
1,SVD,inicial,117,68,1580,10,incluido,0.2
1,SVD,inicial,118,56,1592,13,incluido,0.0
1,SVD,inicial,119,155,1493,25,incluido,0.1
1,SVD,inicial,120,21,1627,3,incluido,0.0
1,SVD,inicial,121,62,1586,5,incluido,0.1
1,SVD,inicial,122,43,1605,13,incluido,0.0
1,SVD,inicial,123,44,1604,8,incluido,0.0
1,SVD,inicial,124,23,1625,0,sem_relevante_elegivel,
1,SVD,inicial,125,140,1508,17,incluido,0.2
1,SVD,inicial,126,39,1609,3,incluido,0.0
1,SVD,inicial,127,17,1631,4,incluido,0.0
1,SVD,inicial,128,152,1496,18,incluido,0.0
1,SVD,inicial,129,25,1623,1,incluido,0.0
1,SVD,inicial,130,279,1369,57,incluido,0.3
1,SVD,inicial,131,27,1621,2,incluido,0.0
1,SVD,inicial,132,18,1630,3,incluido,0.0
1,SVD,inicial,133,22,1626,2,incluido,0.0
1,SVD,inicial,134,19,1629,4,incluido,0.0
1,SVD,inicial,135,46,1602,5,incluido,0.0
1,SVD,inicial,136,24,1624,10,incluido,0.1
1,SVD,inicial,137,36,1612,10,incluido,0.0
1,SVD,inicial,138,43,1605,8,incluido,0.0
1,SVD,inicial,139,19,1629,4,incluido,0.0
1,SVD,inicial,140,16,1632,1,incluido,0.0
1,SVD,inicial,141,90,1558,10,incluido,0.0
1,SVD,inicial,142,27,1621,3,incluido,0.0
1,SVD,inicial,143,17,1631,3,incluido,0.0
1,SVD,inicial,144,156,1492,35,incluido,0.1
1,SVD,inicial,145,253,1395,29,incluido,0.2
1,SVD,inicial,146,25,1623,4,incluido,0.0
1,SVD,inicial,147,18,1630,2,incluido,0.0
1,SVD,inicial,148,53,1595,8,incluido,0.1
1,SVD,inicial,149,28,1620,3,incluido,0.0
1,SVD,inicial,150,27,1621,4,incluido,0.0
1,SVD,inicial,151,241,1407,47,incluido,0.4
1,SVD,inicial,152,82,1566,22,incluido,0.0
1,SVD,inicial,153,14,1634,5,incluido,0.0
1,SVD,inicial,154,44,1604,5,incluido,0.0
1,SVD,inicial,155,17,1631,1,incluido,0.0
1,SVD,inicial,156,32,1616,3,incluido,0.0
1,SVD,inicial,157,37,1611,6,incluido,0.1
1,SVD,inicial,158,132,1516,27,incluido,0.1
1,SVD,inicial,159,90,1558,9,incluido,0.0
1,SVD,inicial,160,96,1552,16,incluido,0.0
1,SVD,inicial,161,45,1603,4,incluido,0.0
1,SVD,inicial,162,34,1614,4,incluido,0.0
1,SVD,inicial,163,21,1627,1,incluido,0.0
1,SVD,inicial,164,51,1597,11,incluido,0.0
1,SVD,inicial,165,25,1623,5,incluido,0.0
1,SVD,inicial,166,16,1632,3,incluido,0.0
1,SVD,inicial,167,56,1592,6,incluido,0.1
1,SVD,inicial,168,49,1599,10,incluido,0.0
1,SVD,inicial,169,32,1616,5,incluido,0.0
1,SVD,inicial,170,18,1630,3,incluido,0.0
1,SVD,inicial,171,19,1629,7,incluido,0.0
1,SVD,inicial,172,22,1626,2,incluido,0.0
1,SVD,inicial,173,33,1615,8,incluido,0.0
1,SVD,inicial,174,133,1515,24,incluido,0.0
1,SVD,inicial,175,33,1615,2,incluido,0.1
1,SVD,inicial,176,49,1599,7,incluido,0.0
1,SVD,inicial,177,96,1552,17,incluido,0.1
1,SVD,inicial,178,216,1432,37,incluido,0.3
1,SVD,inicial,179,30,1618,7,incluido,0.0
1,SVD,inicial,180,56,1592,5,incluido,0.1
1,SVD,inicial,181,359,1289,2,incluido,0.0
1,SVD,inicial,182,19,1629,8,incluido,0.0
1,SVD,inicial,183,41,1607,4,incluido,0.1
1,SVD,inicial,184,199,1449,27,incluido,0.0
1,SVD,inicial,185,41,1607,5,incluido,0.0
1,SVD,inicial,186,69,1579,16,incluido,0.0
1,SVD,inicial,187,44,1604,8,incluido,0.2
1,SVD,inicial,188,81,1567,20,incluido,0.2
1,SVD,inicial,189,154,1494,27,incluido,0.3
1,SVD,inicial,190,45,1603,5,incluido,0.0
1,SVD,inicial,191,20,1628,5,incluido,0.0
1,SVD,inicial,192,27,1621,4,incluido,0.0
1,SVD,inicial,193,95,1553,9,incluido,0.0
1,SVD,inicial,194,252,1396,19,incluido,0.2
1,SVD,inicial,195,71,1577,11,incluido,0.0
1,SVD,inicial,196,32,1616,4,incluido,0.0
1,SVD,inicial,197,89,1559,17,incluido,0.0
1,SVD,inicial,198,142,1506,19,incluido,0.3
1,SVD,inicial,199,35,1613,2,incluido,0.0
1,SVD,inicial,200,170,1478,37,incluido,0.3
1,SVD,inicial,201,317,1331,27,incluido,0.3
1,SVD,inicial,202,14,1634,2,incluido,0.0
1,SVD,inicial,203,34,1614,5,incluido,0.0
1,SVD,inicial,204,35,1613,2,incluido,0.0
1,SVD,inicial,205,19,1629,2,incluido,0.0
1,SVD,inicial,206,52,1596,1,incluido,0.0
1,SVD,inicial,207,168,1480,25,incluido,0.0
1,SVD,inicial,208,27,1621,3,incluido,0.0
1,SVD,inicial,209,22,1626,4,incluido,0.1
1,SVD,inicial,210,108,1540,18,incluido,0.1
1,SVD,inicial,211,28,1620,5,incluido,0.0
1,SVD,inicial,212,21,1627,3,incluido,0.0
1,SVD,inicial,213,101,1547,20,incluido,0.0
1,SVD,inicial,214,105,1543,18,incluido,0.2
1,SVD,inicial,215,73,1575,11,incluido,0.0
1,SVD,inicial,216,105,1543,16,incluido,0.0
1,SVD,inicial,217,59,1589,8,incluido,0.0
1,SVD,inicial,218,44,1604,5,incluido,0.0
1,SVD,inicial,219,25,1623,2,incluido,0.0
1,SVD,inicial,220,16,1632,4,incluido,0.0
1,SVD,inicial,221,123,1525,10,incluido,0.0
1,SVD,inicial,222,316,1332,29,incluido,0.2
1,SVD,inicial,223,80,1568,9,incluido,0.0
1,SVD,inicial,224,115,1533,8,incluido,0.1
1,SVD,inicial,225,24,1624,2,incluido,0.1
1,SVD,inicial,226,39,1609,8,incluido,0.2
1,SVD,inicial,227,49,1599,5,incluido,0.0
1,SVD,inicial,228,17,1631,2,incluido,0.1
1,SVD,inicial,229,22,1626,3,incluido,0.0
1,SVD,inicial,230,102,1546,20,incluido,0.0
1,SVD,inicial,231,17,1631,4,incluido,0.0
1,SVD,inicial,232,72,1576,15,incluido,0.1
1,SVD,inicial,233,87,1561,17,incluido,0.0
1,SVD,inicial,234,381,1267,28,incluido,0.4
1,SVD,inicial,235,80,1568,9,incluido,0.1
1,SVD,inicial,236,92,1556,14,incluido,0.1
1,SVD,inicial,237,37,1611,8,incluido,0.1
1,SVD,inicial,238,25,1623,1,incluido,0.0
1,SVD,inicial,239,134,1514,18,incluido,0.1
1,SVD,inicial,240,19,1629,2,incluido,0.0
1,SVD,inicial,241,16,1632,4,incluido,0.0
1,SVD,inicial,242,16,1632,3,incluido,0.0
1,SVD,inicial,243,68,1580,3,incluido,0.0
1,SVD,inicial,244,195,1453,26,incluido,0.0
1,SVD,inicial,245,19,1629,3,incluido,0.0
1,SVD,inicial,246,153,1495,16,incluido,0.1
1,SVD,inicial,247,22,1626,4,incluido,0.0
1,SVD,inicial,248,50,1598,3,incluido,0.1
1,SVD,inicial,249,121,1527,30,incluido,0.1
1,SVD,inicial,250,93,1555,23,incluido,0.1
1,SVD,inicial,251,62,1586,8,incluido,0.1
1,SVD,inicial,252,15,1633,6,incluido,0.0
1,SVD,inicial,253,74,1574,15,incluido,0.0
1,SVD,inicial,254,130,1518,10,incluido,0.1
1,SVD,inicial,255,65,1583,4,incluido,0.0
1,SVD,inicial,256,172,1476,28,incluido,0.0
1,SVD,inicial,257,46,1602,8,incluido,0.0
1,SVD,inicial,258,19,1629,4,incluido,0.0
1,SVD,inicial,259,37,1611,8,incluido,0.0
1,SVD,inicial,260,22,1626,2,incluido,0.0
1,SVD,inicial,261,22,1626,4,incluido,0.0
1,SVD,inicial,262,132,1516,11,incluido,0.0
1,SVD,inicial,263,105,1543,15,incluido,0.3
1,SVD,inicial,264,95,1553,21,incluido,0.0
1,SVD,inicial,265,39,1609,3,incluido,0.0
1,SVD,inicial,266,17,1631,2,incluido,0.0
1,SVD,inicial,267,160,1488,18,incluido,0.2
1,SVD,inicial,268,256,1392,25,incluido,0.1
1,SVD,inicial,269,274,1374,21,incluido,0.4
1,SVD,inicial,270,122,1526,13,incluido,0.0
1,SVD,inicial,271,225,1423,30,incluido,0.3
1,SVD,inicial,272,39,1609,10,incluido,0.0
1,SVD,inicial,273,17,1631,4,incluido,0.0
1,SVD,inicial,274,52,1596,15,incluido,0.1
1,SVD,inicial,275,68,1580,5,incluido,0.1
1,SVD,inicial,276,414,1234,52,incluido,0.3
1,SVD,inicial,277,46,1602,4,incluido,0.0
1,SVD,inicial,278,16,1632,4,incluido,0.0
1,SVD,inicial,279,348,1300,47,incluido,0.1
1,SVD,inicial,280,211,1437,21,incluido,0.1
1,SVD,inicial,281,17,1631,4,incluido,0.0
1,SVD,inicial,282,21,1627,1,incluido,0.0
1,SVD,inicial,283,41,1607,10,incluido,0.0
1,SVD,inicial,284,35,1613,8,incluido,0.0
1,SVD,inicial,285,25,1623,6,incluido,0.0
1,SVD,inicial,286,229,1419,35,incluido,0.1
1,SVD,inicial,287,50,1598,10,incluido,0.0
1,SVD,inicial,288,63,1585,9,incluido,0.0
1,SVD,inicial,289,24,1624,1,incluido,0.0
1,SVD,inicial,290,121,1527,13,incluido,0.0
1,SVD,inicial,291,232,1416,45,incluido,0.0
1,SVD,inicial,292,92,1556,24,incluido,0.5
1,SVD,inicial,293,314,1334,23,incluido,0.5
1,SVD,inicial,294,122,1526,9,incluido,0.1
1,SVD,inicial,295,159,1489,34,incluido,0.0
1,SVD,inicial,296,112,1536,30,incluido,0.2
1,SVD,inicial,297,139,1509,26,incluido,0.3
1,SVD,inicial,298,97,1551,23,incluido,0.3
1,SVD,inicial,299,228,1420,24,incluido,0.3
1,SVD,inicial,300,16,1632,4,incluido,0.0
1,SVD,inicial,301,222,1426,29,incluido,0.2
1,SVD,inicial,302,19,1629,0,sem_relevante_elegivel,
1,SVD,inicial,303,385,1263,50,incluido,0.2
1,SVD,inicial,304,18,1630,4,incluido,0.0
1,SVD,inicial,305,176,1472,25,incluido,0.3
1,SVD,inicial,306,25,1623,5,incluido,0.0
1,SVD,inicial,307,90,1558,13,incluido,0.0
1,SVD,inicial,308,312,1336,51,incluido,0.5
1,SVD,inicial,309,18,1630,2,incluido,0.0
1,SVD,inicial,310,16,1632,4,incluido,0.0
1,SVD,inicial,311,237,1411,44,incluido,0.4
1,SVD,inicial,312,174,1474,42,incluido,0.4
1,SVD,inicial,313,213,1435,25,incluido,0.1
1,SVD,inicial,314,199,1449,26,incluido,0.0
1,SVD,inicial,315,66,1582,17,incluido,0.2
1,SVD,inicial,316,49,1599,13,incluido,0.1
1,SVD,inicial,317,19,1629,1,incluido,0.0
1,SVD,inicial,318,137,1511,24,incluido,0.0
1,SVD,inicial,319,19,1629,2,incluido,0.0
1,SVD,inicial,320,120,1528,26,incluido,0.0
1,SVD,inicial,321,100,1548,17,incluido,0.2
1,SVD,inicial,322,42,1606,7,incluido,0.0
1,SVD,inicial,323,66,1582,14,incluido,0.0
1,SVD,inicial,324,50,1598,14,incluido,0.2
1,SVD,inicial,325,109,1539,13,incluido,0.1
1,SVD,inicial,326,148,1500,13,incluido,0.1
1,SVD,inicial,327,232,1416,27,incluido,0.1
1,SVD,inicial,328,232,1416,25,incluido,0.2
1,SVD,inicial,329,57,1591,4,incluido,0.1
1,SVD,inicial,330,112,1536,31,incluido,0.2
1,SVD,inicial,331,56,1592,7,incluido,0.0
1,SVD,inicial,332,144,1504,31,incluido,0.1
1,SVD,inicial,333,19,1629,7,incluido,0.0
1,SVD,inicial,334,275,1373,35,incluido,0.2
1,SVD,inicial,335,20,1628,2,incluido,0.0
1,SVD,inicial,336,104,1544,11,incluido,0.0
1,SVD,inicial,337,26,1622,5,incluido,0.0
1,SVD,inicial,338,59,1589,12,incluido,0.0
1,SVD,inicial,339,203,1445,40,incluido,0.4
1,SVD,inicial,340,38,1610,4,incluido,0.0
1,SVD,inicial,341,13,1635,5,incluido,0.0
1,SVD,inicial,342,161,1487,23,incluido,0.2
1,SVD,inicial,343,187,1461,38,incluido,0.3
1,SVD,inicial,344,163,1485,18,incluido,0.0
1,SVD,inicial,345,193,1455,16,incluido,0.1
1,SVD,inicial,346,160,1488,16,incluido,0.2
1,SVD,inicial,347,165,1483,21,incluido,0.2
1,SVD,inicial,348,48,1600,7,incluido,0.0
1,SVD,inicial,349,30,1618,4,incluido,0.0
1,SVD,inicial,350,39,1609,10,incluido,0.3
1,SVD,inicial,351,38,1610,5,incluido,0.0
1,SVD,inicial,352,29,1619,11,incluido,0.0
1,SVD,inicial,353,17,1631,5,incluido,0.0
1,SVD,inicial,354,183,1465,27,incluido,0.1
1,SVD,inicial,355,19,1629,7,incluido,0.0
1,SVD,inicial,356,17,1631,4,incluido,0.1
1,SVD,inicial,357,64,1584,9,incluido,0.0
1,SVD,inicial,358,35,1613,3,incluido,0.0
1,SVD,inicial,359,20,1628,6,incluido,0.1
1,SVD,inicial,360,80,1568,15,incluido,0.1
1,SVD,inicial,361,93,1555,15,incluido,0.1
1,SVD,inicial,362,20,1628,4,incluido,0.1
1,SVD,inicial,363,246,1402,35,incluido,0.3
1,SVD,inicial,364,10,1638,5,incluido,0.0
1,SVD,inicial,365,46,1602,6,incluido,0.0
1,SVD,inicial,366,26,1622,5,incluido,0.0
1,SVD,inicial,367,44,1604,13,incluido,0.2
1,SVD,inicial,368,38,1610,2,incluido,0.0
1,SVD,inicial,369,20,1628,2,incluido,0.0
1,SVD,inicial,370,66,1582,1,incluido,0.1
1,SVD,inicial,371,40,1608,11,incluido,0.1
1,SVD,inicial,372,49,1599,15,incluido,0.0
1,SVD,inicial,373,184,1464,28,incluido,0.2
1,SVD,inicial,374,214,1434,36,incluido,0.2
1,SVD,inicial,375,20,1628,5,incluido,0.0
1,SVD,inicial,376,23,1625,3,incluido,0.1
1,SVD,inicial,377,30,1618,2,incluido,0.0
1,SVD,inicial,378,293,1355,41,incluido,0.1
1,SVD,inicial,379,151,1497,32,incluido,0.2
1,SVD,inicial,380,117,1531,17,incluido,0.1
1,SVD,inicial,381,99,1549,19,incluido,0.1
1,SVD,inicial,382,41,1607,5,incluido,0.0
1,SVD,inicial,383,62,1586,7,incluido,0.1
1,SVD,inicial,384,19,1629,2,incluido,0.0
1,SVD,inicial,385,219,1429,26,incluido,0.2
1,SVD,inicial,386,21,1627,2,incluido,0.0
1,SVD,inicial,387,252,1396,21,incluido,0.2
1,SVD,inicial,388,41,1607,10,incluido,0.0
1,SVD,inicial,389,226,1422,26,incluido,0.3
1,SVD,inicial,390,23,1625,4,incluido,0.0
1,SVD,inicial,391,95,1553,18,incluido,0.2
1,SVD,inicial,392,96,1552,14,incluido,0.1
1,SVD,inicial,393,357,1291,41,incluido,0.1
1,SVD,inicial,394,116,1532,23,incluido,0.1
1,SVD,inicial,395,46,1602,8,incluido,0.1
1,SVD,inicial,396,44,1604,6,incluido,0.0
1,SVD,inicial,397,79,1569,15,incluido,0.1
1,SVD,inicial,398,142,1506,20,incluido,0.0
1,SVD,inicial,399,263,1385,9,incluido,0.0
1,SVD,inicial,400,19,1629,3,incluido,0.0
1,SVD,inicial,401,127,1521,12,incluido,0.0
1,SVD,inicial,402,49,1599,12,incluido,0.2
1,SVD,inicial,403,38,1610,11,incluido,0.0
1,SVD,inicial,404,32,1616,6,incluido,0.0
1,SVD,inicial,405,583,1065,20,incluido,0.1
1,SVD,inicial,406,278,1370,36,incluido,0.3
1,SVD,inicial,407,186,1462,18,incluido,0.2
1,SVD,inicial,408,21,1627,5,incluido,0.0
1,SVD,inicial,409,161,1487,32,incluido,0.2
1,SVD,inicial,410,25,1623,0,sem_relevante_elegivel,
1,SVD,inicial,411,43,1605,10,incluido,0.0
1,SVD,inicial,412,39,1609,8,incluido,0.3
1,SVD,inicial,413,42,1606,5,incluido,0.0
1,SVD,inicial,414,18,1630,5,incluido,0.0
1,SVD,inicial,415,19,1629,5,incluido,0.2
1,SVD,inicial,416,386,1262,73,incluido,0.2
1,SVD,inicial,417,276,1372,32,incluido,0.2
1,SVD,inicial,418,15,1633,2,incluido,0.0
1,SVD,inicial,419,22,1626,9,incluido,0.0
1,SVD,inicial,420,30,1618,4,incluido,0.1
1,SVD,inicial,421,52,1596,6,incluido,0.0
1,SVD,inicial,422,72,1576,10,incluido,0.1
1,SVD,inicial,423,57,1591,6,incluido,0.0
1,SVD,inicial,424,35,1613,5,incluido,0.0
1,SVD,inicial,425,161,1487,11,incluido,0.3
1,SVD,inicial,426,74,1574,16,incluido,0.0
1,SVD,inicial,427,26,1622,5,incluido,0.0
1,SVD,inicial,428,43,1605,10,incluido,0.0
1,SVD,inicial,429,329,1319,41,incluido,0.4
1,SVD,inicial,430,47,1601,11,incluido,0.0
1,SVD,inicial,431,18,1630,1,incluido,0.0
1,SVD,inicial,432,50,1598,10,incluido,0.0
1,SVD,inicial,433,33,1615,5,incluido,0.1
1,SVD,inicial,434,36,1612,5,incluido,0.0
1,SVD,inicial,435,318,1330,28,incluido,0.2
1,SVD,inicial,436,113,1535,23,incluido,0.0
1,SVD,inicial,437,202,1446,32,incluido,0.3
1,SVD,inicial,438,28,1620,3,incluido,0.1
1,SVD,inicial,439,27,1621,2,incluido,0.0
1,SVD,inicial,440,46,1602,3,incluido,0.0
1,SVD,inicial,441,15,1633,2,incluido,0.0
1,SVD,inicial,442,117,1531,7,incluido,0.0
1,SVD,inicial,443,20,1628,3,incluido,0.0
1,SVD,inicial,444,21,1627,2,incluido,0.0
1,SVD,inicial,445,110,1538,3,incluido,0.0
1,SVD,inicial,446,27,1621,1,incluido,0.0
1,SVD,inicial,447,112,1536,17,incluido,0.1
1,SVD,inicial,448,29,1619,3,incluido,0.0
1,SVD,inicial,449,62,1586,9,incluido,0.1
1,SVD,inicial,450,426,1222,75,incluido,0.6
1,SVD,inicial,451,77,1571,7,incluido,0.0
1,SVD,inicial,452,155,1493,30,incluido,0.2
1,SVD,inicial,453,124,1524,16,incluido,0.1
1,SVD,inicial,454,195,1453,13,incluido,0.1
1,SVD,inicial,455,152,1496,20,incluido,0.0
1,SVD,inicial,456,178,1470,20,incluido,0.0
1,SVD,inicial,457,230,1418,36,incluido,0.0
1,SVD,inicial,458,152,1496,19,incluido,0.1
1,SVD,inicial,459,89,1559,12,incluido,0.0
1,SVD,inicial,460,55,1593,5,incluido,0.0
1,SVD,inicial,461,19,1629,0,sem_relevante_elegivel,
1,SVD,inicial,462,26,1622,5,incluido,0.0
1,SVD,inicial,463,107,1541,12,incluido,0.1
1,SVD,inicial,464,44,1604,7,incluido,0.1
1,SVD,inicial,465,70,1578,3,incluido,0.0
1,SVD,inicial,466,85,1563,9,incluido,0.0
1,SVD,inicial,467,37,1611,5,incluido,0.1
1,SVD,inicial,468,120,1528,18,incluido,0.2
1,SVD,inicial,469,30,1618,12,incluido,0.1
1,SVD,inicial,470,44,1604,9,incluido,0.0
1,SVD,inicial,471,29,1619,2,incluido,0.0
1,SVD,inicial,472,220,1428,35,incluido,0.0
1,SVD,inicial,473,29,1619,4,incluido,0.0
1,SVD,inicial,474,251,1397,53,incluido,0.7
1,SVD,inicial,475,13,1635,5,incluido,0.0
1,SVD,inicial,476,66,1582,11,incluido,0.0
1,SVD,inicial,477,28,1620,7,incluido,0.0
1,SVD,inicial,478,86,1562,14,incluido,0.2
1,SVD,inicial,479,150,1498,36,incluido,0.3
1,SVD,inicial,480,51,1597,3,incluido,0.0
1,SVD,inicial,481,41,1607,10,incluido,0.0
1,SVD,inicial,482,19,1629,4,incluido,0.0
1,SVD,inicial,483,50,1598,2,incluido,0.0
1,SVD,inicial,484,110,1538,22,incluido,0.2
1,SVD,inicial,485,20,1628,2,incluido,0.0
1,SVD,inicial,486,158,1490,10,incluido,0.0
1,SVD,inicial,487,178,1470,33,incluido,0.1
1,SVD,inicial,488,119,1529,19,incluido,0.1
1,SVD,inicial,489,91,1557,10,incluido,0.0
1,SVD,inicial,490,43,1605,3,incluido,0.0
1,SVD,inicial,491,26,1622,4,incluido,0.0
1,SVD,inicial,492,39,1609,10,incluido,0.2
1,SVD,inicial,493,100,1548,22,incluido,0.2
1,SVD,inicial,494,36,1612,10,incluido,0.0
1,SVD,inicial,495,162,1486,31,incluido,0.0
1,SVD,inicial,496,103,1545,11,incluido,0.0
1,SVD,inicial,497,225,1423,24,incluido,0.3
1,SVD,inicial,498,125,1523,8,incluido,0.1
1,SVD,inicial,499,77,1571,15,incluido,0.2
1,SVD,inicial,500,175,1473,23,incluido,0.0
1,SVD,inicial,501,61,1587,6,incluido,0.0
1,SVD,inicial,502,30,1618,4,incluido,0.0
1,SVD,inicial,503,118,1530,25,incluido,0.1
1,SVD,inicial,504,211,1437,22,incluido,0.0
1,SVD,inicial,505,94,1554,7,incluido,0.0
1,SVD,inicial,506,190,1458,28,incluido,0.1
1,SVD,inicial,507,44,1604,14,incluido,0.0
1,SVD,inicial,508,67,1581,14,incluido,0.2
1,SVD,inicial,509,26,1622,1,incluido,0.0
1,SVD,inicial,510,21,1627,3,incluido,0.0
1,SVD,inicial,511,19,1629,3,incluido,0.0
1,SVD,inicial,512,13,1635,6,incluido,0.0
1,SVD,inicial,513,20,1628,2,incluido,0.0
1,SVD,inicial,514,143,1505,36,incluido,0.3
1,SVD,inicial,515,29,1619,3,incluido,0.0
1,SVD,inicial,516,17,1631,4,incluido,0.0
1,SVD,inicial,517,31,1617,2,incluido,0.0
1,SVD,inicial,518,53,1595,11,incluido,0.0
1,SVD,inicial,519,36,1612,12,incluido,0.0
1,SVD,inicial,520,17,1631,3,incluido,0.0
1,SVD,inicial,521,119,1529,10,incluido,0.1
1,SVD,inicial,522,23,1625,6,incluido,0.1
1,SVD,inicial,523,83,1565,16,incluido,0.0
1,SVD,inicial,524,252,1396,30,incluido,0.2
1,SVD,inicial,525,40,1608,7,incluido,0.0
1,SVD,inicial,526,58,1590,5,incluido,0.0
1,SVD,inicial,527,102,1546,23,incluido,0.2
1,SVD,inicial,528,44,1604,8,incluido,0.0
1,SVD,inicial,529,34,1614,7,incluido,0.0
1,SVD,inicial,530,33,1615,7,incluido,0.0
1,SVD,inicial,531,26,1622,1,incluido,0.0
1,SVD,inicial,532,216,1432,43,incluido,0.3
1,SVD,inicial,533,207,1441,28,incluido,0.6
1,SVD,inicial,534,64,1584,12,incluido,0.0
1,SVD,inicial,535,183,1465,24,incluido,0.1
1,SVD,inicial,536,139,1509,13,incluido,0.1
1,SVD,inicial,537,387,1261,24,incluido,0.6
1,SVD,inicial,538,63,1585,10,incluido,0.4
1,SVD,inicial,539,50,1598,4,incluido,0.0
1,SVD,inicial,540,52,1596,10,incluido,0.0
1,SVD,inicial,541,111,1537,14,incluido,0.0
1,SVD,inicial,542,107,1541,16,incluido,0.1
1,SVD,inicial,543,159,1489,19,incluido,0.1
1,SVD,inicial,544,23,1625,0,sem_relevante_elegivel,
1,SVD,inicial,545,124,1524,21,incluido,0.3
1,SVD,inicial,546,52,1596,5,incluido,0.0
1,SVD,inicial,547,18,1630,4,incluido,0.0
1,SVD,inicial,548,127,1521,17,incluido,0.0
1,SVD,inicial,549,23,1625,1,incluido,0.0
1,SVD,inicial,550,31,1617,6,incluido,0.0
1,SVD,inicial,551,273,1375,38,incluido,0.1
1,SVD,inicial,552,73,1575,1,incluido,0.0
1,SVD,inicial,553,86,1562,9,incluido,0.1
1,SVD,inicial,554,93,1555,10,incluido,0.0
1,SVD,inicial,555,34,1614,16,incluido,0.2
1,SVD,inicial,556,32,1616,9,incluido,0.2
1,SVD,inicial,557,48,1600,2,incluido,0.0
1,SVD,inicial,558,15,1633,4,incluido,0.0
1,SVD,inicial,559,66,1582,4,incluido,0.0
1,SVD,inicial,560,84,1564,10,incluido,0.0
1,SVD,inicial,561,286,1362,25,incluido,0.3
1,SVD,inicial,562,59,1589,6,incluido,0.0
1,SVD,inicial,563,27,1621,3,incluido,0.0
1,SVD,inicial,564,30,1618,1,incluido,0.0
1,SVD,inicial,565,31,1617,4,incluido,0.1
1,SVD,inicial,566,119,1529,18,incluido,0.3
1,SVD,inicial,567,128,1520,17,incluido,0.2
1,SVD,inicial,568,65,1583,5,incluido,0.0
1,SVD,inicial,569,54,1594,6,incluido,0.0
1,SVD,inicial,570,18,1630,2,incluido,0.0
1,SVD,inicial,571,18,1630,1,incluido,0.0
1,SVD,inicial,572,17,1631,1,incluido,0.0
1,SVD,inicial,573,40,1608,10,incluido,0.1
1,SVD,inicial,574,36,1612,7,incluido,0.0
1,SVD,inicial,575,23,1625,2,incluido,0.0
1,SVD,inicial,576,30,1618,3,incluido,0.0
1,SVD,inicial,577,158,1490,15,incluido,0.0
1,SVD,inicial,578,20,1628,2,incluido,0.0
1,SVD,inicial,579,57,1591,7,incluido,0.0
1,SVD,inicial,580,40,1608,2,incluido,0.0
1,SVD,inicial,581,24,1624,4,incluido,0.0
1,SVD,inicial,582,55,1593,2,incluido,0.0
1,SVD,inicial,583,24,1624,3,incluido,0.0
1,SVD,inicial,584,21,1627,2,incluido,0.0
1,SVD,inicial,585,59,1589,11,incluido,0.0
1,SVD,inicial,586,128,1520,15,incluido,0.0
1,SVD,inicial,587,73,1575,11,incluido,0.1
1,SVD,inicial,588,177,1471,31,incluido,0.1
1,SVD,inicial,589,35,1613,6,incluido,0.0
1,SVD,inicial,590,35,1613,5,incluido,0.0
1,SVD,inicial,591,68,1580,11,incluido,0.0
1,SVD,inicial,592,295,1353,50,incluido,0.5
1,SVD,inicial,593,128,1520,13,incluido,0.0
1,SVD,inicial,594,20,1628,1,incluido,0.0
1,SVD,inicial,595,82,1566,5,incluido,0.0
1,SVD,inicial,596,17,1631,1,incluido,0.0
1,SVD,inicial,597,30,1618,8,incluido,0.0
1,SVD,inicial,598,23,1625,1,incluido,0.0
1,SVD,inicial,599,39,1609,7,incluido,0.0
1,SVD,inicial,600,66,1582,13,incluido,0.0
1,SVD,inicial,601,120,1528,12,incluido,0.1
1,SVD,inicial,602,18,1630,6,incluido,0.0
1,SVD,inicial,603,35,1613,8,incluido,0.0
1,SVD,inicial,604,22,1626,2,incluido,0.0
1,SVD,inicial,605,76,1572,9,incluido,0.3
1,SVD,inicial,606,184,1464,44,incluido,0.1
1,SVD,inicial,607,28,1620,8,incluido,0.1
1,SVD,inicial,608,132,1516,17,incluido,0.1
1,SVD,inicial,609,26,1622,2,incluido,0.0
1,SVD,inicial,610,59,1589,11,incluido,0.0
1,SVD,inicial,611,31,1617,8,incluido,0.0
1,SVD,inicial,612,20,1628,2,incluido,0.0
1,SVD,inicial,613,19,1629,6,incluido,0.1
1,SVD,inicial,614,24,1624,4,incluido,0.0
1,SVD,inicial,615,81,1567,18,incluido,0.1
1,SVD,inicial,616,35,1613,6,incluido,0.0
1,SVD,inicial,617,91,1557,4,incluido,0.0
1,SVD,inicial,618,175,1473,19,incluido,0.3
1,SVD,inicial,619,69,1579,11,incluido,0.0
1,SVD,inicial,620,89,1559,14,incluido,0.1
1,SVD,inicial,621,133,1515,22,incluido,0.0
1,SVD,inicial,622,185,1463,19,incluido,0.1
1,SVD,inicial,623,35,1613,7,incluido,0.0
1,SVD,inicial,624,117,1531,11,incluido,0.0
1,SVD,inicial,625,84,1564,9,incluido,0.2
1,SVD,inicial,626,28,1620,2,incluido,0.0
1,SVD,inicial,627,148,1500,15,incluido,0.1
1,SVD,inicial,628,23,1625,4,incluido,0.0
1,SVD,inicial,629,104,1544,12,incluido,0.2
1,SVD,inicial,630,94,1554,5,incluido,0.0
1,SVD,inicial,631,14,1634,2,incluido,0.0
1,SVD,inicial,632,97,1551,13,incluido,0.1
1,SVD,inicial,633,43,1605,6,incluido,0.0
1,SVD,inicial,634,107,1541,14,incluido,0.0
1,SVD,inicial,635,30,1618,1,incluido,0.0
1,SVD,inicial,636,14,1634,5,incluido,0.0
1,SVD,inicial,637,84,1564,3,incluido,0.0
1,SVD,inicial,638,58,1590,5,incluido,0.0
1,SVD,inicial,639,120,1528,7,incluido,0.1
1,SVD,inicial,640,83,1565,22,incluido,0.2
1,SVD,inicial,641,33,1615,5,incluido,0.0
1,SVD,inicial,642,255,1393,34,incluido,0.0
1,SVD,inicial,643,165,1483,25,incluido,0.2
1,SVD,inicial,644,34,1614,7,incluido,0.0
1,SVD,inicial,645,89,1559,26,incluido,0.2
1,SVD,inicial,646,31,1617,0,sem_relevante_elegivel,
1,SVD,inicial,647,45,1603,10,incluido,0.0
1,SVD,inicial,648,230,1418,26,incluido,0.1
1,SVD,inicial,649,20,1628,3,incluido,0.0
1,SVD,inicial,650,254,1394,16,incluido,0.0
1,SVD,inicial,651,19,1629,1,incluido,0.1
1,SVD,inicial,652,19,1629,2,incluido,0.0
1,SVD,inicial,653,222,1426,17,incluido,0.2
1,SVD,inicial,654,118,1530,16,incluido,0.2
1,SVD,inicial,655,548,1100,21,incluido,0.2
1,SVD,inicial,656,20,1628,0,sem_relevante_elegivel,
1,SVD,inicial,657,26,1622,1,incluido,0.0
1,SVD,inicial,658,60,1588,5,incluido,0.2
1,SVD,inicial,659,147,1501,28,incluido,0.1
1,SVD,inicial,660,186,1462,7,incluido,0.0
1,SVD,inicial,661,97,1551,19,incluido,0.2
1,SVD,inicial,662,19,1629,4,incluido,0.0
1,SVD,inicial,663,130,1518,15,incluido,0.2
1,SVD,inicial,664,135,1513,20,incluido,0.3
1,SVD,inicial,665,116,1532,21,incluido,0.0
1,SVD,inicial,666,193,1455,32,incluido,0.4
1,SVD,inicial,667,42,1606,4,incluido,0.0
1,SVD,inicial,668,40,1608,3,incluido,0.0
1,SVD,inicial,669,76,1572,12,incluido,0.1
1,SVD,inicial,670,38,1610,7,incluido,0.1
1,SVD,inicial,671,98,1550,17,incluido,0.1
1,SVD,inicial,672,21,1627,3,incluido,0.0
1,SVD,inicial,673,25,1623,6,incluido,0.0
1,SVD,inicial,674,34,1614,3,incluido,0.0
1,SVD,inicial,675,24,1624,7,incluido,0.1
1,SVD,inicial,676,60,1588,13,incluido,0.3
1,SVD,inicial,677,40,1608,7,incluido,0.0
1,SVD,inicial,678,22,1626,2,incluido,0.0
1,SVD,inicial,679,50,1598,8,incluido,0.1
1,SVD,inicial,680,29,1619,7,incluido,0.0
1,SVD,inicial,681,13,1635,5,incluido,0.0
1,SVD,inicial,682,315,1333,35,incluido,0.1
1,SVD,inicial,683,68,1580,2,incluido,0.0
1,SVD,inicial,684,78,1570,4,incluido,0.0
1,SVD,inicial,685,15,1633,0,sem_relevante_elegivel,
1,SVD,inicial,686,53,1595,18,incluido,0.3
1,SVD,inicial,687,15,1633,4,incluido,0.0
1,SVD,inicial,688,21,1627,3,incluido,0.0
1,SVD,inicial,689,28,1620,6,incluido,0.0
1,SVD,inicial,690,93,1555,7,incluido,0.1
1,SVD,inicial,691,23,1625,6,incluido,0.0
1,SVD,inicial,692,34,1614,3,incluido,0.0
1,SVD,inicial,693,119,1529,16,incluido,0.1
1,SVD,inicial,694,116,1532,38,incluido,0.2
1,SVD,inicial,695,34,1614,2,incluido,0.0
1,SVD,inicial,696,24,1624,2,incluido,0.0
1,SVD,inicial,697,84,1564,10,incluido,0.0
1,SVD,inicial,698,109,1539,6,incluido,0.0
1,SVD,inicial,699,119,1529,9,incluido,0.0
1,SVD,inicial,700,16,1632,3,incluido,0.1
1,SVD,inicial,701,28,1620,5,incluido,0.0
1,SVD,inicial,702,27,1621,1,incluido,0.0
1,SVD,inicial,703,38,1610,6,incluido,0.0
1,SVD,inicial,704,75,1573,6,incluido,0.0
1,SVD,inicial,705,94,1554,9,incluido,0.0
1,SVD,inicial,706,25,1623,2,incluido,0.0
1,SVD,inicial,707,191,1457,23,incluido,0.1
1,SVD,inicial,708,84,1564,8,incluido,0.1
1,SVD,inicial,709,106,1542,14,incluido,0.1
1,SVD,inicial,710,72,1576,6,incluido,0.0
1,SVD,inicial,711,179,1469,25,incluido,0.0
1,SVD,inicial,712,134,1514,13,incluido,0.1
1,SVD,inicial,713,25,1623,1,incluido,0.0
1,SVD,inicial,714,36,1612,3,incluido,0.0
1,SVD,inicial,715,123,1525,22,incluido,0.0
1,SVD,inicial,716,221,1427,34,incluido,0.1
1,SVD,inicial,717,71,1577,11,incluido,0.0
1,SVD,inicial,718,31,1617,5,incluido,0.0
1,SVD,inicial,719,56,1592,3,incluido,0.1
1,SVD,inicial,720,25,1623,4,incluido,0.0
1,SVD,inicial,721,132,1516,12,incluido,0.2
1,SVD,inicial,722,33,1615,4,incluido,0.0
1,SVD,inicial,723,21,1627,0,sem_relevante_elegivel,
1,SVD,inicial,724,69,1579,8,incluido,0.1
1,SVD,inicial,725,20,1628,5,incluido,0.0
1,SVD,inicial,726,24,1624,0,sem_relevante_elegivel,
1,SVD,inicial,727,261,1387,18,incluido,0.0
1,SVD,inicial,728,21,1627,2,incluido,0.0
1,SVD,inicial,729,17,1631,3,incluido,0.0
1,SVD,inicial,730,33,1615,3,incluido,0.0
1,SVD,inicial,731,68,1580,7,incluido,0.0
1,SVD,inicial,732,13,1635,6,incluido,0.0
1,SVD,inicial,733,86,1562,8,incluido,0.1
1,SVD,inicial,734,49,1599,11,incluido,0.2
1,SVD,inicial,735,44,1604,4,incluido,0.0
1,SVD,inicial,736,17,1631,5,incluido,0.1
1,SVD,inicial,737,27,1621,6,incluido,0.0
1,SVD,inicial,738,119,1529,18,incluido,0.1
1,SVD,inicial,739,29,1619,4,incluido,0.0
1,SVD,inicial,740,12,1636,5,incluido,0.0
1,SVD,inicial,741,88,1560,7,incluido,0.0
1,SVD,inicial,742,21,1627,2,incluido,0.0
1,SVD,inicial,743,25,1623,5,incluido,0.0
1,SVD,inicial,744,25,1623,2,incluido,0.0
1,SVD,inicial,745,47,1601,4,incluido,0.0
1,SVD,inicial,746,57,1591,6,incluido,0.0
1,SVD,inicial,747,239,1409,29,incluido,0.2
1,SVD,inicial,748,87,1561,11,incluido,0.2
1,SVD,inicial,749,234,1414,43,incluido,0.3
1,SVD,inicial,750,26,1622,2,incluido,0.0
1,SVD,inicial,751,138,1510,20,incluido,0.3
1,SVD,inicial,752,59,1589,8,incluido,0.0
1,SVD,inicial,753,48,1600,4,incluido,0.0
1,SVD,inicial,754,28,1620,3,incluido,0.1
1,SVD,inicial,755,28,1620,4,incluido,0.0
1,SVD,inicial,756,90,1558,7,incluido,0.0
1,SVD,inicial,757,125,1523,14,incluido,0.0
1,SVD,inicial,758,293,1355,42,incluido,0.5
1,SVD,inicial,759,30,1618,2,incluido,0.0
1,SVD,inicial,760,36,1612,3,incluido,0.0
1,SVD,inicial,761,46,1602,8,incluido,0.1
1,SVD,inicial,762,17,1631,2,incluido,0.0
1,SVD,inicial,763,114,1534,9,incluido,0.0
1,SVD,inicial,764,79,1569,20,incluido,0.0
1,SVD,inicial,765,22,1626,1,incluido,0.0
1,SVD,inicial,766,136,1512,14,incluido,0.3
1,SVD,inicial,767,32,1616,5,incluido,0.0
1,SVD,inicial,768,51,1597,8,incluido,0.1
1,SVD,inicial,769,26,1622,0,sem_relevante_elegivel,
1,SVD,inicial,770,49,1599,14,incluido,0.0
1,SVD,inicial,771,55,1593,12,incluido,0.1
1,SVD,inicial,772,21,1627,9,incluido,0.0
1,SVD,inicial,773,130,1518,18,incluido,0.2
1,SVD,inicial,774,180,1468,7,incluido,0.1
1,SVD,inicial,775,24,1624,2,incluido,0.0
1,SVD,inicial,776,80,1568,12,incluido,0.1
1,SVD,inicial,777,30,1618,6,incluido,0.0
1,SVD,inicial,778,55,1593,6,incluido,0.0
1,SVD,inicial,779,35,1613,2,incluido,0.0
1,SVD,inicial,780,48,1600,3,incluido,0.0
1,SVD,inicial,781,37,1611,4,incluido,0.1
1,SVD,inicial,782,192,1456,8,incluido,0.0
1,SVD,inicial,783,26,1622,2,incluido,0.0
1,SVD,inicial,784,33,1615,4,incluido,0.0
1,SVD,inicial,785,25,1623,2,incluido,0.0
1,SVD,inicial,786,99,1549,14,incluido,0.2
1,SVD,inicial,787,45,1603,6,incluido,0.0
1,SVD,inicial,788,206,1442,22,incluido,0.1
1,SVD,inicial,789,24,1624,5,incluido,0.0
1,SVD,inicial,790,191,1457,12,incluido,0.2
1,SVD,inicial,791,18,1630,3,incluido,0.0
1,SVD,inicial,792,41,1607,2,incluido,0.0
1,SVD,inicial,793,46,1602,3,incluido,0.0
1,SVD,inicial,794,32,1616,6,incluido,0.0
1,SVD,inicial,795,114,1534,16,incluido,0.0
1,SVD,inicial,796,284,1364,45,incluido,0.6
1,SVD,inicial,797,24,1624,0,sem_relevante_elegivel,
1,SVD,inicial,798,191,1457,20,incluido,0.0
1,SVD,inicial,799,19,1629,5,incluido,0.0
1,SVD,inicial,800,19,1629,6,incluido,0.0
1,SVD,inicial,801,19,1629,4,incluido,0.0
1,SVD,inicial,802,56,1592,8,incluido,0.0
1,SVD,inicial,803,23,1625,7,incluido,0.0
1,SVD,inicial,804,261,1387,45,incluido,0.2
1,SVD,inicial,805,223,1425,23,incluido,0.1
1,SVD,inicial,806,103,1545,18,incluido,0.1
1,SVD,inicial,807,160,1488,32,incluido,0.1
1,SVD,inicial,808,20,1628,3,incluido,0.0
1,SVD,inicial,809,17,1631,2,incluido,0.0
1,SVD,inicial,810,25,1623,1,incluido,0.0
1,SVD,inicial,811,17,1631,2,incluido,0.0
1,SVD,inicial,812,16,1632,1,incluido,0.0
1,SVD,inicial,813,25,1623,2,incluido,0.0
1,SVD,inicial,814,27,1621,2,incluido,0.0
1,SVD,inicial,815,144,1504,28,incluido,0.1
1,SVD,inicial,816,22,1626,3,incluido,0.0
1,SVD,inicial,817,32,1616,3,incluido,0.0
1,SVD,inicial,818,18,1630,2,incluido,0.0
1,SVD,inicial,819,25,1623,3,incluido,0.0
1,SVD,inicial,820,14,1634,2,incluido,0.0
1,SVD,inicial,821,45,1603,15,incluido,0.0
1,SVD,inicial,822,17,1631,7,incluido,0.1
1,SVD,inicial,823,151,1497,25,incluido,0.2
1,SVD,inicial,824,16,1632,1,incluido,0.0
1,SVD,inicial,825,120,1528,19,incluido,0.2
1,SVD,inicial,826,100,1548,9,incluido,0.0
1,SVD,inicial,827,23,1625,1,incluido,0.0
1,SVD,inicial,828,89,1559,11,incluido,0.0
1,SVD,inicial,829,51,1597,9,incluido,0.1
1,SVD,inicial,830,78,1570,16,incluido,0.0
1,SVD,inicial,831,57,1591,10,incluido,0.1
1,SVD,inicial,832,20,1628,2,incluido,0.0
1,SVD,inicial,833,214,1434,22,incluido,0.0
1,SVD,inicial,834,46,1602,6,incluido,0.1
1,SVD,inicial,835,81,1567,16,incluido,0.0
1,SVD,inicial,836,42,1606,5,incluido,0.1
1,SVD,inicial,837,41,1607,1,incluido,0.0
1,SVD,inicial,838,76,1572,14,incluido,0.0
1,SVD,inicial,839,46,1602,3,incluido,0.0
1,SVD,inicial,840,157,1491,33,incluido,0.3
1,SVD,inicial,841,23,1625,7,incluido,0.0
1,SVD,inicial,842,20,1628,4,incluido,0.0
1,SVD,inicial,843,157,1491,10,incluido,0.0
1,SVD,inicial,844,64,1584,8,incluido,0.1
1,SVD,inicial,845,26,1622,3,incluido,0.0
1,SVD,inicial,846,322,1326,51,incluido,0.4
1,SVD,inicial,847,114,1534,12,incluido,0.1
1,SVD,inicial,848,119,1529,23,incluido,0.1
1,SVD,inicial,849,16,1632,7,incluido,0.0
1,SVD,inicial,850,36,1612,15,incluido,0.1
1,SVD,inicial,851,170,1478,17,incluido,0.1
1,SVD,inicial,852,48,1600,0,sem_relevante_elegivel,
1,SVD,inicial,853,35,1613,1,incluido,0.0
1,SVD,inicial,854,165,1483,21,incluido,0.5
1,SVD,inicial,855,14,1634,5,incluido,0.0
1,SVD,inicial,856,20,1628,4,incluido,0.1
1,SVD,inicial,857,17,1631,3,incluido,0.0
1,SVD,inicial,858,17,1631,2,incluido,0.0
1,SVD,inicial,859,33,1615,5,incluido,0.0
1,SVD,inicial,860,54,1594,6,incluido,0.0
1,SVD,inicial,861,37,1611,4,incluido,0.0
1,SVD,inicial,862,135,1513,25,incluido,0.3
1,SVD,inicial,863,88,1560,6,incluido,0.0
1,SVD,inicial,864,225,1423,47,incluido,0.4
1,SVD,inicial,865,46,1602,5,incluido,0.1
1,SVD,inicial,866,17,1631,1,incluido,0.0
1,SVD,inicial,867,68,1580,20,incluido,0.1
1,SVD,inicial,868,160,1488,19,incluido,0.2
1,SVD,inicial,869,38,1610,6,incluido,0.1
1,SVD,inicial,870,215,1433,33,incluido,0.6
1,SVD,inicial,871,85,1563,10,incluido,0.2
1,SVD,inicial,872,53,1595,11,incluido,0.0
1,SVD,inicial,873,13,1635,4,incluido,0.0
1,SVD,inicial,874,27,1621,6,incluido,0.0
1,SVD,inicial,875,64,1584,21,incluido,0.3
1,SVD,inicial,876,17,1631,3,incluido,0.0
1,SVD,inicial,877,65,1583,14,incluido,0.0
1,SVD,inicial,878,109,1539,13,incluido,0.0
1,SVD,inicial,879,23,1625,3,incluido,0.0
1,SVD,inicial,880,316,1332,27,incluido,0.0
1,SVD,inicial,881,213,1435,23,incluido,0.1
1,SVD,inicial,882,107,1541,22,incluido,0.2
1,SVD,inicial,883,207,1441,45,incluido,0.0
1,SVD,inicial,884,38,1610,4,incluido,0.1
1,SVD,inicial,885,79,1569,5,incluido,0.0
1,SVD,inicial,886,197,1451,26,incluido,0.4
1,SVD,inicial,887,132,1516,23,incluido,0.0
1,SVD,inicial,888,17,1631,3,incluido,0.0
1,SVD,inicial,889,264,1384,30,incluido,0.3
1,SVD,inicial,890,94,1554,13,incluido,0.2
1,SVD,inicial,891,38,1610,7,incluido,0.1
1,SVD,inicial,892,175,1473,38,incluido,0.1
1,SVD,inicial,893,49,1599,6,incluido,0.0
1,SVD,inicial,894,201,1447,33,incluido,0.1
1,SVD,inicial,895,16,1632,3,incluido,0.0
1,SVD,inicial,896,286,1362,20,incluido,0.3
1,SVD,inicial,897,152,1496,20,incluido,0.1
1,SVD,inicial,898,26,1622,2,incluido,0.0
1,SVD,inicial,899,104,1544,19,incluido,0.3
1,SVD,inicial,900,34,1614,2,incluido,0.1
1,SVD,inicial,901,97,1551,17,incluido,0.1
1,SVD,inicial,902,40,1608,4,incluido,0.0
1,SVD,inicial,903,111,1537,18,incluido,0.2
1,SVD,inicial,904,37,1611,6,incluido,0.1
1,SVD,inicial,905,33,1615,2,incluido,0.0
1,SVD,inicial,906,37,1611,2,incluido,0.0
1,SVD,inicial,907,117,1531,29,incluido,0.0
1,SVD,inicial,908,56,1592,7,incluido,0.2
1,SVD,inicial,909,21,1627,5,incluido,0.0
1,SVD,inicial,910,46,1602,8,incluido,0.0
1,SVD,inicial,911,75,1573,15,incluido,0.0
1,SVD,inicial,912,42,1606,8,incluido,0.0
1,SVD,inicial,913,101,1547,17,incluido,0.1
1,SVD,inicial,914,18,1630,1,incluido,0.0
1,SVD,inicial,915,22,1626,1,incluido,0.0
1,SVD,inicial,916,254,1394,29,incluido,0.1
1,SVD,inicial,917,29,1619,1,incluido,0.0
1,SVD,inicial,918,86,1562,10,incluido,0.0
1,SVD,inicial,919,177,1471,21,incluido,0.3
1,SVD,inicial,920,17,1631,1,incluido,0.0
1,SVD,inicial,921,91,1557,8,incluido,0.0
1,SVD,inicial,922,100,1548,10,incluido,0.0
1,SVD,inicial,923,60,1588,12,incluido,0.0
1,SVD,inicial,924,61,1587,13,incluido,0.2
1,SVD,inicial,925,23,1625,4,incluido,0.0
1,SVD,inicial,926,14,1634,1,incluido,0.0
1,SVD,inicial,927,102,1546,10,incluido,0.0
1,SVD,inicial,928,25,1623,7,incluido,0.0
1,SVD,inicial,929,43,1605,2,incluido,0.1
1,SVD,inicial,930,50,1598,4,incluido,0.0
1,SVD,inicial,931,50,1598,8,incluido,0.0
1,SVD,inicial,932,198,1450,28,incluido,0.1
1,SVD,inicial,933,154,1494,10,incluido,0.1
1,SVD,inicial,934,143,1505,23,incluido,0.2
1,SVD,inicial,935,35,1613,2,incluido,0.0
1,SVD,inicial,936,104,1544,21,incluido,0.0
1,SVD,inicial,937,32,1616,5,incluido,0.0
1,SVD,inicial,938,88,1560,10,incluido,0.1
1,SVD,inicial,939,41,1607,6,incluido,0.0
1,SVD,inicial,940,83,1565,11,incluido,0.1
1,SVD,inicial,941,20,1628,2,incluido,0.0
1,SVD,inicial,942,61,1587,14,incluido,0.0
1,SVD,inicial,943,134,1514,18,incluido,0.2
1,SVD,ajustado,1,210,1438,36,incluido,0.1
1,SVD,ajustado,2,49,1599,8,incluido,0.1
1,SVD,ajustado,3,41,1607,5,incluido,0.1
1,SVD,ajustado,4,18,1630,4,incluido,0.0
1,SVD,ajustado,5,141,1507,10,incluido,0.0
1,SVD,ajustado,6,165,1483,33,incluido,0.4
1,SVD,ajustado,7,329,1319,50,incluido,0.4
1,SVD,ajustado,8,47,1601,7,incluido,0.1
1,SVD,ajustado,9,19,1629,3,incluido,0.1
1,SVD,ajustado,10,144,1504,37,incluido,0.1
1,SVD,ajustado,11,138,1510,22,incluido,0.0
1,SVD,ajustado,12,37,1611,12,incluido,0.0
1,SVD,ajustado,13,513,1135,53,incluido,0.2
1,SVD,ajustado,14,76,1572,17,incluido,0.1
1,SVD,ajustado,15,81,1567,11,incluido,0.0
1,SVD,ajustado,16,108,1540,29,incluido,0.3
1,SVD,ajustado,17,23,1625,2,incluido,0.0
1,SVD,ajustado,18,222,1426,31,incluido,0.3
1,SVD,ajustado,19,18,1630,1,incluido,0.0
1,SVD,ajustado,20,40,1608,3,incluido,0.0
1,SVD,ajustado,21,145,1503,10,incluido,0.1
1,SVD,ajustado,22,108,1540,14,incluido,0.1
1,SVD,ajustado,23,118,1530,21,incluido,0.3
1,SVD,ajustado,24,58,1590,9,incluido,0.0
1,SVD,ajustado,25,55,1593,18,incluido,0.0
1,SVD,ajustado,26,87,1561,10,incluido,0.1
1,SVD,ajustado,27,17,1631,4,incluido,0.0
1,SVD,ajustado,28,66,1582,10,incluido,0.1
1,SVD,ajustado,29,24,1624,4,incluido,0.0
1,SVD,ajustado,30,36,1612,3,incluido,0.0
1,SVD,ajustado,31,24,1624,9,incluido,0.0
1,SVD,ajustado,32,30,1618,6,incluido,0.0
1,SVD,ajustado,33,17,1631,5,incluido,0.0
1,SVD,ajustado,34,14,1634,5,incluido,0.0
1,SVD,ajustado,35,22,1626,1,incluido,0.0
1,SVD,ajustado,36,13,1635,5,incluido,0.0
1,SVD,ajustado,37,44,1604,8,incluido,0.1
1,SVD,ajustado,38,91,1557,20,incluido,0.0
1,SVD,ajustado,39,14,1634,6,incluido,0.0
1,SVD,ajustado,40,29,1619,2,incluido,0.0
1,SVD,ajustado,41,40,1608,8,incluido,0.0
1,SVD,ajustado,42,145,1503,24,incluido,0.2
1,SVD,ajustado,43,181,1467,21,incluido,0.2
1,SVD,ajustado,44,118,1530,20,incluido,0.1
1,SVD,ajustado,45,33,1615,6,incluido,0.0
1,SVD,ajustado,46,22,1626,4,incluido,0.0
1,SVD,ajustado,47,19,1629,3,incluido,0.0
1,SVD,ajustado,48,58,1590,3,incluido,0.0
1,SVD,ajustado,49,163,1485,15,incluido,0.1
1,SVD,ajustado,50,20,1628,4,incluido,0.0
1,SVD,ajustado,51,20,1628,1,incluido,0.0
1,SVD,ajustado,52,46,1602,8,incluido,0.0
1,SVD,ajustado,53,26,1622,2,incluido,0.0
1,SVD,ajustado,54,58,1590,4,incluido,0.0
1,SVD,ajustado,55,18,1630,1,incluido,0.0
1,SVD,ajustado,56,141,1507,23,incluido,0.1
1,SVD,ajustado,57,81,1567,13,incluido,0.1
1,SVD,ajustado,58,114,1534,31,incluido,0.3
1,SVD,ajustado,59,313,1335,47,incluido,0.2
1,SVD,ajustado,60,164,1484,39,incluido,0.4
1,SVD,ajustado,61,17,1631,1,incluido,0.0
1,SVD,ajustado,62,187,1461,25,incluido,0.3
1,SVD,ajustado,63,80,1568,5,incluido,0.1
1,SVD,ajustado,64,159,1489,25,incluido,0.1
1,SVD,ajustado,65,66,1582,10,incluido,0.0
1,SVD,ajustado,66,34,1614,2,incluido,0.0
1,SVD,ajustado,67,24,1624,4,incluido,0.0
1,SVD,ajustado,68,27,1621,1,incluido,0.0
1,SVD,ajustado,69,54,1594,4,incluido,0.0
1,SVD,ajustado,70,112,1536,11,incluido,0.0
1,SVD,ajustado,71,34,1614,2,incluido,0.0
1,SVD,ajustado,72,112,1536,17,incluido,0.1
1,SVD,ajustado,73,54,1594,5,incluido,0.1
1,SVD,ajustado,74,26,1622,8,incluido,0.0
1,SVD,ajustado,75,59,1589,9,incluido,0.0
1,SVD,ajustado,76,59,1589,11,incluido,0.1
1,SVD,ajustado,77,60,1588,6,incluido,0.0
1,SVD,ajustado,78,16,1632,2,incluido,0.0
1,SVD,ajustado,79,45,1603,7,incluido,0.0
1,SVD,ajustado,80,23,1625,2,incluido,0.0
1,SVD,ajustado,81,49,1599,5,incluido,0.2
1,SVD,ajustado,82,140,1508,14,incluido,0.1
1,SVD,ajustado,83,120,1528,23,incluido,0.2
1,SVD,ajustado,84,56,1592,6,incluido,0.0
1,SVD,ajustado,85,225,1423,32,incluido,0.3
1,SVD,ajustado,86,16,1632,5,incluido,0.0
1,SVD,ajustado,87,180,1468,23,incluido,0.2
1,SVD,ajustado,88,18,1630,2,incluido,0.0
1,SVD,ajustado,89,64,1584,6,incluido,0.0
1,SVD,ajustado,90,243,1405,44,incluido,0.4
1,SVD,ajustado,91,81,1567,11,incluido,0.2
1,SVD,ajustado,92,303,1345,31,incluido,0.0
1,SVD,ajustado,93,17,1631,2,incluido,0.0
1,SVD,ajustado,94,320,1328,42,incluido,0.0
1,SVD,ajustado,95,225,1423,31,incluido,0.2
1,SVD,ajustado,96,41,1607,12,incluido,0.2
1,SVD,ajustado,97,53,1595,9,incluido,0.0
1,SVD,ajustado,98,21,1627,4,incluido,0.0
1,SVD,ajustado,99,110,1538,15,incluido,0.0
1,SVD,ajustado,100,47,1601,3,incluido,0.0
1,SVD,ajustado,101,61,1587,2,incluido,0.0
1,SVD,ajustado,102,178,1470,2,incluido,0.0
1,SVD,ajustado,103,21,1627,7,incluido,0.1
1,SVD,ajustado,104,93,1555,4,incluido,0.0
1,SVD,ajustado,105,19,1629,3,incluido,0.0
1,SVD,ajustado,106,53,1595,7,incluido,0.0
1,SVD,ajustado,107,20,1628,0,sem_relevante_elegivel,
1,SVD,ajustado,108,29,1619,3,incluido,0.0
1,SVD,ajustado,109,193,1455,16,incluido,0.1
1,SVD,ajustado,110,105,1543,3,incluido,0.0
1,SVD,ajustado,111,20,1628,3,incluido,0.0
1,SVD,ajustado,112,38,1610,5,incluido,0.0
1,SVD,ajustado,113,41,1607,3,incluido,0.1
1,SVD,ajustado,114,43,1605,2,incluido,0.0
1,SVD,ajustado,115,71,1577,12,incluido,0.1
1,SVD,ajustado,116,107,1541,10,incluido,0.0
1,SVD,ajustado,117,68,1580,10,incluido,0.2
1,SVD,ajustado,118,56,1592,13,incluido,0.0
1,SVD,ajustado,119,155,1493,25,incluido,0.0
1,SVD,ajustado,120,21,1627,3,incluido,0.0
1,SVD,ajustado,121,62,1586,5,incluido,0.1
1,SVD,ajustado,122,43,1605,13,incluido,0.0
1,SVD,ajustado,123,44,1604,8,incluido,0.1
1,SVD,ajustado,124,23,1625,0,sem_relevante_elegivel,
1,SVD,ajustado,125,140,1508,17,incluido,0.2
1,SVD,ajustado,126,39,1609,3,incluido,0.0
1,SVD,ajustado,127,17,1631,4,incluido,0.0
1,SVD,ajustado,128,152,1496,18,incluido,0.0
1,SVD,ajustado,129,25,1623,1,incluido,0.0
1,SVD,ajustado,130,279,1369,57,incluido,0.1
1,SVD,ajustado,131,27,1621,2,incluido,0.0
1,SVD,ajustado,132,18,1630,3,incluido,0.0
1,SVD,ajustado,133,22,1626,2,incluido,0.0
1,SVD,ajustado,134,19,1629,4,incluido,0.0
1,SVD,ajustado,135,46,1602,5,incluido,0.1
1,SVD,ajustado,136,24,1624,10,incluido,0.0
1,SVD,ajustado,137,36,1612,10,incluido,0.0
1,SVD,ajustado,138,43,1605,8,incluido,0.0
1,SVD,ajustado,139,19,1629,4,incluido,0.0
1,SVD,ajustado,140,16,1632,1,incluido,0.0
1,SVD,ajustado,141,90,1558,10,incluido,0.0
1,SVD,ajustado,142,27,1621,3,incluido,0.0
1,SVD,ajustado,143,17,1631,3,incluido,0.1
1,SVD,ajustado,144,156,1492,35,incluido,0.2
1,SVD,ajustado,145,253,1395,29,incluido,0.1
1,SVD,ajustado,146,25,1623,4,incluido,0.0
1,SVD,ajustado,147,18,1630,2,incluido,0.0
1,SVD,ajustado,148,53,1595,8,incluido,0.1
1,SVD,ajustado,149,28,1620,3,incluido,0.0
1,SVD,ajustado,150,27,1621,4,incluido,0.0
1,SVD,ajustado,151,241,1407,47,incluido,0.7
1,SVD,ajustado,152,82,1566,22,incluido,0.1
1,SVD,ajustado,153,14,1634,5,incluido,0.0
1,SVD,ajustado,154,44,1604,5,incluido,0.0
1,SVD,ajustado,155,17,1631,1,incluido,0.0
1,SVD,ajustado,156,32,1616,3,incluido,0.0
1,SVD,ajustado,157,37,1611,6,incluido,0.0
1,SVD,ajustado,158,132,1516,27,incluido,0.1
1,SVD,ajustado,159,90,1558,9,incluido,0.0
1,SVD,ajustado,160,96,1552,16,incluido,0.0
1,SVD,ajustado,161,45,1603,4,incluido,0.0
1,SVD,ajustado,162,34,1614,4,incluido,0.0
1,SVD,ajustado,163,21,1627,1,incluido,0.0
1,SVD,ajustado,164,51,1597,11,incluido,0.0
1,SVD,ajustado,165,25,1623,5,incluido,0.0
1,SVD,ajustado,166,16,1632,3,incluido,0.0
1,SVD,ajustado,167,56,1592,6,incluido,0.1
1,SVD,ajustado,168,49,1599,10,incluido,0.0
1,SVD,ajustado,169,32,1616,5,incluido,0.0
1,SVD,ajustado,170,18,1630,3,incluido,0.0
1,SVD,ajustado,171,19,1629,7,incluido,0.0
1,SVD,ajustado,172,22,1626,2,incluido,0.0
1,SVD,ajustado,173,33,1615,8,incluido,0.0
1,SVD,ajustado,174,133,1515,24,incluido,0.1
1,SVD,ajustado,175,33,1615,2,incluido,0.1
1,SVD,ajustado,176,49,1599,7,incluido,0.0
1,SVD,ajustado,177,96,1552,17,incluido,0.2
1,SVD,ajustado,178,216,1432,37,incluido,0.5
1,SVD,ajustado,179,30,1618,7,incluido,0.0
1,SVD,ajustado,180,56,1592,5,incluido,0.0
1,SVD,ajustado,181,359,1289,2,incluido,0.0
1,SVD,ajustado,182,19,1629,8,incluido,0.0
1,SVD,ajustado,183,41,1607,4,incluido,0.1
1,SVD,ajustado,184,199,1449,27,incluido,0.0
1,SVD,ajustado,185,41,1607,5,incluido,0.0
1,SVD,ajustado,186,69,1579,16,incluido,0.0
1,SVD,ajustado,187,44,1604,8,incluido,0.1
1,SVD,ajustado,188,81,1567,20,incluido,0.2
1,SVD,ajustado,189,154,1494,27,incluido,0.1
1,SVD,ajustado,190,45,1603,5,incluido,0.0
1,SVD,ajustado,191,20,1628,5,incluido,0.0
1,SVD,ajustado,192,27,1621,4,incluido,0.0
1,SVD,ajustado,193,95,1553,9,incluido,0.0
1,SVD,ajustado,194,252,1396,19,incluido,0.2
1,SVD,ajustado,195,71,1577,11,incluido,0.0
1,SVD,ajustado,196,32,1616,4,incluido,0.0
1,SVD,ajustado,197,89,1559,17,incluido,0.1
1,SVD,ajustado,198,142,1506,19,incluido,0.3
1,SVD,ajustado,199,35,1613,2,incluido,0.0
1,SVD,ajustado,200,170,1478,37,incluido,0.3
1,SVD,ajustado,201,317,1331,27,incluido,0.2
1,SVD,ajustado,202,14,1634,2,incluido,0.0
1,SVD,ajustado,203,34,1614,5,incluido,0.0
1,SVD,ajustado,204,35,1613,2,incluido,0.0
1,SVD,ajustado,205,19,1629,2,incluido,0.0
1,SVD,ajustado,206,52,1596,1,incluido,0.0
1,SVD,ajustado,207,168,1480,25,incluido,0.1
1,SVD,ajustado,208,27,1621,3,incluido,0.0
1,SVD,ajustado,209,22,1626,4,incluido,0.1
1,SVD,ajustado,210,108,1540,18,incluido,0.1
1,SVD,ajustado,211,28,1620,5,incluido,0.0
1,SVD,ajustado,212,21,1627,3,incluido,0.0
1,SVD,ajustado,213,101,1547,20,incluido,0.0
1,SVD,ajustado,214,105,1543,18,incluido,0.2
1,SVD,ajustado,215,73,1575,11,incluido,0.0
1,SVD,ajustado,216,105,1543,16,incluido,0.0
1,SVD,ajustado,217,59,1589,8,incluido,0.0
1,SVD,ajustado,218,44,1604,5,incluido,0.0
1,SVD,ajustado,219,25,1623,2,incluido,0.0
1,SVD,ajustado,220,16,1632,4,incluido,0.0
1,SVD,ajustado,221,123,1525,10,incluido,0.0
1,SVD,ajustado,222,316,1332,29,incluido,0.3
1,SVD,ajustado,223,80,1568,9,incluido,0.0
1,SVD,ajustado,224,115,1533,8,incluido,0.1
1,SVD,ajustado,225,24,1624,2,incluido,0.1
1,SVD,ajustado,226,39,1609,8,incluido,0.1
1,SVD,ajustado,227,49,1599,5,incluido,0.0
1,SVD,ajustado,228,17,1631,2,incluido,0.0
1,SVD,ajustado,229,22,1626,3,incluido,0.0
1,SVD,ajustado,230,102,1546,20,incluido,0.0
1,SVD,ajustado,231,17,1631,4,incluido,0.0
1,SVD,ajustado,232,72,1576,15,incluido,0.0
1,SVD,ajustado,233,87,1561,17,incluido,0.1
1,SVD,ajustado,234,381,1267,28,incluido,0.3
1,SVD,ajustado,235,80,1568,9,incluido,0.0
1,SVD,ajustado,236,92,1556,14,incluido,0.1
1,SVD,ajustado,237,37,1611,8,incluido,0.2
1,SVD,ajustado,238,25,1623,1,incluido,0.0
1,SVD,ajustado,239,134,1514,18,incluido,0.1
1,SVD,ajustado,240,19,1629,2,incluido,0.0
1,SVD,ajustado,241,16,1632,4,incluido,0.0
1,SVD,ajustado,242,16,1632,3,incluido,0.0
1,SVD,ajustado,243,68,1580,3,incluido,0.0
1,SVD,ajustado,244,195,1453,26,incluido,0.0
1,SVD,ajustado,245,19,1629,3,incluido,0.0
1,SVD,ajustado,246,153,1495,16,incluido,0.1
1,SVD,ajustado,247,22,1626,4,incluido,0.0
1,SVD,ajustado,248,50,1598,3,incluido,0.1
1,SVD,ajustado,249,121,1527,30,incluido,0.1
1,SVD,ajustado,250,93,1555,23,incluido,0.1
1,SVD,ajustado,251,62,1586,8,incluido,0.1
1,SVD,ajustado,252,15,1633,6,incluido,0.0
1,SVD,ajustado,253,74,1574,15,incluido,0.1
1,SVD,ajustado,254,130,1518,10,incluido,0.0
1,SVD,ajustado,255,65,1583,4,incluido,0.0
1,SVD,ajustado,256,172,1476,28,incluido,0.0
1,SVD,ajustado,257,46,1602,8,incluido,0.0
1,SVD,ajustado,258,19,1629,4,incluido,0.0
1,SVD,ajustado,259,37,1611,8,incluido,0.0
1,SVD,ajustado,260,22,1626,2,incluido,0.0
1,SVD,ajustado,261,22,1626,4,incluido,0.0
1,SVD,ajustado,262,132,1516,11,incluido,0.1
1,SVD,ajustado,263,105,1543,15,incluido,0.2
1,SVD,ajustado,264,95,1553,21,incluido,0.1
1,SVD,ajustado,265,39,1609,3,incluido,0.0
1,SVD,ajustado,266,17,1631,2,incluido,0.0
1,SVD,ajustado,267,160,1488,18,incluido,0.3
1,SVD,ajustado,268,256,1392,25,incluido,0.4
1,SVD,ajustado,269,274,1374,21,incluido,0.3
1,SVD,ajustado,270,122,1526,13,incluido,0.0
1,SVD,ajustado,271,225,1423,30,incluido,0.3
1,SVD,ajustado,272,39,1609,10,incluido,0.1
1,SVD,ajustado,273,17,1631,4,incluido,0.0
1,SVD,ajustado,274,52,1596,15,incluido,0.1
1,SVD,ajustado,275,68,1580,5,incluido,0.1
1,SVD,ajustado,276,414,1234,52,incluido,0.2
1,SVD,ajustado,277,46,1602,4,incluido,0.0
1,SVD,ajustado,278,16,1632,4,incluido,0.1
1,SVD,ajustado,279,348,1300,47,incluido,0.0
1,SVD,ajustado,280,211,1437,21,incluido,0.0
1,SVD,ajustado,281,17,1631,4,incluido,0.0
1,SVD,ajustado,282,21,1627,1,incluido,0.0
1,SVD,ajustado,283,41,1607,10,incluido,0.0
1,SVD,ajustado,284,35,1613,8,incluido,0.0
1,SVD,ajustado,285,25,1623,6,incluido,0.0
1,SVD,ajustado,286,229,1419,35,incluido,0.1
1,SVD,ajustado,287,50,1598,10,incluido,0.0
1,SVD,ajustado,288,63,1585,9,incluido,0.0
1,SVD,ajustado,289,24,1624,1,incluido,0.0
1,SVD,ajustado,290,121,1527,13,incluido,0.1
1,SVD,ajustado,291,232,1416,45,incluido,0.0
1,SVD,ajustado,292,92,1556,24,incluido,0.4
1,SVD,ajustado,293,314,1334,23,incluido,0.3
1,SVD,ajustado,294,122,1526,9,incluido,0.1
1,SVD,ajustado,295,159,1489,34,incluido,0.0
1,SVD,ajustado,296,112,1536,30,incluido,0.1
1,SVD,ajustado,297,139,1509,26,incluido,0.0
1,SVD,ajustado,298,97,1551,23,incluido,0.3
1,SVD,ajustado,299,228,1420,24,incluido,0.4
1,SVD,ajustado,300,16,1632,4,incluido,0.0
1,SVD,ajustado,301,222,1426,29,incluido,0.0
1,SVD,ajustado,302,19,1629,0,sem_relevante_elegivel,
1,SVD,ajustado,303,385,1263,50,incluido,0.2
1,SVD,ajustado,304,18,1630,4,incluido,0.0
1,SVD,ajustado,305,176,1472,25,incluido,0.5
1,SVD,ajustado,306,25,1623,5,incluido,0.0
1,SVD,ajustado,307,90,1558,13,incluido,0.0
1,SVD,ajustado,308,312,1336,51,incluido,0.4
1,SVD,ajustado,309,18,1630,2,incluido,0.0
1,SVD,ajustado,310,16,1632,4,incluido,0.0
1,SVD,ajustado,311,237,1411,44,incluido,0.3
1,SVD,ajustado,312,174,1474,42,incluido,0.2
1,SVD,ajustado,313,213,1435,25,incluido,0.3
1,SVD,ajustado,314,199,1449,26,incluido,0.1
1,SVD,ajustado,315,66,1582,17,incluido,0.2
1,SVD,ajustado,316,49,1599,13,incluido,0.3
1,SVD,ajustado,317,19,1629,1,incluido,0.0
1,SVD,ajustado,318,137,1511,24,incluido,0.0
1,SVD,ajustado,319,19,1629,2,incluido,0.0
1,SVD,ajustado,320,120,1528,26,incluido,0.1
1,SVD,ajustado,321,100,1548,17,incluido,0.2
1,SVD,ajustado,322,42,1606,7,incluido,0.0
1,SVD,ajustado,323,66,1582,14,incluido,0.1
1,SVD,ajustado,324,50,1598,14,incluido,0.0
1,SVD,ajustado,325,109,1539,13,incluido,0.0
1,SVD,ajustado,326,148,1500,13,incluido,0.3
1,SVD,ajustado,327,232,1416,27,incluido,0.0
1,SVD,ajustado,328,232,1416,25,incluido,0.3
1,SVD,ajustado,329,57,1591,4,incluido,0.0
1,SVD,ajustado,330,112,1536,31,incluido,0.1
1,SVD,ajustado,331,56,1592,7,incluido,0.0
1,SVD,ajustado,332,144,1504,31,incluido,0.2
1,SVD,ajustado,333,19,1629,7,incluido,0.0
1,SVD,ajustado,334,275,1373,35,incluido,0.1
1,SVD,ajustado,335,20,1628,2,incluido,0.0
1,SVD,ajustado,336,104,1544,11,incluido,0.0
1,SVD,ajustado,337,26,1622,5,incluido,0.0
1,SVD,ajustado,338,59,1589,12,incluido,0.1
1,SVD,ajustado,339,203,1445,40,incluido,0.4
1,SVD,ajustado,340,38,1610,4,incluido,0.0
1,SVD,ajustado,341,13,1635,5,incluido,0.0
1,SVD,ajustado,342,161,1487,23,incluido,0.2
1,SVD,ajustado,343,187,1461,38,incluido,0.4
1,SVD,ajustado,344,163,1485,18,incluido,0.1
1,SVD,ajustado,345,193,1455,16,incluido,0.0
1,SVD,ajustado,346,160,1488,16,incluido,0.1
1,SVD,ajustado,347,165,1483,21,incluido,0.3
1,SVD,ajustado,348,48,1600,7,incluido,0.0
1,SVD,ajustado,349,30,1618,4,incluido,0.0
1,SVD,ajustado,350,39,1609,10,incluido,0.1
1,SVD,ajustado,351,38,1610,5,incluido,0.0
1,SVD,ajustado,352,29,1619,11,incluido,0.0
1,SVD,ajustado,353,17,1631,5,incluido,0.0
1,SVD,ajustado,354,183,1465,27,incluido,0.0
1,SVD,ajustado,355,19,1629,7,incluido,0.0
1,SVD,ajustado,356,17,1631,4,incluido,0.0
1,SVD,ajustado,357,64,1584,9,incluido,0.0
1,SVD,ajustado,358,35,1613,3,incluido,0.0
1,SVD,ajustado,359,20,1628,6,incluido,0.1
1,SVD,ajustado,360,80,1568,15,incluido,0.2
1,SVD,ajustado,361,93,1555,15,incluido,0.1
1,SVD,ajustado,362,20,1628,4,incluido,0.1
1,SVD,ajustado,363,246,1402,35,incluido,0.3
1,SVD,ajustado,364,10,1638,5,incluido,0.0
1,SVD,ajustado,365,46,1602,6,incluido,0.0
1,SVD,ajustado,366,26,1622,5,incluido,0.0
1,SVD,ajustado,367,44,1604,13,incluido,0.0
1,SVD,ajustado,368,38,1610,2,incluido,0.0
1,SVD,ajustado,369,20,1628,2,incluido,0.0
1,SVD,ajustado,370,66,1582,1,incluido,0.1
1,SVD,ajustado,371,40,1608,11,incluido,0.2
1,SVD,ajustado,372,49,1599,15,incluido,0.0
1,SVD,ajustado,373,184,1464,28,incluido,0.1
1,SVD,ajustado,374,214,1434,36,incluido,0.1
1,SVD,ajustado,375,20,1628,5,incluido,0.0
1,SVD,ajustado,376,23,1625,3,incluido,0.0
1,SVD,ajustado,377,30,1618,2,incluido,0.0
1,SVD,ajustado,378,293,1355,41,incluido,0.1
1,SVD,ajustado,379,151,1497,32,incluido,0.1
1,SVD,ajustado,380,117,1531,17,incluido,0.1
1,SVD,ajustado,381,99,1549,19,incluido,0.1
1,SVD,ajustado,382,41,1607,5,incluido,0.0
1,SVD,ajustado,383,62,1586,7,incluido,0.1
1,SVD,ajustado,384,19,1629,2,incluido,0.0
1,SVD,ajustado,385,219,1429,26,incluido,0.3
1,SVD,ajustado,386,21,1627,2,incluido,0.0
1,SVD,ajustado,387,252,1396,21,incluido,0.3
1,SVD,ajustado,388,41,1607,10,incluido,0.0
1,SVD,ajustado,389,226,1422,26,incluido,0.3
1,SVD,ajustado,390,23,1625,4,incluido,0.0
1,SVD,ajustado,391,95,1553,18,incluido,0.2
1,SVD,ajustado,392,96,1552,14,incluido,0.1
1,SVD,ajustado,393,357,1291,41,incluido,0.2
1,SVD,ajustado,394,116,1532,23,incluido,0.1
1,SVD,ajustado,395,46,1602,8,incluido,0.2
1,SVD,ajustado,396,44,1604,6,incluido,0.0
1,SVD,ajustado,397,79,1569,15,incluido,0.1
1,SVD,ajustado,398,142,1506,20,incluido,0.2
1,SVD,ajustado,399,263,1385,9,incluido,0.0
1,SVD,ajustado,400,19,1629,3,incluido,0.0
1,SVD,ajustado,401,127,1521,12,incluido,0.0
1,SVD,ajustado,402,49,1599,12,incluido,0.2
1,SVD,ajustado,403,38,1610,11,incluido,0.0
1,SVD,ajustado,404,32,1616,6,incluido,0.0
1,SVD,ajustado,405,583,1065,20,incluido,0.1
1,SVD,ajustado,406,278,1370,36,incluido,0.1
1,SVD,ajustado,407,186,1462,18,incluido,0.0
1,SVD,ajustado,408,21,1627,5,incluido,0.0
1,SVD,ajustado,409,161,1487,32,incluido,0.3
1,SVD,ajustado,410,25,1623,0,sem_relevante_elegivel,
1,SVD,ajustado,411,43,1605,10,incluido,0.0
1,SVD,ajustado,412,39,1609,8,incluido,0.2
1,SVD,ajustado,413,42,1606,5,incluido,0.0
1,SVD,ajustado,414,18,1630,5,incluido,0.0
1,SVD,ajustado,415,19,1629,5,incluido,0.0
1,SVD,ajustado,416,386,1262,73,incluido,0.2
1,SVD,ajustado,417,276,1372,32,incluido,0.2
1,SVD,ajustado,418,15,1633,2,incluido,0.0
1,SVD,ajustado,419,22,1626,9,incluido,0.0
1,SVD,ajustado,420,30,1618,4,incluido,0.1
1,SVD,ajustado,421,52,1596,6,incluido,0.0
1,SVD,ajustado,422,72,1576,10,incluido,0.1
1,SVD,ajustado,423,57,1591,6,incluido,0.0
1,SVD,ajustado,424,35,1613,5,incluido,0.0
1,SVD,ajustado,425,161,1487,11,incluido,0.1
1,SVD,ajustado,426,74,1574,16,incluido,0.0
1,SVD,ajustado,427,26,1622,5,incluido,0.0
1,SVD,ajustado,428,43,1605,10,incluido,0.0
1,SVD,ajustado,429,329,1319,41,incluido,0.5
1,SVD,ajustado,430,47,1601,11,incluido,0.0
1,SVD,ajustado,431,18,1630,1,incluido,0.0
1,SVD,ajustado,432,50,1598,10,incluido,0.0
1,SVD,ajustado,433,33,1615,5,incluido,0.0
1,SVD,ajustado,434,36,1612,5,incluido,0.0
1,SVD,ajustado,435,318,1330,28,incluido,0.2
1,SVD,ajustado,436,113,1535,23,incluido,0.0
1,SVD,ajustado,437,202,1446,32,incluido,0.1
1,SVD,ajustado,438,28,1620,3,incluido,0.0
1,SVD,ajustado,439,27,1621,2,incluido,0.0
1,SVD,ajustado,440,46,1602,3,incluido,0.0
1,SVD,ajustado,441,15,1633,2,incluido,0.0
1,SVD,ajustado,442,117,1531,7,incluido,0.0
1,SVD,ajustado,443,20,1628,3,incluido,0.0
1,SVD,ajustado,444,21,1627,2,incluido,0.1
1,SVD,ajustado,445,110,1538,3,incluido,0.0
1,SVD,ajustado,446,27,1621,1,incluido,0.0
1,SVD,ajustado,447,112,1536,17,incluido,0.1
1,SVD,ajustado,448,29,1619,3,incluido,0.0
1,SVD,ajustado,449,62,1586,9,incluido,0.1
1,SVD,ajustado,450,426,1222,75,incluido,0.4
1,SVD,ajustado,451,77,1571,7,incluido,0.0
1,SVD,ajustado,452,155,1493,30,incluido,0.0
1,SVD,ajustado,453,124,1524,16,incluido,0.0
1,SVD,ajustado,454,195,1453,13,incluido,0.1
1,SVD,ajustado,455,152,1496,20,incluido,0.1
1,SVD,ajustado,456,178,1470,20,incluido,0.0
1,SVD,ajustado,457,230,1418,36,incluido,0.0
1,SVD,ajustado,458,152,1496,19,incluido,0.1
1,SVD,ajustado,459,89,1559,12,incluido,0.1
1,SVD,ajustado,460,55,1593,5,incluido,0.0
1,SVD,ajustado,461,19,1629,0,sem_relevante_elegivel,
1,SVD,ajustado,462,26,1622,5,incluido,0.1
1,SVD,ajustado,463,107,1541,12,incluido,0.0
1,SVD,ajustado,464,44,1604,7,incluido,0.1
1,SVD,ajustado,465,70,1578,3,incluido,0.0
1,SVD,ajustado,466,85,1563,9,incluido,0.0
1,SVD,ajustado,467,37,1611,5,incluido,0.0
1,SVD,ajustado,468,120,1528,18,incluido,0.2
1,SVD,ajustado,469,30,1618,12,incluido,0.0
1,SVD,ajustado,470,44,1604,9,incluido,0.0
1,SVD,ajustado,471,29,1619,2,incluido,0.0
1,SVD,ajustado,472,220,1428,35,incluido,0.1
1,SVD,ajustado,473,29,1619,4,incluido,0.0
1,SVD,ajustado,474,251,1397,53,incluido,0.5
1,SVD,ajustado,475,13,1635,5,incluido,0.0
1,SVD,ajustado,476,66,1582,11,incluido,0.0
1,SVD,ajustado,477,28,1620,7,incluido,0.0
1,SVD,ajustado,478,86,1562,14,incluido,0.2
1,SVD,ajustado,479,150,1498,36,incluido,0.2
1,SVD,ajustado,480,51,1597,3,incluido,0.0
1,SVD,ajustado,481,41,1607,10,incluido,0.0
1,SVD,ajustado,482,19,1629,4,incluido,0.0
1,SVD,ajustado,483,50,1598,2,incluido,0.0
1,SVD,ajustado,484,110,1538,22,incluido,0.2
1,SVD,ajustado,485,20,1628,2,incluido,0.0
1,SVD,ajustado,486,158,1490,10,incluido,0.1
1,SVD,ajustado,487,178,1470,33,incluido,0.2
1,SVD,ajustado,488,119,1529,19,incluido,0.2
1,SVD,ajustado,489,91,1557,10,incluido,0.0
1,SVD,ajustado,490,43,1605,3,incluido,0.0
1,SVD,ajustado,491,26,1622,4,incluido,0.0
1,SVD,ajustado,492,39,1609,10,incluido,0.2
1,SVD,ajustado,493,100,1548,22,incluido,0.1
1,SVD,ajustado,494,36,1612,10,incluido,0.0
1,SVD,ajustado,495,162,1486,31,incluido,0.1
1,SVD,ajustado,496,103,1545,11,incluido,0.0
1,SVD,ajustado,497,225,1423,24,incluido,0.3
1,SVD,ajustado,498,125,1523,8,incluido,0.0
1,SVD,ajustado,499,77,1571,15,incluido,0.1
1,SVD,ajustado,500,175,1473,23,incluido,0.0
1,SVD,ajustado,501,61,1587,6,incluido,0.0
1,SVD,ajustado,502,30,1618,4,incluido,0.0
1,SVD,ajustado,503,118,1530,25,incluido,0.0
1,SVD,ajustado,504,211,1437,22,incluido,0.0
1,SVD,ajustado,505,94,1554,7,incluido,0.0
1,SVD,ajustado,506,190,1458,28,incluido,0.0
1,SVD,ajustado,507,44,1604,14,incluido,0.0
1,SVD,ajustado,508,67,1581,14,incluido,0.1
1,SVD,ajustado,509,26,1622,1,incluido,0.0
1,SVD,ajustado,510,21,1627,3,incluido,0.1
1,SVD,ajustado,511,19,1629,3,incluido,0.0
1,SVD,ajustado,512,13,1635,6,incluido,0.0
1,SVD,ajustado,513,20,1628,2,incluido,0.0
1,SVD,ajustado,514,143,1505,36,incluido,0.3
1,SVD,ajustado,515,29,1619,3,incluido,0.0
1,SVD,ajustado,516,17,1631,4,incluido,0.0
1,SVD,ajustado,517,31,1617,2,incluido,0.0
1,SVD,ajustado,518,53,1595,11,incluido,0.0
1,SVD,ajustado,519,36,1612,12,incluido,0.0
1,SVD,ajustado,520,17,1631,3,incluido,0.0
1,SVD,ajustado,521,119,1529,10,incluido,0.1
1,SVD,ajustado,522,23,1625,6,incluido,0.0
1,SVD,ajustado,523,83,1565,16,incluido,0.0
1,SVD,ajustado,524,252,1396,30,incluido,0.1
1,SVD,ajustado,525,40,1608,7,incluido,0.0
1,SVD,ajustado,526,58,1590,5,incluido,0.0
1,SVD,ajustado,527,102,1546,23,incluido,0.2
1,SVD,ajustado,528,44,1604,8,incluido,0.0
1,SVD,ajustado,529,34,1614,7,incluido,0.0
1,SVD,ajustado,530,33,1615,7,incluido,0.0
1,SVD,ajustado,531,26,1622,1,incluido,0.0
1,SVD,ajustado,532,216,1432,43,incluido,0.4
1,SVD,ajustado,533,207,1441,28,incluido,0.4
1,SVD,ajustado,534,64,1584,12,incluido,0.0
1,SVD,ajustado,535,183,1465,24,incluido,0.1
1,SVD,ajustado,536,139,1509,13,incluido,0.0
1,SVD,ajustado,537,387,1261,24,incluido,0.4
1,SVD,ajustado,538,63,1585,10,incluido,0.2
1,SVD,ajustado,539,50,1598,4,incluido,0.0
1,SVD,ajustado,540,52,1596,10,incluido,0.0
1,SVD,ajustado,541,111,1537,14,incluido,0.0
1,SVD,ajustado,542,107,1541,16,incluido,0.0
1,SVD,ajustado,543,159,1489,19,incluido,0.2
1,SVD,ajustado,544,23,1625,0,sem_relevante_elegivel,
1,SVD,ajustado,545,124,1524,21,incluido,0.0
1,SVD,ajustado,546,52,1596,5,incluido,0.0
1,SVD,ajustado,547,18,1630,4,incluido,0.0
1,SVD,ajustado,548,127,1521,17,incluido,0.0
1,SVD,ajustado,549,23,1625,1,incluido,0.0
1,SVD,ajustado,550,31,1617,6,incluido,0.0
1,SVD,ajustado,551,273,1375,38,incluido,0.3
1,SVD,ajustado,552,73,1575,1,incluido,0.0
1,SVD,ajustado,553,86,1562,9,incluido,0.1
1,SVD,ajustado,554,93,1555,10,incluido,0.0
1,SVD,ajustado,555,34,1614,16,incluido,0.0
1,SVD,ajustado,556,32,1616,9,incluido,0.2
1,SVD,ajustado,557,48,1600,2,incluido,0.0
1,SVD,ajustado,558,15,1633,4,incluido,0.0
1,SVD,ajustado,559,66,1582,4,incluido,0.1
1,SVD,ajustado,560,84,1564,10,incluido,0.3
1,SVD,ajustado,561,286,1362,25,incluido,0.4
1,SVD,ajustado,562,59,1589,6,incluido,0.0
1,SVD,ajustado,563,27,1621,3,incluido,0.0
1,SVD,ajustado,564,30,1618,1,incluido,0.0
1,SVD,ajustado,565,31,1617,4,incluido,0.0
1,SVD,ajustado,566,119,1529,18,incluido,0.2
1,SVD,ajustado,567,128,1520,17,incluido,0.1
1,SVD,ajustado,568,65,1583,5,incluido,0.0
1,SVD,ajustado,569,54,1594,6,incluido,0.0
1,SVD,ajustado,570,18,1630,2,incluido,0.1
1,SVD,ajustado,571,18,1630,1,incluido,0.0
1,SVD,ajustado,572,17,1631,1,incluido,0.0
1,SVD,ajustado,573,40,1608,10,incluido,0.1
1,SVD,ajustado,574,36,1612,7,incluido,0.0
1,SVD,ajustado,575,23,1625,2,incluido,0.1
1,SVD,ajustado,576,30,1618,3,incluido,0.0
1,SVD,ajustado,577,158,1490,15,incluido,0.0
1,SVD,ajustado,578,20,1628,2,incluido,0.0
1,SVD,ajustado,579,57,1591,7,incluido,0.0
1,SVD,ajustado,580,40,1608,2,incluido,0.0
1,SVD,ajustado,581,24,1624,4,incluido,0.0
1,SVD,ajustado,582,55,1593,2,incluido,0.0
1,SVD,ajustado,583,24,1624,3,incluido,0.0
1,SVD,ajustado,584,21,1627,2,incluido,0.1
1,SVD,ajustado,585,59,1589,11,incluido,0.0
1,SVD,ajustado,586,128,1520,15,incluido,0.0
1,SVD,ajustado,587,73,1575,11,incluido,0.0
1,SVD,ajustado,588,177,1471,31,incluido,0.0
1,SVD,ajustado,589,35,1613,6,incluido,0.0
1,SVD,ajustado,590,35,1613,5,incluido,0.0
1,SVD,ajustado,591,68,1580,11,incluido,0.0
1,SVD,ajustado,592,295,1353,50,incluido,0.6
1,SVD,ajustado,593,128,1520,13,incluido,0.0
1,SVD,ajustado,594,20,1628,1,incluido,0.0
1,SVD,ajustado,595,82,1566,5,incluido,0.0
1,SVD,ajustado,596,17,1631,1,incluido,0.0
1,SVD,ajustado,597,30,1618,8,incluido,0.0
1,SVD,ajustado,598,23,1625,1,incluido,0.0
1,SVD,ajustado,599,39,1609,7,incluido,0.0
1,SVD,ajustado,600,66,1582,13,incluido,0.0
1,SVD,ajustado,601,120,1528,12,incluido,0.1
1,SVD,ajustado,602,18,1630,6,incluido,0.0
1,SVD,ajustado,603,35,1613,8,incluido,0.1
1,SVD,ajustado,604,22,1626,2,incluido,0.0
1,SVD,ajustado,605,76,1572,9,incluido,0.3
1,SVD,ajustado,606,184,1464,44,incluido,0.0
1,SVD,ajustado,607,28,1620,8,incluido,0.1
1,SVD,ajustado,608,132,1516,17,incluido,0.0
1,SVD,ajustado,609,26,1622,2,incluido,0.0
1,SVD,ajustado,610,59,1589,11,incluido,0.0
1,SVD,ajustado,611,31,1617,8,incluido,0.0
1,SVD,ajustado,612,20,1628,2,incluido,0.0
1,SVD,ajustado,613,19,1629,6,incluido,0.1
1,SVD,ajustado,614,24,1624,4,incluido,0.0
1,SVD,ajustado,615,81,1567,18,incluido,0.1
1,SVD,ajustado,616,35,1613,6,incluido,0.0
1,SVD,ajustado,617,91,1557,4,incluido,0.0
1,SVD,ajustado,618,175,1473,19,incluido,0.2
1,SVD,ajustado,619,69,1579,11,incluido,0.0
1,SVD,ajustado,620,89,1559,14,incluido,0.0
1,SVD,ajustado,621,133,1515,22,incluido,0.0
1,SVD,ajustado,622,185,1463,19,incluido,0.1
1,SVD,ajustado,623,35,1613,7,incluido,0.0
1,SVD,ajustado,624,117,1531,11,incluido,0.0
1,SVD,ajustado,625,84,1564,9,incluido,0.2
1,SVD,ajustado,626,28,1620,2,incluido,0.0
1,SVD,ajustado,627,148,1500,15,incluido,0.0
1,SVD,ajustado,628,23,1625,4,incluido,0.0
1,SVD,ajustado,629,104,1544,12,incluido,0.1
1,SVD,ajustado,630,94,1554,5,incluido,0.0
1,SVD,ajustado,631,14,1634,2,incluido,0.0
1,SVD,ajustado,632,97,1551,13,incluido,0.2
1,SVD,ajustado,633,43,1605,6,incluido,0.0
1,SVD,ajustado,634,107,1541,14,incluido,0.0
1,SVD,ajustado,635,30,1618,1,incluido,0.0
1,SVD,ajustado,636,14,1634,5,incluido,0.1
1,SVD,ajustado,637,84,1564,3,incluido,0.0
1,SVD,ajustado,638,58,1590,5,incluido,0.0
1,SVD,ajustado,639,120,1528,7,incluido,0.0
1,SVD,ajustado,640,83,1565,22,incluido,0.1
1,SVD,ajustado,641,33,1615,5,incluido,0.0
1,SVD,ajustado,642,255,1393,34,incluido,0.1
1,SVD,ajustado,643,165,1483,25,incluido,0.2
1,SVD,ajustado,644,34,1614,7,incluido,0.0
1,SVD,ajustado,645,89,1559,26,incluido,0.2
1,SVD,ajustado,646,31,1617,0,sem_relevante_elegivel,
1,SVD,ajustado,647,45,1603,10,incluido,0.0
1,SVD,ajustado,648,230,1418,26,incluido,0.2
1,SVD,ajustado,649,20,1628,3,incluido,0.0
1,SVD,ajustado,650,254,1394,16,incluido,0.1
1,SVD,ajustado,651,19,1629,1,incluido,0.0
1,SVD,ajustado,652,19,1629,2,incluido,0.0
1,SVD,ajustado,653,222,1426,17,incluido,0.2
1,SVD,ajustado,654,118,1530,16,incluido,0.3
1,SVD,ajustado,655,548,1100,21,incluido,0.2
1,SVD,ajustado,656,20,1628,0,sem_relevante_elegivel,
1,SVD,ajustado,657,26,1622,1,incluido,0.0
1,SVD,ajustado,658,60,1588,5,incluido,0.2
1,SVD,ajustado,659,147,1501,28,incluido,0.1
1,SVD,ajustado,660,186,1462,7,incluido,0.0
1,SVD,ajustado,661,97,1551,19,incluido,0.4
1,SVD,ajustado,662,19,1629,4,incluido,0.0
1,SVD,ajustado,663,130,1518,15,incluido,0.3
1,SVD,ajustado,664,135,1513,20,incluido,0.3
1,SVD,ajustado,665,116,1532,21,incluido,0.0
1,SVD,ajustado,666,193,1455,32,incluido,0.3
1,SVD,ajustado,667,42,1606,4,incluido,0.0
1,SVD,ajustado,668,40,1608,3,incluido,0.0
1,SVD,ajustado,669,76,1572,12,incluido,0.2
1,SVD,ajustado,670,38,1610,7,incluido,0.0
1,SVD,ajustado,671,98,1550,17,incluido,0.1
1,SVD,ajustado,672,21,1627,3,incluido,0.0
1,SVD,ajustado,673,25,1623,6,incluido,0.1
1,SVD,ajustado,674,34,1614,3,incluido,0.0
1,SVD,ajustado,675,24,1624,7,incluido,0.1
1,SVD,ajustado,676,60,1588,13,incluido,0.2
1,SVD,ajustado,677,40,1608,7,incluido,0.0
1,SVD,ajustado,678,22,1626,2,incluido,0.0
1,SVD,ajustado,679,50,1598,8,incluido,0.1
1,SVD,ajustado,680,29,1619,7,incluido,0.0
1,SVD,ajustado,681,13,1635,5,incluido,0.0
1,SVD,ajustado,682,315,1333,35,incluido,0.2
1,SVD,ajustado,683,68,1580,2,incluido,0.0
1,SVD,ajustado,684,78,1570,4,incluido,0.0
1,SVD,ajustado,685,15,1633,0,sem_relevante_elegivel,
1,SVD,ajustado,686,53,1595,18,incluido,0.4
1,SVD,ajustado,687,15,1633,4,incluido,0.0
1,SVD,ajustado,688,21,1627,3,incluido,0.0
1,SVD,ajustado,689,28,1620,6,incluido,0.0
1,SVD,ajustado,690,93,1555,7,incluido,0.1
1,SVD,ajustado,691,23,1625,6,incluido,0.1
1,SVD,ajustado,692,34,1614,3,incluido,0.0
1,SVD,ajustado,693,119,1529,16,incluido,0.1
1,SVD,ajustado,694,116,1532,38,incluido,0.3
1,SVD,ajustado,695,34,1614,2,incluido,0.0
1,SVD,ajustado,696,24,1624,2,incluido,0.0
1,SVD,ajustado,697,84,1564,10,incluido,0.0
1,SVD,ajustado,698,109,1539,6,incluido,0.0
1,SVD,ajustado,699,119,1529,9,incluido,0.0
1,SVD,ajustado,700,16,1632,3,incluido,0.1
1,SVD,ajustado,701,28,1620,5,incluido,0.1
1,SVD,ajustado,702,27,1621,1,incluido,0.0
1,SVD,ajustado,703,38,1610,6,incluido,0.0
1,SVD,ajustado,704,75,1573,6,incluido,0.1
1,SVD,ajustado,705,94,1554,9,incluido,0.0
1,SVD,ajustado,706,25,1623,2,incluido,0.0
1,SVD,ajustado,707,191,1457,23,incluido,0.2
1,SVD,ajustado,708,84,1564,8,incluido,0.1
1,SVD,ajustado,709,106,1542,14,incluido,0.1
1,SVD,ajustado,710,72,1576,6,incluido,0.0
1,SVD,ajustado,711,179,1469,25,incluido,0.1
1,SVD,ajustado,712,134,1514,13,incluido,0.0
1,SVD,ajustado,713,25,1623,1,incluido,0.0
1,SVD,ajustado,714,36,1612,3,incluido,0.1
1,SVD,ajustado,715,123,1525,22,incluido,0.1
1,SVD,ajustado,716,221,1427,34,incluido,0.1
1,SVD,ajustado,717,71,1577,11,incluido,0.0
1,SVD,ajustado,718,31,1617,5,incluido,0.0
1,SVD,ajustado,719,56,1592,3,incluido,0.0
1,SVD,ajustado,720,25,1623,4,incluido,0.0
1,SVD,ajustado,721,132,1516,12,incluido,0.2
1,SVD,ajustado,722,33,1615,4,incluido,0.0
1,SVD,ajustado,723,21,1627,0,sem_relevante_elegivel,
1,SVD,ajustado,724,69,1579,8,incluido,0.2
1,SVD,ajustado,725,20,1628,5,incluido,0.0
1,SVD,ajustado,726,24,1624,0,sem_relevante_elegivel,
1,SVD,ajustado,727,261,1387,18,incluido,0.0
1,SVD,ajustado,728,21,1627,2,incluido,0.0
1,SVD,ajustado,729,17,1631,3,incluido,0.0
1,SVD,ajustado,730,33,1615,3,incluido,0.0
1,SVD,ajustado,731,68,1580,7,incluido,0.0
1,SVD,ajustado,732,13,1635,6,incluido,0.0
1,SVD,ajustado,733,86,1562,8,incluido,0.0
1,SVD,ajustado,734,49,1599,11,incluido,0.2
1,SVD,ajustado,735,44,1604,4,incluido,0.0
1,SVD,ajustado,736,17,1631,5,incluido,0.1
1,SVD,ajustado,737,27,1621,6,incluido,0.0
1,SVD,ajustado,738,119,1529,18,incluido,0.1
1,SVD,ajustado,739,29,1619,4,incluido,0.0
1,SVD,ajustado,740,12,1636,5,incluido,0.0
1,SVD,ajustado,741,88,1560,7,incluido,0.0
1,SVD,ajustado,742,21,1627,2,incluido,0.0
1,SVD,ajustado,743,25,1623,5,incluido,0.0
1,SVD,ajustado,744,25,1623,2,incluido,0.1
1,SVD,ajustado,745,47,1601,4,incluido,0.0
1,SVD,ajustado,746,57,1591,6,incluido,0.1
1,SVD,ajustado,747,239,1409,29,incluido,0.3
1,SVD,ajustado,748,87,1561,11,incluido,0.2
1,SVD,ajustado,749,234,1414,43,incluido,0.2
1,SVD,ajustado,750,26,1622,2,incluido,0.0
1,SVD,ajustado,751,138,1510,20,incluido,0.3
1,SVD,ajustado,752,59,1589,8,incluido,0.0
1,SVD,ajustado,753,48,1600,4,incluido,0.1
1,SVD,ajustado,754,28,1620,3,incluido,0.1
1,SVD,ajustado,755,28,1620,4,incluido,0.0
1,SVD,ajustado,756,90,1558,7,incluido,0.0
1,SVD,ajustado,757,125,1523,14,incluido,0.0
1,SVD,ajustado,758,293,1355,42,incluido,0.4
1,SVD,ajustado,759,30,1618,2,incluido,0.0
1,SVD,ajustado,760,36,1612,3,incluido,0.0
1,SVD,ajustado,761,46,1602,8,incluido,0.1
1,SVD,ajustado,762,17,1631,2,incluido,0.0
1,SVD,ajustado,763,114,1534,9,incluido,0.0
1,SVD,ajustado,764,79,1569,20,incluido,0.1
1,SVD,ajustado,765,22,1626,1,incluido,0.0
1,SVD,ajustado,766,136,1512,14,incluido,0.3
1,SVD,ajustado,767,32,1616,5,incluido,0.0
1,SVD,ajustado,768,51,1597,8,incluido,0.1
1,SVD,ajustado,769,26,1622,0,sem_relevante_elegivel,
1,SVD,ajustado,770,49,1599,14,incluido,0.0
1,SVD,ajustado,771,55,1593,12,incluido,0.1
1,SVD,ajustado,772,21,1627,9,incluido,0.0
1,SVD,ajustado,773,130,1518,18,incluido,0.1
1,SVD,ajustado,774,180,1468,7,incluido,0.2
1,SVD,ajustado,775,24,1624,2,incluido,0.0
1,SVD,ajustado,776,80,1568,12,incluido,0.1
1,SVD,ajustado,777,30,1618,6,incluido,0.0
1,SVD,ajustado,778,55,1593,6,incluido,0.0
1,SVD,ajustado,779,35,1613,2,incluido,0.0
1,SVD,ajustado,780,48,1600,3,incluido,0.0
1,SVD,ajustado,781,37,1611,4,incluido,0.1
1,SVD,ajustado,782,192,1456,8,incluido,0.0
1,SVD,ajustado,783,26,1622,2,incluido,0.0
1,SVD,ajustado,784,33,1615,4,incluido,0.0
1,SVD,ajustado,785,25,1623,2,incluido,0.1
1,SVD,ajustado,786,99,1549,14,incluido,0.0
1,SVD,ajustado,787,45,1603,6,incluido,0.0
1,SVD,ajustado,788,206,1442,22,incluido,0.1
1,SVD,ajustado,789,24,1624,5,incluido,0.0
1,SVD,ajustado,790,191,1457,12,incluido,0.0
1,SVD,ajustado,791,18,1630,3,incluido,0.0
1,SVD,ajustado,792,41,1607,2,incluido,0.0
1,SVD,ajustado,793,46,1602,3,incluido,0.0
1,SVD,ajustado,794,32,1616,6,incluido,0.0
1,SVD,ajustado,795,114,1534,16,incluido,0.0
1,SVD,ajustado,796,284,1364,45,incluido,0.6
1,SVD,ajustado,797,24,1624,0,sem_relevante_elegivel,
1,SVD,ajustado,798,191,1457,20,incluido,0.1
1,SVD,ajustado,799,19,1629,5,incluido,0.0
1,SVD,ajustado,800,19,1629,6,incluido,0.0
1,SVD,ajustado,801,19,1629,4,incluido,0.0
1,SVD,ajustado,802,56,1592,8,incluido,0.0
1,SVD,ajustado,803,23,1625,7,incluido,0.0
1,SVD,ajustado,804,261,1387,45,incluido,0.1
1,SVD,ajustado,805,223,1425,23,incluido,0.1
1,SVD,ajustado,806,103,1545,18,incluido,0.4
1,SVD,ajustado,807,160,1488,32,incluido,0.2
1,SVD,ajustado,808,20,1628,3,incluido,0.0
1,SVD,ajustado,809,17,1631,2,incluido,0.0
1,SVD,ajustado,810,25,1623,1,incluido,0.0
1,SVD,ajustado,811,17,1631,2,incluido,0.0
1,SVD,ajustado,812,16,1632,1,incluido,0.0
1,SVD,ajustado,813,25,1623,2,incluido,0.0
1,SVD,ajustado,814,27,1621,2,incluido,0.0
1,SVD,ajustado,815,144,1504,28,incluido,0.1
1,SVD,ajustado,816,22,1626,3,incluido,0.1
1,SVD,ajustado,817,32,1616,3,incluido,0.0
1,SVD,ajustado,818,18,1630,2,incluido,0.0
1,SVD,ajustado,819,25,1623,3,incluido,0.0
1,SVD,ajustado,820,14,1634,2,incluido,0.0
1,SVD,ajustado,821,45,1603,15,incluido,0.0
1,SVD,ajustado,822,17,1631,7,incluido,0.2
1,SVD,ajustado,823,151,1497,25,incluido,0.2
1,SVD,ajustado,824,16,1632,1,incluido,0.0
1,SVD,ajustado,825,120,1528,19,incluido,0.0
1,SVD,ajustado,826,100,1548,9,incluido,0.0
1,SVD,ajustado,827,23,1625,1,incluido,0.0
1,SVD,ajustado,828,89,1559,11,incluido,0.0
1,SVD,ajustado,829,51,1597,9,incluido,0.1
1,SVD,ajustado,830,78,1570,16,incluido,0.1
1,SVD,ajustado,831,57,1591,10,incluido,0.0
1,SVD,ajustado,832,20,1628,2,incluido,0.0
1,SVD,ajustado,833,214,1434,22,incluido,0.1
1,SVD,ajustado,834,46,1602,6,incluido,0.1
1,SVD,ajustado,835,81,1567,16,incluido,0.0
1,SVD,ajustado,836,42,1606,5,incluido,0.1
1,SVD,ajustado,837,41,1607,1,incluido,0.0
1,SVD,ajustado,838,76,1572,14,incluido,0.0
1,SVD,ajustado,839,46,1602,3,incluido,0.0
1,SVD,ajustado,840,157,1491,33,incluido,0.2
1,SVD,ajustado,841,23,1625,7,incluido,0.0
1,SVD,ajustado,842,20,1628,4,incluido,0.0
1,SVD,ajustado,843,157,1491,10,incluido,0.0
1,SVD,ajustado,844,64,1584,8,incluido,0.1
1,SVD,ajustado,845,26,1622,3,incluido,0.0
1,SVD,ajustado,846,322,1326,51,incluido,0.4
1,SVD,ajustado,847,114,1534,12,incluido,0.1
1,SVD,ajustado,848,119,1529,23,incluido,0.2
1,SVD,ajustado,849,16,1632,7,incluido,0.0
1,SVD,ajustado,850,36,1612,15,incluido,0.2
1,SVD,ajustado,851,170,1478,17,incluido,0.1
1,SVD,ajustado,852,48,1600,0,sem_relevante_elegivel,
1,SVD,ajustado,853,35,1613,1,incluido,0.0
1,SVD,ajustado,854,165,1483,21,incluido,0.2
1,SVD,ajustado,855,14,1634,5,incluido,0.0
1,SVD,ajustado,856,20,1628,4,incluido,0.1
1,SVD,ajustado,857,17,1631,3,incluido,0.0
1,SVD,ajustado,858,17,1631,2,incluido,0.0
1,SVD,ajustado,859,33,1615,5,incluido,0.0
1,SVD,ajustado,860,54,1594,6,incluido,0.0
1,SVD,ajustado,861,37,1611,4,incluido,0.0
1,SVD,ajustado,862,135,1513,25,incluido,0.0
1,SVD,ajustado,863,88,1560,6,incluido,0.0
1,SVD,ajustado,864,225,1423,47,incluido,0.6
1,SVD,ajustado,865,46,1602,5,incluido,0.1
1,SVD,ajustado,866,17,1631,1,incluido,0.0
1,SVD,ajustado,867,68,1580,20,incluido,0.2
1,SVD,ajustado,868,160,1488,19,incluido,0.3
1,SVD,ajustado,869,38,1610,6,incluido,0.1
1,SVD,ajustado,870,215,1433,33,incluido,0.5
1,SVD,ajustado,871,85,1563,10,incluido,0.3
1,SVD,ajustado,872,53,1595,11,incluido,0.0
1,SVD,ajustado,873,13,1635,4,incluido,0.0
1,SVD,ajustado,874,27,1621,6,incluido,0.0
1,SVD,ajustado,875,64,1584,21,incluido,0.2
1,SVD,ajustado,876,17,1631,3,incluido,0.0
1,SVD,ajustado,877,65,1583,14,incluido,0.0
1,SVD,ajustado,878,109,1539,13,incluido,0.1
1,SVD,ajustado,879,23,1625,3,incluido,0.0
1,SVD,ajustado,880,316,1332,27,incluido,0.0
1,SVD,ajustado,881,213,1435,23,incluido,0.1
1,SVD,ajustado,882,107,1541,22,incluido,0.3
1,SVD,ajustado,883,207,1441,45,incluido,0.2
1,SVD,ajustado,884,38,1610,4,incluido,0.0
1,SVD,ajustado,885,79,1569,5,incluido,0.0
1,SVD,ajustado,886,197,1451,26,incluido,0.3
1,SVD,ajustado,887,132,1516,23,incluido,0.0
1,SVD,ajustado,888,17,1631,3,incluido,0.0
1,SVD,ajustado,889,264,1384,30,incluido,0.2
1,SVD,ajustado,890,94,1554,13,incluido,0.1
1,SVD,ajustado,891,38,1610,7,incluido,0.0
1,SVD,ajustado,892,175,1473,38,incluido,0.3
1,SVD,ajustado,893,49,1599,6,incluido,0.0
1,SVD,ajustado,894,201,1447,33,incluido,0.0
1,SVD,ajustado,895,16,1632,3,incluido,0.0
1,SVD,ajustado,896,286,1362,20,incluido,0.4
1,SVD,ajustado,897,152,1496,20,incluido,0.0
1,SVD,ajustado,898,26,1622,2,incluido,0.0
1,SVD,ajustado,899,104,1544,19,incluido,0.1
1,SVD,ajustado,900,34,1614,2,incluido,0.1
1,SVD,ajustado,901,97,1551,17,incluido,0.2
1,SVD,ajustado,902,40,1608,4,incluido,0.0
1,SVD,ajustado,903,111,1537,18,incluido,0.2
1,SVD,ajustado,904,37,1611,6,incluido,0.0
1,SVD,ajustado,905,33,1615,2,incluido,0.0
1,SVD,ajustado,906,37,1611,2,incluido,0.0
1,SVD,ajustado,907,117,1531,29,incluido,0.0
1,SVD,ajustado,908,56,1592,7,incluido,0.0
1,SVD,ajustado,909,21,1627,5,incluido,0.0
1,SVD,ajustado,910,46,1602,8,incluido,0.1
1,SVD,ajustado,911,75,1573,15,incluido,0.0
1,SVD,ajustado,912,42,1606,8,incluido,0.0
1,SVD,ajustado,913,101,1547,17,incluido,0.2
1,SVD,ajustado,914,18,1630,1,incluido,0.0
1,SVD,ajustado,915,22,1626,1,incluido,0.0
1,SVD,ajustado,916,254,1394,29,incluido,0.1
1,SVD,ajustado,917,29,1619,1,incluido,0.0
1,SVD,ajustado,918,86,1562,10,incluido,0.0
1,SVD,ajustado,919,177,1471,21,incluido,0.1
1,SVD,ajustado,920,17,1631,1,incluido,0.0
1,SVD,ajustado,921,91,1557,8,incluido,0.0
1,SVD,ajustado,922,100,1548,10,incluido,0.0
1,SVD,ajustado,923,60,1588,12,incluido,0.0
1,SVD,ajustado,924,61,1587,13,incluido,0.2
1,SVD,ajustado,925,23,1625,4,incluido,0.0
1,SVD,ajustado,926,14,1634,1,incluido,0.0
1,SVD,ajustado,927,102,1546,10,incluido,0.0
1,SVD,ajustado,928,25,1623,7,incluido,0.0
1,SVD,ajustado,929,43,1605,2,incluido,0.0
1,SVD,ajustado,930,50,1598,4,incluido,0.0
1,SVD,ajustado,931,50,1598,8,incluido,0.0
1,SVD,ajustado,932,198,1450,28,incluido,0.3
1,SVD,ajustado,933,154,1494,10,incluido,0.1
1,SVD,ajustado,934,143,1505,23,incluido,0.0
1,SVD,ajustado,935,35,1613,2,incluido,0.0
1,SVD,ajustado,936,104,1544,21,incluido,0.0
1,SVD,ajustado,937,32,1616,5,incluido,0.0
1,SVD,ajustado,938,88,1560,10,incluido,0.0
1,SVD,ajustado,939,41,1607,6,incluido,0.0
1,SVD,ajustado,940,83,1565,11,incluido,0.1
1,SVD,ajustado,941,20,1628,2,incluido,0.0
1,SVD,ajustado,942,61,1587,14,incluido,0.0
1,SVD,ajustado,943,134,1514,18,incluido,0.3
2,SVD,inicial,1,220,1426,30,incluido,0.2
2,SVD,inicial,2,51,1595,8,incluido,0.0
2,SVD,inicial,3,46,1600,3,incluido,0.0
2,SVD,inicial,4,20,1626,3,incluido,0.0
2,SVD,inicial,5,136,1510,16,incluido,0.0
2,SVD,inicial,6,171,1475,20,incluido,0.3
2,SVD,inicial,7,320,1326,55,incluido,0.4
2,SVD,inicial,8,40,1606,12,incluido,0.0
2,SVD,inicial,9,20,1626,1,incluido,0.0
2,SVD,inicial,10,148,1498,35,incluido,0.2
2,SVD,inicial,11,153,1493,14,incluido,0.0
2,SVD,inicial,12,42,1604,9,incluido,0.2
2,SVD,inicial,13,508,1138,56,incluido,0.5
2,SVD,inicial,14,74,1572,18,incluido,0.1
2,SVD,inicial,15,80,1566,8,incluido,0.0
2,SVD,inicial,16,114,1532,20,incluido,0.1
2,SVD,inicial,17,26,1620,0,sem_relevante_elegivel,
2,SVD,inicial,18,214,1432,36,incluido,0.3
2,SVD,inicial,19,15,1631,1,incluido,0.0
2,SVD,inicial,20,42,1604,2,incluido,0.0
2,SVD,inicial,21,133,1513,12,incluido,0.2
2,SVD,inicial,22,91,1555,20,incluido,0.0
2,SVD,inicial,23,109,1537,27,incluido,0.2
2,SVD,inicial,24,56,1590,10,incluido,0.0
2,SVD,inicial,25,62,1584,15,incluido,0.1
2,SVD,inicial,26,89,1557,3,incluido,0.0
2,SVD,inicial,27,20,1626,0,sem_relevante_elegivel,
2,SVD,inicial,28,62,1584,11,incluido,0.0
2,SVD,inicial,29,32,1614,2,incluido,0.0
2,SVD,inicial,30,34,1612,4,incluido,0.0
2,SVD,inicial,31,30,1616,5,incluido,0.0
2,SVD,inicial,32,38,1608,2,incluido,0.0
2,SVD,inicial,33,24,1622,0,sem_relevante_elegivel,
2,SVD,inicial,34,19,1627,1,incluido,0.0
2,SVD,inicial,35,20,1626,4,incluido,0.0
2,SVD,inicial,36,17,1629,2,incluido,0.0
2,SVD,inicial,37,43,1603,9,incluido,0.1
2,SVD,inicial,38,101,1545,12,incluido,0.0
2,SVD,inicial,39,19,1627,1,incluido,0.0
2,SVD,inicial,40,29,1617,2,incluido,0.0
2,SVD,inicial,41,38,1608,11,incluido,0.0
2,SVD,inicial,42,154,1492,21,incluido,0.1
2,SVD,inicial,43,180,1466,29,incluido,0.0
2,SVD,inicial,44,127,1519,15,incluido,0.2
2,SVD,inicial,45,35,1611,8,incluido,0.0
2,SVD,inicial,46,24,1622,2,incluido,0.0
2,SVD,inicial,47,18,1628,6,incluido,0.0
2,SVD,inicial,48,55,1591,7,incluido,0.0
2,SVD,inicial,49,181,1465,11,incluido,0.1
2,SVD,inicial,50,20,1626,1,incluido,0.0
2,SVD,inicial,51,18,1628,3,incluido,0.0
2,SVD,inicial,52,41,1605,13,incluido,0.1
2,SVD,inicial,53,23,1623,5,incluido,0.0
2,SVD,inicial,54,53,1593,8,incluido,0.1
2,SVD,inicial,55,11,1635,5,incluido,0.0
2,SVD,inicial,56,154,1492,18,incluido,0.0
2,SVD,inicial,57,86,1560,10,incluido,0.0
2,SVD,inicial,58,122,1524,20,incluido,0.1
2,SVD,inicial,59,320,1326,44,incluido,0.2
2,SVD,inicial,60,169,1477,30,incluido,0.2
2,SVD,inicial,61,15,1631,2,incluido,0.0
2,SVD,inicial,62,191,1455,18,incluido,0.2
2,SVD,inicial,63,70,1576,7,incluido,0.0
2,SVD,inicial,64,153,1493,30,incluido,0.2
2,SVD,inicial,65,62,1584,14,incluido,0.1
2,SVD,inicial,66,27,1619,6,incluido,0.0
2,SVD,inicial,67,25,1621,1,incluido,0.0
2,SVD,inicial,68,28,1618,3,incluido,0.1
2,SVD,inicial,69,49,1597,9,incluido,0.0
2,SVD,inicial,70,101,1545,14,incluido,0.2
2,SVD,inicial,71,30,1616,7,incluido,0.0
2,SVD,inicial,72,107,1539,27,incluido,0.2
2,SVD,inicial,73,58,1588,6,incluido,0.1
2,SVD,inicial,74,30,1616,5,incluido,0.0
2,SVD,inicial,75,62,1584,7,incluido,0.1
2,SVD,inicial,76,68,1578,10,incluido,0.1
2,SVD,inicial,77,51,1595,11,incluido,0.1
2,SVD,inicial,78,17,1629,2,incluido,0.0
2,SVD,inicial,79,46,1600,7,incluido,0.0
2,SVD,inicial,80,22,1624,6,incluido,0.1
2,SVD,inicial,81,52,1594,1,incluido,0.0
2,SVD,inicial,82,137,1509,16,incluido,0.4
2,SVD,inicial,83,120,1526,21,incluido,0.0
2,SVD,inicial,84,54,1592,12,incluido,0.0
2,SVD,inicial,85,226,1420,42,incluido,0.2
2,SVD,inicial,86,20,1626,2,incluido,0.0
2,SVD,inicial,87,150,1496,35,incluido,0.2
2,SVD,inicial,88,16,1630,4,incluido,0.0
2,SVD,inicial,89,57,1589,14,incluido,0.0
2,SVD,inicial,90,234,1412,53,incluido,0.4
2,SVD,inicial,91,82,1564,10,incluido,0.2
2,SVD,inicial,92,317,1329,24,incluido,0.1
2,SVD,inicial,93,15,1631,3,incluido,0.0
2,SVD,inicial,94,319,1327,49,incluido,0.4
2,SVD,inicial,95,220,1426,27,incluido,0.1
2,SVD,inicial,96,47,1599,7,incluido,0.1
2,SVD,inicial,97,48,1598,13,incluido,0.0
2,SVD,inicial,98,22,1624,1,incluido,0.0
2,SVD,inicial,99,106,1540,17,incluido,0.0
2,SVD,inicial,100,45,1601,6,incluido,0.0
2,SVD,inicial,101,50,1596,4,incluido,0.0
2,SVD,inicial,102,175,1471,7,incluido,0.0
2,SVD,inicial,103,24,1622,2,incluido,0.0
2,SVD,inicial,104,80,1566,9,incluido,0.0
2,SVD,inicial,105,22,1624,1,incluido,0.0
2,SVD,inicial,106,55,1591,5,incluido,0.0
2,SVD,inicial,107,14,1632,3,incluido,0.0
2,SVD,inicial,108,24,1622,7,incluido,0.1
2,SVD,inicial,109,185,1461,22,incluido,0.0
2,SVD,inicial,110,109,1537,6,incluido,0.0
2,SVD,inicial,111,20,1626,3,incluido,0.0
2,SVD,inicial,112,39,1607,4,incluido,0.0
2,SVD,inicial,113,39,1607,6,incluido,0.0
2,SVD,inicial,114,39,1607,6,incluido,0.1
2,SVD,inicial,115,75,1571,12,incluido,0.0
2,SVD,inicial,116,115,1531,7,incluido,0.0
2,SVD,inicial,117,66,1580,13,incluido,0.0
2,SVD,inicial,118,50,1596,20,incluido,0.0
2,SVD,inicial,119,150,1496,22,incluido,0.1
2,SVD,inicial,120,21,1625,3,incluido,0.0
2,SVD,inicial,121,62,1584,6,incluido,0.0
2,SVD,inicial,122,52,1594,7,incluido,0.0
2,SVD,inicial,123,46,1600,8,incluido,0.2
2,SVD,inicial,124,19,1627,4,incluido,0.0
2,SVD,inicial,125,151,1495,16,incluido,0.4
2,SVD,inicial,126,32,1614,10,incluido,0.0
2,SVD,inicial,127,20,1626,2,incluido,0.0
2,SVD,inicial,128,141,1505,25,incluido,0.1
2,SVD,inicial,129,24,1622,3,incluido,0.0
2,SVD,inicial,130,278,1368,51,incluido,0.4
2,SVD,inicial,131,23,1623,5,incluido,0.0
2,SVD,inicial,132,19,1627,2,incluido,0.0
2,SVD,inicial,133,21,1625,1,incluido,0.0
2,SVD,inicial,134,20,1626,3,incluido,0.0
2,SVD,inicial,135,43,1603,3,incluido,0.0
2,SVD,inicial,136,28,1618,7,incluido,0.0
2,SVD,inicial,137,37,1609,6,incluido,0.0
2,SVD,inicial,138,40,1606,9,incluido,0.0
2,SVD,inicial,139,17,1629,3,incluido,0.1
2,SVD,inicial,140,15,1631,2,incluido,0.0
2,SVD,inicial,141,93,1553,7,incluido,0.0
2,SVD,inicial,142,26,1620,3,incluido,0.1
2,SVD,inicial,143,17,1629,2,incluido,0.1
2,SVD,inicial,144,169,1477,25,incluido,0.0
2,SVD,inicial,145,260,1386,28,incluido,0.0
2,SVD,inicial,146,23,1623,2,incluido,0.0
2,SVD,inicial,147,18,1628,2,incluido,0.0
2,SVD,inicial,148,54,1592,9,incluido,0.0
2,SVD,inicial,149,32,1614,2,incluido,0.0
2,SVD,inicial,150,27,1619,3,incluido,0.0
2,SVD,inicial,151,242,1404,49,incluido,0.2
2,SVD,inicial,152,78,1568,26,incluido,0.0
2,SVD,inicial,153,21,1625,0,sem_relevante_elegivel,
2,SVD,inicial,154,38,1608,12,incluido,0.1
2,SVD,inicial,155,16,1630,1,incluido,0.0
2,SVD,inicial,156,29,1617,5,incluido,0.0
2,SVD,inicial,157,37,1609,8,incluido,0.0
2,SVD,inicial,158,139,1507,25,incluido,0.1
2,SVD,inicial,159,90,1556,10,incluido,0.0
2,SVD,inicial,160,98,1548,19,incluido,0.1
2,SVD,inicial,161,47,1599,0,sem_relevante_elegivel,
2,SVD,inicial,162,31,1615,4,incluido,0.0
2,SVD,inicial,163,19,1627,1,incluido,0.1
2,SVD,inicial,164,52,1594,8,incluido,0.0
2,SVD,inicial,165,25,1621,4,incluido,0.1
2,SVD,inicial,166,16,1630,2,incluido,0.0
2,SVD,inicial,167,51,1595,11,incluido,0.0
2,SVD,inicial,168,59,1587,5,incluido,0.1
2,SVD,inicial,169,29,1617,5,incluido,0.1
2,SVD,inicial,170,18,1628,2,incluido,0.0
2,SVD,inicial,171,22,1624,3,incluido,0.0
2,SVD,inicial,172,21,1625,1,incluido,0.0
2,SVD,inicial,173,38,1608,4,incluido,0.0
2,SVD,inicial,174,144,1502,22,incluido,0.0
2,SVD,inicial,175,32,1614,5,incluido,0.0
2,SVD,inicial,176,50,1596,7,incluido,0.0
2,SVD,inicial,177,86,1560,19,incluido,0.2
2,SVD,inicial,178,216,1430,34,incluido,0.1
2,SVD,inicial,179,34,1612,4,incluido,0.0
2,SVD,inicial,180,50,1596,10,incluido,0.0
2,SVD,inicial,181,352,1294,4,incluido,0.0
2,SVD,inicial,182,23,1623,4,incluido,0.0
2,SVD,inicial,183,41,1605,4,incluido,0.0
2,SVD,inicial,184,218,1428,16,incluido,0.1
2,SVD,inicial,185,34,1612,13,incluido,0.2
2,SVD,inicial,186,80,1566,5,incluido,0.0
2,SVD,inicial,187,46,1600,7,incluido,0.0
2,SVD,inicial,188,95,1551,12,incluido,0.1
2,SVD,inicial,189,137,1509,35,incluido,0.2
2,SVD,inicial,190,51,1595,3,incluido,0.0
2,SVD,inicial,191,21,1625,2,incluido,0.0
2,SVD,inicial,192,25,1621,7,incluido,0.0
2,SVD,inicial,193,96,1550,11,incluido,0.0
2,SVD,inicial,194,239,1407,23,incluido,0.4
2,SVD,inicial,195,79,1567,8,incluido,0.0
2,SVD,inicial,196,26,1620,8,incluido,0.0
2,SVD,inicial,197,100,1546,7,incluido,0.1
2,SVD,inicial,198,155,1491,12,incluido,0.1
2,SVD,inicial,199,33,1613,4,incluido,0.1
2,SVD,inicial,200,177,1469,27,incluido,0.0
2,SVD,inicial,201,297,1349,32,incluido,0.4
2,SVD,inicial,202,16,1630,2,incluido,0.0
2,SVD,inicial,203,34,1612,2,incluido,0.0
2,SVD,inicial,204,29,1617,9,incluido,0.1
2,SVD,inicial,205,20,1626,1,incluido,0.0
2,SVD,inicial,206,54,1592,0,sem_relevante_elegivel,
2,SVD,inicial,207,191,1455,17,incluido,0.1
2,SVD,inicial,208,27,1619,6,incluido,0.0
2,SVD,inicial,209,23,1623,5,incluido,0.1
2,SVD,inicial,210,95,1551,32,incluido,0.0
2,SVD,inicial,211,29,1617,2,incluido,0.0
2,SVD,inicial,212,20,1626,3,incluido,0.0
2,SVD,inicial,213,105,1541,19,incluido,0.0
2,SVD,inicial,214,107,1539,14,incluido,0.3
2,SVD,inicial,215,79,1567,11,incluido,0.3
2,SVD,inicial,216,104,1542,18,incluido,0.1
2,SVD,inicial,217,67,1579,6,incluido,0.0
2,SVD,inicial,218,44,1602,4,incluido,0.0
2,SVD,inicial,219,19,1627,7,incluido,0.0
2,SVD,inicial,220,19,1627,3,incluido,0.0
2,SVD,inicial,221,122,1524,16,incluido,0.1
2,SVD,inicial,222,307,1339,26,incluido,0.0
2,SVD,inicial,223,82,1564,10,incluido,0.0
2,SVD,inicial,224,107,1539,10,incluido,0.0
2,SVD,inicial,225,18,1628,8,incluido,0.1
2,SVD,inicial,226,34,1612,11,incluido,0.2
2,SVD,inicial,227,44,1602,9,incluido,0.0
2,SVD,inicial,228,19,1627,1,incluido,0.0
2,SVD,inicial,229,27,1619,2,incluido,0.0
2,SVD,inicial,230,106,1540,15,incluido,0.0
2,SVD,inicial,231,20,1626,1,incluido,0.0
2,SVD,inicial,232,73,1573,14,incluido,0.1
2,SVD,inicial,233,83,1563,24,incluido,0.2
2,SVD,inicial,234,395,1251,27,incluido,0.2
2,SVD,inicial,235,75,1571,17,incluido,0.2
2,SVD,inicial,236,105,1541,12,incluido,0.0
2,SVD,inicial,237,34,1612,12,incluido,0.2
2,SVD,inicial,238,22,1624,5,incluido,0.0
2,SVD,inicial,239,122,1524,30,incluido,0.1
2,SVD,inicial,240,22,1624,2,incluido,0.0
2,SVD,inicial,241,19,1627,3,incluido,0.0
2,SVD,inicial,242,15,1631,5,incluido,0.0
2,SVD,inicial,243,64,1582,12,incluido,0.2
2,SVD,inicial,244,192,1454,29,incluido,0.2
2,SVD,inicial,245,15,1631,3,incluido,0.0
2,SVD,inicial,246,161,1485,11,incluido,0.0
2,SVD,inicial,247,22,1624,2,incluido,0.0
2,SVD,inicial,248,45,1601,4,incluido,0.0
2,SVD,inicial,249,129,1517,23,incluido,0.2
2,SVD,inicial,250,103,1543,13,incluido,0.0
2,SVD,inicial,251,60,1586,9,incluido,0.1
2,SVD,inicial,252,16,1630,4,incluido,0.0
2,SVD,inicial,253,82,1564,11,incluido,0.2
2,SVD,inicial,254,130,1516,8,incluido,0.0
2,SVD,inicial,255,64,1582,7,incluido,0.1
2,SVD,inicial,256,162,1484,32,incluido,0.1
2,SVD,inicial,257,46,1600,10,incluido,0.0
2,SVD,inicial,258,18,1628,4,incluido,0.0
2,SVD,inicial,259,35,1611,9,incluido,0.0
2,SVD,inicial,260,21,1625,3,incluido,0.0
2,SVD,inicial,261,20,1626,6,incluido,0.0
2,SVD,inicial,262,131,1515,8,incluido,0.0
2,SVD,inicial,263,97,1549,17,incluido,0.1
2,SVD,inicial,264,107,1539,7,incluido,0.0
2,SVD,inicial,265,38,1608,6,incluido,0.0
2,SVD,inicial,266,21,1625,1,incluido,0.0
2,SVD,inicial,267,148,1498,27,incluido,0.4
2,SVD,inicial,268,266,1380,25,incluido,0.1
2,SVD,inicial,269,261,1385,25,incluido,0.4
2,SVD,inicial,270,109,1537,28,incluido,0.0
2,SVD,inicial,271,229,1417,26,incluido,0.4
2,SVD,inicial,272,39,1607,11,incluido,0.1
2,SVD,inicial,273,19,1627,1,incluido,0.0
2,SVD,inicial,274,60,1586,9,incluido,0.0
2,SVD,inicial,275,74,1572,6,incluido,0.1
2,SVD,inicial,276,427,1219,46,incluido,0.1
2,SVD,inicial,277,40,1606,8,incluido,0.0
2,SVD,inicial,278,19,1627,4,incluido,0.0
2,SVD,inicial,279,348,1298,41,incluido,0.1
2,SVD,inicial,280,198,1448,29,incluido,0.0
2,SVD,inicial,281,21,1625,3,incluido,0.0
2,SVD,inicial,282,18,1628,3,incluido,0.0
2,SVD,inicial,283,45,1601,8,incluido,0.0
2,SVD,inicial,284,41,1605,1,incluido,0.0
2,SVD,inicial,285,29,1617,2,incluido,0.0
2,SVD,inicial,286,239,1407,30,incluido,0.1
2,SVD,inicial,287,47,1599,9,incluido,0.1
2,SVD,inicial,288,62,1584,11,incluido,0.1
2,SVD,inicial,289,22,1624,1,incluido,0.0
2,SVD,inicial,290,121,1525,7,incluido,0.0
2,SVD,inicial,291,235,1411,39,incluido,0.0
2,SVD,inicial,292,107,1539,14,incluido,0.1
2,SVD,inicial,293,301,1345,27,incluido,0.6
2,SVD,inicial,294,124,1522,14,incluido,0.0
2,SVD,inicial,295,153,1493,42,incluido,0.1
2,SVD,inicial,296,125,1521,19,incluido,0.2
2,SVD,inicial,297,154,1492,21,incluido,0.1
2,SVD,inicial,298,103,1543,18,incluido,0.1
2,SVD,inicial,299,216,1430,35,incluido,0.3
2,SVD,inicial,300,17,1629,3,incluido,0.0
2,SVD,inicial,301,215,1431,36,incluido,0.3
2,SVD,inicial,302,16,1630,0,sem_relevante_elegivel,
2,SVD,inicial,303,385,1261,58,incluido,0.4
2,SVD,inicial,304,23,1623,1,incluido,0.0
2,SVD,inicial,305,175,1471,24,incluido,0.1
2,SVD,inicial,306,22,1624,7,incluido,0.0
2,SVD,inicial,307,91,1555,14,incluido,0.0
2,SVD,inicial,308,323,1323,51,incluido,0.5
2,SVD,inicial,309,14,1632,2,incluido,0.0
2,SVD,inicial,310,14,1632,4,incluido,0.0
2,SVD,inicial,311,236,1410,40,incluido,0.3
2,SVD,inicial,312,190,1456,26,incluido,0.2
2,SVD,inicial,313,212,1434,30,incluido,0.3
2,SVD,inicial,314,203,1443,26,incluido,0.2
2,SVD,inicial,315,66,1580,13,incluido,0.1
2,SVD,inicial,316,61,1585,7,incluido,0.0
2,SVD,inicial,317,18,1628,2,incluido,0.0
2,SVD,inicial,318,135,1511,29,incluido,0.0
2,SVD,inicial,319,18,1628,3,incluido,0.0
2,SVD,inicial,320,131,1515,14,incluido,0.0
2,SVD,inicial,321,99,1547,15,incluido,0.2
2,SVD,inicial,322,40,1606,10,incluido,0.1
2,SVD,inicial,323,72,1574,12,incluido,0.2
2,SVD,inicial,324,57,1589,8,incluido,0.0
2,SVD,inicial,325,111,1535,17,incluido,0.3
2,SVD,inicial,326,144,1502,22,incluido,0.5
2,SVD,inicial,327,226,1420,35,incluido,0.0
2,SVD,inicial,328,227,1419,30,incluido,0.2
2,SVD,inicial,329,52,1594,6,incluido,0.1
2,SVD,inicial,330,122,1524,21,incluido,0.1
2,SVD,inicial,331,56,1590,8,incluido,0.0
2,SVD,inicial,332,146,1500,26,incluido,0.3
2,SVD,inicial,333,23,1623,1,incluido,0.0
2,SVD,inicial,334,257,1389,44,incluido,0.4
2,SVD,inicial,335,13,1633,6,incluido,0.0
2,SVD,inicial,336,107,1539,5,incluido,0.0
2,SVD,inicial,337,24,1622,6,incluido,0.0
2,SVD,inicial,338,62,1584,10,incluido,0.2
2,SVD,inicial,339,197,1449,40,incluido,0.4
2,SVD,inicial,340,38,1608,6,incluido,0.0
2,SVD,inicial,341,17,1629,3,incluido,0.0
2,SVD,inicial,342,165,1481,18,incluido,0.0
2,SVD,inicial,343,197,1449,29,incluido,0.2
2,SVD,inicial,344,150,1496,25,incluido,0.3
2,SVD,inicial,345,179,1467,30,incluido,0.1
2,SVD,inicial,346,156,1490,17,incluido,0.2
2,SVD,inicial,347,161,1485,22,incluido,0.0
2,SVD,inicial,348,48,1598,7,incluido,0.0
2,SVD,inicial,349,37,1609,2,incluido,0.0
2,SVD,inicial,350,38,1608,9,incluido,0.1
2,SVD,inicial,351,33,1613,9,incluido,0.0
2,SVD,inicial,352,39,1607,2,incluido,0.0
2,SVD,inicial,353,21,1625,3,incluido,0.1
2,SVD,inicial,354,186,1460,30,incluido,0.1
2,SVD,inicial,355,22,1624,4,incluido,0.0
2,SVD,inicial,356,19,1627,2,incluido,0.0
2,SVD,inicial,357,59,1587,13,incluido,0.0
2,SVD,inicial,358,34,1612,5,incluido,0.0
2,SVD,inicial,359,23,1623,3,incluido,0.0
2,SVD,inicial,360,80,1566,15,incluido,0.2
2,SVD,inicial,361,102,1544,14,incluido,0.1
2,SVD,inicial,362,21,1625,3,incluido,0.0
2,SVD,inicial,363,247,1399,23,incluido,0.2
2,SVD,inicial,364,18,1628,1,incluido,0.0
2,SVD,inicial,365,52,1594,4,incluido,0.0
2,SVD,inicial,366,25,1621,7,incluido,0.1
2,SVD,inicial,367,46,1600,10,incluido,0.0
2,SVD,inicial,368,37,1609,5,incluido,0.0
2,SVD,inicial,369,16,1630,3,incluido,0.0
2,SVD,inicial,370,62,1584,10,incluido,0.2
2,SVD,inicial,371,41,1605,9,incluido,0.1
2,SVD,inicial,372,52,1594,13,incluido,0.1
2,SVD,inicial,373,189,1457,26,incluido,0.2
2,SVD,inicial,374,218,1428,29,incluido,0.1
2,SVD,inicial,375,24,1622,4,incluido,0.0
2,SVD,inicial,376,25,1621,4,incluido,0.0
2,SVD,inicial,377,23,1623,6,incluido,0.0
2,SVD,inicial,378,312,1334,33,incluido,0.2
2,SVD,inicial,379,161,1485,25,incluido,0.2
2,SVD,inicial,380,125,1521,20,incluido,0.3
2,SVD,inicial,381,107,1539,12,incluido,0.1
2,SVD,inicial,382,46,1600,2,incluido,0.0
2,SVD,inicial,383,54,1592,15,incluido,0.0
2,SVD,inicial,384,17,1629,5,incluido,0.1
2,SVD,inicial,385,224,1422,27,incluido,0.1
2,SVD,inicial,386,16,1630,4,incluido,0.1
2,SVD,inicial,387,234,1412,30,incluido,0.2
2,SVD,inicial,388,40,1606,9,incluido,0.0
2,SVD,inicial,389,215,1431,35,incluido,0.1
2,SVD,inicial,390,23,1623,7,incluido,0.0
2,SVD,inicial,391,95,1551,18,incluido,0.2
2,SVD,inicial,392,95,1551,15,incluido,0.1
2,SVD,inicial,393,348,1298,45,incluido,0.3
2,SVD,inicial,394,123,1523,18,incluido,0.1
2,SVD,inicial,395,47,1599,6,incluido,0.0
2,SVD,inicial,396,42,1604,4,incluido,0.0
2,SVD,inicial,397,85,1561,13,incluido,0.1
2,SVD,inicial,398,134,1512,19,incluido,0.1
2,SVD,inicial,399,255,1391,12,incluido,0.0
2,SVD,inicial,400,17,1629,3,incluido,0.0
2,SVD,inicial,401,119,1527,14,incluido,0.1
2,SVD,inicial,402,56,1590,8,incluido,0.0
2,SVD,inicial,403,43,1603,4,incluido,0.0
2,SVD,inicial,404,35,1611,4,incluido,0.0
2,SVD,inicial,405,602,1044,22,incluido,0.5
2,SVD,inicial,406,277,1369,29,incluido,0.3
2,SVD,inicial,407,167,1479,36,incluido,0.2
2,SVD,inicial,408,23,1623,2,incluido,0.0
2,SVD,inicial,409,156,1490,24,incluido,0.1
2,SVD,inicial,410,22,1624,2,incluido,0.0
2,SVD,inicial,411,46,1600,10,incluido,0.2
2,SVD,inicial,412,41,1605,8,incluido,0.0
2,SVD,inicial,413,39,1607,8,incluido,0.1
2,SVD,inicial,414,19,1627,4,incluido,0.1
2,SVD,inicial,415,17,1629,4,incluido,0.0
2,SVD,inicial,416,389,1257,67,incluido,0.4
2,SVD,inicial,417,291,1355,33,incluido,0.2
2,SVD,inicial,418,17,1629,0,sem_relevante_elegivel,
2,SVD,inicial,419,28,1618,4,incluido,0.0
2,SVD,inicial,420,30,1616,5,incluido,0.1
2,SVD,inicial,421,49,1597,9,incluido,0.2
2,SVD,inicial,422,74,1572,9,incluido,0.0
2,SVD,inicial,423,49,1597,9,incluido,0.0
2,SVD,inicial,424,39,1607,3,incluido,0.0
2,SVD,inicial,425,164,1482,14,incluido,0.2
2,SVD,inicial,426,84,1562,14,incluido,0.1
2,SVD,inicial,427,26,1620,4,incluido,0.0
2,SVD,inicial,428,37,1609,15,incluido,0.0
2,SVD,inicial,429,328,1318,47,incluido,0.2
2,SVD,inicial,430,56,1590,4,incluido,0.1
2,SVD,inicial,431,16,1630,3,incluido,0.0
2,SVD,inicial,432,46,1600,11,incluido,0.0
2,SVD,inicial,433,29,1617,5,incluido,0.0
2,SVD,inicial,434,33,1613,7,incluido,0.0
2,SVD,inicial,435,293,1353,38,incluido,0.1
2,SVD,inicial,436,114,1532,18,incluido,0.0
2,SVD,inicial,437,211,1435,30,incluido,0.2
2,SVD,inicial,438,28,1618,4,incluido,0.0
2,SVD,inicial,439,25,1621,3,incluido,0.0
2,SVD,inicial,440,35,1611,12,incluido,0.0
2,SVD,inicial,441,15,1631,2,incluido,0.0
2,SVD,inicial,442,120,1526,8,incluido,0.1
2,SVD,inicial,443,18,1628,2,incluido,0.0
2,SVD,inicial,444,17,1629,4,incluido,0.1
2,SVD,inicial,445,113,1533,4,incluido,0.0
2,SVD,inicial,446,28,1618,2,incluido,0.0
2,SVD,inicial,447,106,1540,19,incluido,0.2
2,SVD,inicial,448,34,1612,3,incluido,0.0
2,SVD,inicial,449,63,1583,9,incluido,0.1
2,SVD,inicial,450,434,1212,78,incluido,0.4
2,SVD,inicial,451,81,1565,5,incluido,0.0
2,SVD,inicial,452,166,1480,19,incluido,0.2
2,SVD,inicial,453,126,1520,12,incluido,0.1
2,SVD,inicial,454,193,1453,10,incluido,0.0
2,SVD,inicial,455,151,1495,22,incluido,0.2
2,SVD,inicial,456,169,1477,23,incluido,0.2
2,SVD,inicial,457,221,1425,46,incluido,0.1
2,SVD,inicial,458,147,1499,25,incluido,0.5
2,SVD,inicial,459,92,1554,13,incluido,0.1
2,SVD,inicial,460,53,1593,10,incluido,0.0
2,SVD,inicial,461,16,1630,3,incluido,0.0
2,SVD,inicial,462,30,1616,2,incluido,0.0
2,SVD,inicial,463,106,1540,13,incluido,0.0
2,SVD,inicial,464,42,1604,8,incluido,0.0
2,SVD,inicial,465,62,1584,11,incluido,0.3
2,SVD,inicial,466,80,1566,11,incluido,0.1
2,SVD,inicial,467,32,1614,6,incluido,0.0
2,SVD,inicial,468,118,1528,18,incluido,0.0
2,SVD,inicial,469,37,1609,6,incluido,0.1
2,SVD,inicial,470,40,1606,9,incluido,0.0
2,SVD,inicial,471,24,1622,2,incluido,0.0
2,SVD,inicial,472,220,1426,34,incluido,0.1
2,SVD,inicial,473,28,1618,4,incluido,0.0
2,SVD,inicial,474,269,1377,42,incluido,0.3
2,SVD,inicial,475,16,1630,2,incluido,0.0
2,SVD,inicial,476,65,1581,7,incluido,0.0
2,SVD,inicial,477,31,1615,4,incluido,0.0
2,SVD,inicial,478,86,1560,13,incluido,0.1
2,SVD,inicial,479,161,1485,20,incluido,0.3
2,SVD,inicial,480,47,1599,12,incluido,0.1
2,SVD,inicial,481,48,1598,6,incluido,0.0
2,SVD,inicial,482,21,1625,2,incluido,0.0
2,SVD,inicial,483,45,1601,4,incluido,0.0
2,SVD,inicial,484,112,1534,22,incluido,0.2
2,SVD,inicial,485,19,1627,3,incluido,0.0
2,SVD,inicial,486,151,1495,13,incluido,0.0
2,SVD,inicial,487,189,1457,24,incluido,0.1
2,SVD,inicial,488,129,1517,9,incluido,0.1
2,SVD,inicial,489,90,1556,15,incluido,0.0
2,SVD,inicial,490,43,1603,4,incluido,0.0
2,SVD,inicial,491,28,1618,3,incluido,0.1
2,SVD,inicial,492,45,1601,5,incluido,0.0
2,SVD,inicial,493,110,1536,14,incluido,0.1
2,SVD,inicial,494,43,1603,2,incluido,0.1
2,SVD,inicial,495,169,1477,28,incluido,0.1
2,SVD,inicial,496,98,1548,8,incluido,0.1
2,SVD,inicial,497,220,1426,27,incluido,0.1
2,SVD,inicial,498,119,1527,12,incluido,0.2
2,SVD,inicial,499,82,1564,12,incluido,0.0
2,SVD,inicial,500,185,1461,20,incluido,0.0
2,SVD,inicial,501,56,1590,11,incluido,0.0
2,SVD,inicial,502,30,1616,3,incluido,0.0
2,SVD,inicial,503,134,1512,21,incluido,0.0
2,SVD,inicial,504,199,1447,33,incluido,0.0
2,SVD,inicial,505,87,1559,8,incluido,0.0
2,SVD,inicial,506,187,1459,36,incluido,0.0
2,SVD,inicial,507,48,1598,9,incluido,0.0
2,SVD,inicial,508,73,1573,7,incluido,0.0
2,SVD,inicial,509,23,1623,1,incluido,0.0
2,SVD,inicial,510,24,1622,1,incluido,0.0
2,SVD,inicial,511,16,1630,5,incluido,0.0
2,SVD,inicial,512,19,1627,2,incluido,0.0
2,SVD,inicial,513,21,1625,1,incluido,0.0
2,SVD,inicial,514,148,1498,32,incluido,0.2
2,SVD,inicial,515,34,1612,3,incluido,0.0
2,SVD,inicial,516,15,1631,4,incluido,0.0
2,SVD,inicial,517,33,1613,4,incluido,0.0
2,SVD,inicial,518,57,1589,6,incluido,0.0
2,SVD,inicial,519,39,1607,7,incluido,0.0
2,SVD,inicial,520,22,1624,1,incluido,0.0
2,SVD,inicial,521,118,1528,13,incluido,0.0
2,SVD,inicial,522,22,1624,7,incluido,0.0
2,SVD,inicial,523,75,1571,24,incluido,0.2
2,SVD,inicial,524,242,1404,42,incluido,0.3
2,SVD,inicial,525,44,1602,5,incluido,0.0
2,SVD,inicial,526,57,1589,3,incluido,0.1
2,SVD,inicial,527,112,1534,17,incluido,0.3
2,SVD,inicial,528,44,1602,5,incluido,0.0
2,SVD,inicial,529,33,1613,7,incluido,0.0
2,SVD,inicial,530,35,1611,6,incluido,0.0
2,SVD,inicial,531,24,1622,3,incluido,0.0
2,SVD,inicial,532,231,1415,36,incluido,0.2
2,SVD,inicial,533,200,1446,34,incluido,0.2
2,SVD,inicial,534,70,1576,8,incluido,0.0
2,SVD,inicial,535,174,1472,29,incluido,0.2
2,SVD,inicial,536,127,1519,22,incluido,0.4
2,SVD,inicial,537,380,1266,29,incluido,0.6
2,SVD,inicial,538,58,1588,13,incluido,0.2
2,SVD,inicial,539,46,1600,6,incluido,0.2
2,SVD,inicial,540,46,1600,11,incluido,0.0
2,SVD,inicial,541,111,1535,13,incluido,0.0
2,SVD,inicial,542,108,1538,11,incluido,0.1
2,SVD,inicial,543,155,1491,24,incluido,0.3
2,SVD,inicial,544,25,1621,2,incluido,0.0
2,SVD,inicial,545,132,1514,18,incluido,0.0
2,SVD,inicial,546,46,1600,11,incluido,0.0
2,SVD,inicial,547,20,1626,1,incluido,0.0
2,SVD,inicial,548,126,1520,20,incluido,0.1
2,SVD,inicial,549,17,1629,4,incluido,0.1
2,SVD,inicial,550,34,1612,5,incluido,0.0
2,SVD,inicial,551,263,1383,50,incluido,0.3
2,SVD,inicial,552,66,1580,2,incluido,0.0
2,SVD,inicial,553,71,1575,21,incluido,0.1
2,SVD,inicial,554,93,1553,15,incluido,0.0
2,SVD,inicial,555,42,1604,6,incluido,0.0
2,SVD,inicial,556,32,1614,10,incluido,0.4
2,SVD,inicial,557,41,1605,9,incluido,0.1
2,SVD,inicial,558,15,1631,5,incluido,0.0
2,SVD,inicial,559,60,1586,12,incluido,0.0
2,SVD,inicial,560,78,1568,7,incluido,0.0
2,SVD,inicial,561,283,1363,25,incluido,0.2
2,SVD,inicial,562,49,1597,20,incluido,0.1
2,SVD,inicial,563,23,1623,6,incluido,0.2
2,SVD,inicial,564,27,1619,5,incluido,0.1
2,SVD,inicial,565,29,1617,6,incluido,0.0
2,SVD,inicial,566,120,1526,13,incluido,0.0
2,SVD,inicial,567,124,1522,22,incluido,0.2
2,SVD,inicial,568,68,1578,8,incluido,0.0
2,SVD,inicial,569,52,1594,7,incluido,0.0
2,SVD,inicial,570,17,1629,1,incluido,0.0
2,SVD,inicial,571,18,1628,1,incluido,0.0
2,SVD,inicial,572,17,1629,2,incluido,0.0
2,SVD,inicial,573,42,1604,7,incluido,0.2
2,SVD,inicial,574,36,1610,8,incluido,0.0
2,SVD,inicial,575,19,1627,3,incluido,0.0
2,SVD,inicial,576,30,1616,1,incluido,0.1
2,SVD,inicial,577,156,1490,26,incluido,0.2
2,SVD,inicial,578,19,1627,0,sem_relevante_elegivel,
2,SVD,inicial,579,62,1584,6,incluido,0.1
2,SVD,inicial,580,33,1613,7,incluido,0.0
2,SVD,inicial,581,21,1625,5,incluido,0.0
2,SVD,inicial,582,53,1593,2,incluido,0.0
2,SVD,inicial,583,17,1629,9,incluido,0.2
2,SVD,inicial,584,17,1629,2,incluido,0.0
2,SVD,inicial,585,70,1576,5,incluido,0.0
2,SVD,inicial,586,134,1512,14,incluido,0.0
2,SVD,inicial,587,83,1563,4,incluido,0.0
2,SVD,inicial,588,187,1459,24,incluido,0.2
2,SVD,inicial,589,35,1611,6,incluido,0.0
2,SVD,inicial,590,37,1609,5,incluido,0.0
2,SVD,inicial,591,70,1576,9,incluido,0.2
2,SVD,inicial,592,292,1354,48,incluido,0.2
2,SVD,inicial,593,116,1530,26,incluido,0.0
2,SVD,inicial,594,20,1626,1,incluido,0.0
2,SVD,inicial,595,75,1571,12,incluido,0.1
2,SVD,inicial,596,17,1629,3,incluido,0.0
2,SVD,inicial,597,31,1615,5,incluido,0.0
2,SVD,inicial,598,21,1625,3,incluido,0.0
2,SVD,inicial,599,32,1614,9,incluido,0.0
2,SVD,inicial,600,78,1568,7,incluido,0.0
2,SVD,inicial,601,117,1529,19,incluido,0.1
2,SVD,inicial,602,23,1623,5,incluido,0.0
2,SVD,inicial,603,36,1610,9,incluido,0.0
2,SVD,inicial,604,17,1629,3,incluido,0.0
2,SVD,inicial,605,67,1579,14,incluido,0.0
2,SVD,inicial,606,187,1459,35,incluido,0.1
2,SVD,inicial,607,33,1613,3,incluido,0.0
2,SVD,inicial,608,124,1522,30,incluido,0.3
2,SVD,inicial,609,25,1621,0,sem_relevante_elegivel,
2,SVD,inicial,610,61,1585,9,incluido,0.1
2,SVD,inicial,611,35,1611,5,incluido,0.0
2,SVD,inicial,612,18,1628,5,incluido,0.1
2,SVD,inicial,613,24,1622,3,incluido,0.0
2,SVD,inicial,614,31,1615,5,incluido,0.0
2,SVD,inicial,615,86,1560,11,incluido,0.0
2,SVD,inicial,616,33,1613,5,incluido,0.0
2,SVD,inicial,617,88,1558,5,incluido,0.0
2,SVD,inicial,618,171,1475,19,incluido,0.1
2,SVD,inicial,619,71,1575,13,incluido,0.0
2,SVD,inicial,620,88,1558,11,incluido,0.1
2,SVD,inicial,621,137,1509,17,incluido,0.0
2,SVD,inicial,622,180,1466,24,incluido,0.1
2,SVD,inicial,623,35,1611,6,incluido,0.1
2,SVD,inicial,624,116,1530,13,incluido,0.0
2,SVD,inicial,625,86,1560,8,incluido,0.2
2,SVD,inicial,626,24,1622,4,incluido,0.1
2,SVD,inicial,627,139,1507,14,incluido,0.0
2,SVD,inicial,628,24,1622,3,incluido,0.0
2,SVD,inicial,629,95,1551,20,incluido,0.0
2,SVD,inicial,630,84,1562,7,incluido,0.1
2,SVD,inicial,631,18,1628,2,incluido,0.0
2,SVD,inicial,632,99,1547,10,incluido,0.0
2,SVD,inicial,633,48,1598,4,incluido,0.1
2,SVD,inicial,634,106,1540,16,incluido,0.0
2,SVD,inicial,635,29,1617,3,incluido,0.0
2,SVD,inicial,636,15,1631,4,incluido,0.0
2,SVD,inicial,637,88,1558,2,incluido,0.0
2,SVD,inicial,638,52,1594,9,incluido,0.1
2,SVD,inicial,639,107,1539,16,incluido,0.1
2,SVD,inicial,640,88,1558,18,incluido,0.2
2,SVD,inicial,641,31,1615,8,incluido,0.0
2,SVD,inicial,642,250,1396,37,incluido,0.0
2,SVD,inicial,643,168,1478,28,incluido,0.3
2,SVD,inicial,644,37,1609,4,incluido,0.0
2,SVD,inicial,645,102,1544,15,incluido,0.2
2,SVD,inicial,646,32,1614,2,incluido,0.1
2,SVD,inicial,647,42,1604,11,incluido,0.1
2,SVD,inicial,648,239,1407,24,incluido,0.3
2,SVD,inicial,649,14,1632,6,incluido,0.0
2,SVD,inicial,650,248,1398,19,incluido,0.2
2,SVD,inicial,651,14,1632,4,incluido,0.1
2,SVD,inicial,652,17,1629,2,incluido,0.0
2,SVD,inicial,653,229,1417,14,incluido,0.2
2,SVD,inicial,654,120,1526,23,incluido,0.1
2,SVD,inicial,655,558,1088,26,incluido,0.3
2,SVD,inicial,656,20,1626,1,incluido,0.0
2,SVD,inicial,657,25,1621,2,incluido,0.0
2,SVD,inicial,658,54,1592,13,incluido,0.2
2,SVD,inicial,659,151,1495,32,incluido,0.1
2,SVD,inicial,660,174,1472,10,incluido,0.0
2,SVD,inicial,661,103,1543,13,incluido,0.2
2,SVD,inicial,662,20,1626,0,sem_relevante_elegivel,
2,SVD,inicial,663,124,1522,17,incluido,0.1
2,SVD,inicial,664,143,1503,18,incluido,0.1
2,SVD,inicial,665,115,1531,13,incluido,0.0
2,SVD,inicial,666,200,1446,21,incluido,0.5
2,SVD,inicial,667,31,1615,12,incluido,0.2
2,SVD,inicial,668,39,1607,3,incluido,0.0
2,SVD,inicial,669,88,1558,3,incluido,0.0
2,SVD,inicial,670,30,1616,11,incluido,0.1
2,SVD,inicial,671,102,1544,9,incluido,0.1
2,SVD,inicial,672,24,1622,1,incluido,0.0
2,SVD,inicial,673,29,1617,5,incluido,0.0
2,SVD,inicial,674,31,1615,6,incluido,0.0
2,SVD,inicial,675,24,1622,4,incluido,0.0
2,SVD,inicial,676,63,1583,9,incluido,0.0
2,SVD,inicial,677,38,1608,9,incluido,0.0
2,SVD,inicial,678,22,1624,4,incluido,0.0
2,SVD,inicial,679,50,1596,7,incluido,0.0
2,SVD,inicial,680,29,1617,8,incluido,0.0
2,SVD,inicial,681,19,1627,1,incluido,0.0
2,SVD,inicial,682,315,1331,24,incluido,0.1
2,SVD,inicial,683,52,1594,10,incluido,0.1
2,SVD,inicial,684,68,1578,5,incluido,0.0
2,SVD,inicial,685,19,1627,0,sem_relevante_elegivel,
2,SVD,inicial,686,55,1591,15,incluido,0.2
2,SVD,inicial,687,17,1629,2,incluido,0.0
2,SVD,inicial,688,20,1626,4,incluido,0.0
2,SVD,inicial,689,32,1614,2,incluido,0.0
2,SVD,inicial,690,92,1554,9,incluido,0.1
2,SVD,inicial,691,25,1621,6,incluido,0.1
2,SVD,inicial,692,32,1614,2,incluido,0.0
2,SVD,inicial,693,118,1528,16,incluido,0.0
2,SVD,inicial,694,127,1519,27,incluido,0.0
2,SVD,inicial,695,25,1621,7,incluido,0.0
2,SVD,inicial,696,23,1623,5,incluido,0.0
2,SVD,inicial,697,88,1558,12,incluido,0.1
2,SVD,inicial,698,89,1557,13,incluido,0.1
2,SVD,inicial,699,120,1526,9,incluido,0.0
2,SVD,inicial,700,16,1630,2,incluido,0.0
2,SVD,inicial,701,27,1619,5,incluido,0.0
2,SVD,inicial,702,26,1620,1,incluido,0.0
2,SVD,inicial,703,37,1609,3,incluido,0.0
2,SVD,inicial,704,72,1574,12,incluido,0.1
2,SVD,inicial,705,88,1558,14,incluido,0.0
2,SVD,inicial,706,25,1621,3,incluido,0.0
2,SVD,inicial,707,194,1452,16,incluido,0.0
2,SVD,inicial,708,88,1558,9,incluido,0.0
2,SVD,inicial,709,109,1537,18,incluido,0.2
2,SVD,inicial,710,62,1584,18,incluido,0.1
2,SVD,inicial,711,179,1467,29,incluido,0.1
2,SVD,inicial,712,126,1520,28,incluido,0.1
2,SVD,inicial,713,27,1619,0,sem_relevante_elegivel,
2,SVD,inicial,714,30,1616,7,incluido,0.0
2,SVD,inicial,715,134,1512,13,incluido,0.1
2,SVD,inicial,716,222,1424,28,incluido,0.3
2,SVD,inicial,717,81,1565,7,incluido,0.0
2,SVD,inicial,718,32,1614,7,incluido,0.0
2,SVD,inicial,719,48,1598,6,incluido,0.2
2,SVD,inicial,720,22,1624,6,incluido,0.0
2,SVD,inicial,721,122,1524,21,incluido,0.3
2,SVD,inicial,722,30,1616,6,incluido,0.0
2,SVD,inicial,723,17,1629,2,incluido,0.1
2,SVD,inicial,724,75,1571,2,incluido,0.0
2,SVD,inicial,725,21,1625,3,incluido,0.0
2,SVD,inicial,726,17,1629,2,incluido,0.0
2,SVD,inicial,727,254,1392,21,incluido,0.3
2,SVD,inicial,728,21,1625,4,incluido,0.0
2,SVD,inicial,729,15,1631,2,incluido,0.0
2,SVD,inicial,730,32,1614,3,incluido,0.0
2,SVD,inicial,731,69,1577,7,incluido,0.0
2,SVD,inicial,732,19,1627,0,sem_relevante_elegivel,
2,SVD,inicial,733,85,1561,8,incluido,0.0
2,SVD,inicial,734,48,1598,12,incluido,0.2
2,SVD,inicial,735,41,1605,8,incluido,0.0
2,SVD,inicial,736,17,1629,3,incluido,0.0
2,SVD,inicial,737,23,1623,7,incluido,0.0
2,SVD,inicial,738,116,1530,19,incluido,0.3
2,SVD,inicial,739,25,1621,8,incluido,0.0
2,SVD,inicial,740,18,1628,0,sem_relevante_elegivel,
2,SVD,inicial,741,82,1564,13,incluido,0.2
2,SVD,inicial,742,19,1627,3,incluido,0.1
2,SVD,inicial,743,31,1615,2,incluido,0.0
2,SVD,inicial,744,19,1627,6,incluido,0.0
2,SVD,inicial,745,51,1595,4,incluido,0.1
2,SVD,inicial,746,46,1600,13,incluido,0.0
2,SVD,inicial,747,225,1421,51,incluido,0.2
2,SVD,inicial,748,90,1556,11,incluido,0.0
2,SVD,inicial,749,246,1400,33,incluido,0.3
2,SVD,inicial,750,26,1620,4,incluido,0.0
2,SVD,inicial,751,141,1505,14,incluido,0.0
2,SVD,inicial,752,60,1586,5,incluido,0.0
2,SVD,inicial,753,43,1603,11,incluido,0.2
2,SVD,inicial,754,30,1616,2,incluido,0.0
2,SVD,inicial,755,31,1615,2,incluido,0.0
2,SVD,inicial,756,88,1558,10,incluido,0.0
2,SVD,inicial,757,133,1513,19,incluido,0.1
2,SVD,inicial,758,288,1358,49,incluido,0.2
2,SVD,inicial,759,25,1621,7,incluido,0.0
2,SVD,inicial,760,34,1612,6,incluido,0.0
2,SVD,inicial,761,55,1591,5,incluido,0.0
2,SVD,inicial,762,18,1628,2,incluido,0.0
2,SVD,inicial,763,95,1551,23,incluido,0.2
2,SVD,inicial,764,96,1550,9,incluido,0.2
2,SVD,inicial,765,16,1630,6,incluido,0.0
2,SVD,inicial,766,142,1504,14,incluido,0.0
2,SVD,inicial,767,30,1616,7,incluido,0.0
2,SVD,inicial,768,48,1598,7,incluido,0.1
2,SVD,inicial,769,20,1626,5,incluido,0.0
2,SVD,inicial,770,57,1589,6,incluido,0.0
2,SVD,inicial,771,51,1595,12,incluido,0.1
2,SVD,inicial,772,29,1617,2,incluido,0.0
2,SVD,inicial,773,131,1515,7,incluido,0.1
2,SVD,inicial,774,184,1462,2,incluido,0.0
2,SVD,inicial,775,25,1621,2,incluido,0.0
2,SVD,inicial,776,91,1555,7,incluido,0.2
2,SVD,inicial,777,27,1619,8,incluido,0.0
2,SVD,inicial,778,52,1594,3,incluido,0.0
2,SVD,inicial,779,24,1622,12,incluido,0.0
2,SVD,inicial,780,48,1598,4,incluido,0.1
2,SVD,inicial,781,30,1616,8,incluido,0.0
2,SVD,inicial,782,178,1468,12,incluido,0.1
2,SVD,inicial,783,22,1624,7,incluido,0.0
2,SVD,inicial,784,30,1616,7,incluido,0.0
2,SVD,inicial,785,22,1624,2,incluido,0.0
2,SVD,inicial,786,98,1548,16,incluido,0.1
2,SVD,inicial,787,47,1599,4,incluido,0.0
2,SVD,inicial,788,186,1460,19,incluido,0.3
2,SVD,inicial,789,30,1616,1,incluido,0.0
2,SVD,inicial,790,176,1470,18,incluido,0.0
2,SVD,inicial,791,20,1626,5,incluido,0.0
2,SVD,inicial,792,41,1605,3,incluido,0.0
2,SVD,inicial,793,40,1606,7,incluido,0.0
2,SVD,inicial,794,32,1614,7,incluido,0.0
2,SVD,inicial,795,140,1506,7,incluido,0.0
2,SVD,inicial,796,288,1358,38,incluido,0.3
2,SVD,inicial,797,21,1625,1,incluido,0.0
2,SVD,inicial,798,186,1460,23,incluido,0.1
2,SVD,inicial,799,16,1630,5,incluido,0.0
2,SVD,inicial,800,23,1623,3,incluido,0.0
2,SVD,inicial,801,20,1626,2,incluido,0.0
2,SVD,inicial,802,61,1585,4,incluido,0.0
2,SVD,inicial,803,26,1620,1,incluido,0.0
2,SVD,inicial,804,269,1377,35,incluido,0.3
2,SVD,inicial,805,220,1426,27,incluido,0.1
2,SVD,inicial,806,117,1529,14,incluido,0.1
2,SVD,inicial,807,159,1487,27,incluido,0.1
2,SVD,inicial,808,20,1626,2,incluido,0.0
2,SVD,inicial,809,16,1630,2,incluido,0.0
2,SVD,inicial,810,20,1626,5,incluido,0.0
2,SVD,inicial,811,19,1627,1,incluido,0.0
2,SVD,inicial,812,17,1629,2,incluido,0.0
2,SVD,inicial,813,24,1622,2,incluido,0.0
2,SVD,inicial,814,30,1616,2,incluido,0.0
2,SVD,inicial,815,142,1504,23,incluido,0.2
2,SVD,inicial,816,13,1633,9,incluido,0.0
2,SVD,inicial,817,26,1620,5,incluido,0.0
2,SVD,inicial,818,16,1630,3,incluido,0.0
2,SVD,inicial,819,23,1623,4,incluido,0.0
2,SVD,inicial,820,17,1629,2,incluido,0.0
2,SVD,inicial,821,53,1593,8,incluido,0.0
2,SVD,inicial,822,22,1624,1,incluido,0.0
2,SVD,inicial,823,143,1503,35,incluido,0.4
2,SVD,inicial,824,15,1631,1,incluido,0.0
2,SVD,inicial,825,118,1528,11,incluido,0.0
2,SVD,inicial,826,91,1555,19,incluido,0.1
2,SVD,inicial,827,22,1624,2,incluido,0.0
2,SVD,inicial,828,83,1563,6,incluido,0.0
2,SVD,inicial,829,51,1595,7,incluido,0.0
2,SVD,inicial,830,84,1562,16,incluido,0.1
2,SVD,inicial,831,58,1588,5,incluido,0.0
2,SVD,inicial,832,20,1626,2,incluido,0.1
2,SVD,inicial,833,211,1435,22,incluido,0.2
2,SVD,inicial,834,46,1600,5,incluido,0.1
2,SVD,inicial,835,83,1563,17,incluido,0.2
2,SVD,inicial,836,34,1612,11,incluido,0.0
2,SVD,inicial,837,42,1604,3,incluido,0.0
2,SVD,inicial,838,79,1567,12,incluido,0.1
2,SVD,inicial,839,45,1601,5,incluido,0.0
2,SVD,inicial,840,163,1483,24,incluido,0.3
2,SVD,inicial,841,30,1616,1,incluido,0.0
2,SVD,inicial,842,25,1621,1,incluido,0.0
2,SVD,inicial,843,163,1483,5,incluido,0.1
2,SVD,inicial,844,66,1580,8,incluido,0.1
2,SVD,inicial,845,28,1618,1,incluido,0.0
2,SVD,inicial,846,327,1319,51,incluido,0.6
2,SVD,inicial,847,112,1534,13,incluido,0.2
2,SVD,inicial,848,121,1525,23,incluido,0.2
2,SVD,inicial,849,17,1629,6,incluido,0.0
2,SVD,inicial,850,48,1598,3,incluido,0.0
2,SVD,inicial,851,165,1481,27,incluido,0.1
2,SVD,inicial,852,38,1608,7,incluido,0.0
2,SVD,inicial,853,37,1609,1,incluido,0.0
2,SVD,inicial,854,173,1473,18,incluido,0.2
2,SVD,inicial,855,21,1625,1,incluido,0.0
2,SVD,inicial,856,21,1625,1,incluido,0.0
2,SVD,inicial,857,22,1624,0,sem_relevante_elegivel,
2,SVD,inicial,858,18,1628,1,incluido,0.0
2,SVD,inicial,859,31,1615,3,incluido,0.0
2,SVD,inicial,860,57,1589,6,incluido,0.0
2,SVD,inicial,861,36,1610,3,incluido,0.0
2,SVD,inicial,862,121,1525,37,incluido,0.2
2,SVD,inicial,863,93,1553,6,incluido,0.0
2,SVD,inicial,864,245,1401,31,incluido,0.0
2,SVD,inicial,865,54,1592,4,incluido,0.1
2,SVD,inicial,866,19,1627,0,sem_relevante_elegivel,
2,SVD,inicial,867,78,1568,13,incluido,0.1
2,SVD,inicial,868,158,1488,16,incluido,0.3
2,SVD,inicial,869,40,1606,1,incluido,0.0
2,SVD,inicial,870,206,1440,37,incluido,0.3
2,SVD,inicial,871,89,1557,10,incluido,0.1
2,SVD,inicial,872,52,1594,8,incluido,0.1
2,SVD,inicial,873,20,1626,0,sem_relevante_elegivel,
2,SVD,inicial,874,25,1621,6,incluido,0.1
2,SVD,inicial,875,70,1576,17,incluido,0.1
2,SVD,inicial,876,18,1628,3,incluido,0.0
2,SVD,inicial,877,58,1588,18,incluido,0.0
2,SVD,inicial,878,104,1542,15,incluido,0.0
2,SVD,inicial,879,21,1625,8,incluido,0.0
2,SVD,inicial,880,283,1363,45,incluido,0.3
2,SVD,inicial,881,214,1432,19,incluido,0.1
2,SVD,inicial,882,109,1537,23,incluido,0.1
2,SVD,inicial,883,218,1428,30,incluido,0.1
2,SVD,inicial,884,31,1615,6,incluido,0.0
2,SVD,inicial,885,86,1560,11,incluido,0.2
2,SVD,inicial,886,189,1457,21,incluido,0.0
2,SVD,inicial,887,140,1506,28,incluido,0.0
2,SVD,inicial,888,14,1632,5,incluido,0.0
2,SVD,inicial,889,251,1395,45,incluido,0.5
2,SVD,inicial,890,97,1549,19,incluido,0.2
2,SVD,inicial,891,36,1610,6,incluido,0.0
2,SVD,inicial,892,175,1471,38,incluido,0.2
2,SVD,inicial,893,49,1597,5,incluido,0.0
2,SVD,inicial,894,191,1455,29,incluido,0.1
2,SVD,inicial,895,16,1630,3,incluido,0.0
2,SVD,inicial,896,293,1353,23,incluido,0.1
2,SVD,inicial,897,140,1506,33,incluido,0.1
2,SVD,inicial,898,25,1621,4,incluido,0.0
2,SVD,inicial,899,110,1536,17,incluido,0.2
2,SVD,inicial,900,31,1615,7,incluido,0.1
2,SVD,inicial,901,105,1541,13,incluido,0.0
2,SVD,inicial,902,37,1609,8,incluido,0.1
2,SVD,inicial,903,114,1532,11,incluido,0.1
2,SVD,inicial,904,35,1611,7,incluido,0.0
2,SVD,inicial,905,32,1614,2,incluido,0.0
2,SVD,inicial,906,32,1614,6,incluido,0.0
2,SVD,inicial,907,120,1526,24,incluido,0.0
2,SVD,inicial,908,60,1586,8,incluido,0.2
2,SVD,inicial,909,18,1628,6,incluido,0.0
2,SVD,inicial,910,45,1601,8,incluido,0.1
2,SVD,inicial,911,82,1564,12,incluido,0.0
2,SVD,inicial,912,42,1604,7,incluido,0.1
2,SVD,inicial,913,99,1547,20,incluido,0.4
2,SVD,inicial,914,18,1628,2,incluido,0.0
2,SVD,inicial,915,23,1623,1,incluido,0.0
2,SVD,inicial,916,256,1390,29,incluido,0.1
2,SVD,inicial,917,28,1618,4,incluido,0.1
2,SVD,inicial,918,83,1563,13,incluido,0.0
2,SVD,inicial,919,175,1471,26,incluido,0.1
2,SVD,inicial,920,21,1625,4,incluido,0.0
2,SVD,inicial,921,93,1553,11,incluido,0.1
2,SVD,inicial,922,97,1549,13,incluido,0.2
2,SVD,inicial,923,58,1588,15,incluido,0.1
2,SVD,inicial,924,63,1583,15,incluido,0.0
2,SVD,inicial,925,26,1620,1,incluido,0.0
2,SVD,inicial,926,17,1629,2,incluido,0.0
2,SVD,inicial,927,99,1547,14,incluido,0.0
2,SVD,inicial,928,29,1617,3,incluido,0.1
2,SVD,inicial,929,40,1606,4,incluido,0.0
2,SVD,inicial,930,53,1593,5,incluido,0.0
2,SVD,inicial,931,49,1597,7,incluido,0.0
2,SVD,inicial,932,193,1453,40,incluido,0.2
2,SVD,inicial,933,152,1494,7,incluido,0.1
2,SVD,inicial,934,138,1508,25,incluido,0.0
2,SVD,inicial,935,27,1619,11,incluido,0.0
2,SVD,inicial,936,118,1528,16,incluido,0.1
2,SVD,inicial,937,33,1613,5,incluido,0.1
2,SVD,inicial,938,88,1558,6,incluido,0.0
2,SVD,inicial,939,43,1603,5,incluido,0.0
2,SVD,inicial,940,86,1560,14,incluido,0.1
2,SVD,inicial,941,19,1627,2,incluido,0.1
2,SVD,inicial,942,62,1584,12,incluido,0.0
2,SVD,inicial,943,136,1510,20,incluido,0.1
2,SVD,ajustado,1,220,1426,30,incluido,0.2
2,SVD,ajustado,2,51,1595,8,incluido,0.0
2,SVD,ajustado,3,46,1600,3,incluido,0.0
2,SVD,ajustado,4,20,1626,3,incluido,0.0
2,SVD,ajustado,5,136,1510,16,incluido,0.1
2,SVD,ajustado,6,171,1475,20,incluido,0.3
2,SVD,ajustado,7,320,1326,55,incluido,0.4
2,SVD,ajustado,8,40,1606,12,incluido,0.3
2,SVD,ajustado,9,20,1626,1,incluido,0.0
2,SVD,ajustado,10,148,1498,35,incluido,0.3
2,SVD,ajustado,11,153,1493,14,incluido,0.0
2,SVD,ajustado,12,42,1604,9,incluido,0.3
2,SVD,ajustado,13,508,1138,56,incluido,0.6
2,SVD,ajustado,14,74,1572,18,incluido,0.0
2,SVD,ajustado,15,80,1566,8,incluido,0.0
2,SVD,ajustado,16,114,1532,20,incluido,0.2
2,SVD,ajustado,17,26,1620,0,sem_relevante_elegivel,
2,SVD,ajustado,18,214,1432,36,incluido,0.3
2,SVD,ajustado,19,15,1631,1,incluido,0.0
2,SVD,ajustado,20,42,1604,2,incluido,0.0
2,SVD,ajustado,21,133,1513,12,incluido,0.1
2,SVD,ajustado,22,91,1555,20,incluido,0.2
2,SVD,ajustado,23,109,1537,27,incluido,0.2
2,SVD,ajustado,24,56,1590,10,incluido,0.0
2,SVD,ajustado,25,62,1584,15,incluido,0.1
2,SVD,ajustado,26,89,1557,3,incluido,0.0
2,SVD,ajustado,27,20,1626,0,sem_relevante_elegivel,
2,SVD,ajustado,28,62,1584,11,incluido,0.0
2,SVD,ajustado,29,32,1614,2,incluido,0.0
2,SVD,ajustado,30,34,1612,4,incluido,0.0
2,SVD,ajustado,31,30,1616,5,incluido,0.0
2,SVD,ajustado,32,38,1608,2,incluido,0.0
2,SVD,ajustado,33,24,1622,0,sem_relevante_elegivel,
2,SVD,ajustado,34,19,1627,1,incluido,0.0
2,SVD,ajustado,35,20,1626,4,incluido,0.0
2,SVD,ajustado,36,17,1629,2,incluido,0.0
2,SVD,ajustado,37,43,1603,9,incluido,0.0
2,SVD,ajustado,38,101,1545,12,incluido,0.2
2,SVD,ajustado,39,19,1627,1,incluido,0.0
2,SVD,ajustado,40,29,1617,2,incluido,0.0
2,SVD,ajustado,41,38,1608,11,incluido,0.0
2,SVD,ajustado,42,154,1492,21,incluido,0.2
2,SVD,ajustado,43,180,1466,29,incluido,0.0
2,SVD,ajustado,44,127,1519,15,incluido,0.2
2,SVD,ajustado,45,35,1611,8,incluido,0.1
2,SVD,ajustado,46,24,1622,2,incluido,0.0
2,SVD,ajustado,47,18,1628,6,incluido,0.0
2,SVD,ajustado,48,55,1591,7,incluido,0.0
2,SVD,ajustado,49,181,1465,11,incluido,0.1
2,SVD,ajustado,50,20,1626,1,incluido,0.0
2,SVD,ajustado,51,18,1628,3,incluido,0.1
2,SVD,ajustado,52,41,1605,13,incluido,0.1
2,SVD,ajustado,53,23,1623,5,incluido,0.1
2,SVD,ajustado,54,53,1593,8,incluido,0.0
2,SVD,ajustado,55,11,1635,5,incluido,0.0
2,SVD,ajustado,56,154,1492,18,incluido,0.1
2,SVD,ajustado,57,86,1560,10,incluido,0.0
2,SVD,ajustado,58,122,1524,20,incluido,0.0
2,SVD,ajustado,59,320,1326,44,incluido,0.4
2,SVD,ajustado,60,169,1477,30,incluido,0.2
2,SVD,ajustado,61,15,1631,2,incluido,0.0
2,SVD,ajustado,62,191,1455,18,incluido,0.1
2,SVD,ajustado,63,70,1576,7,incluido,0.0
2,SVD,ajustado,64,153,1493,30,incluido,0.3
2,SVD,ajustado,65,62,1584,14,incluido,0.1
2,SVD,ajustado,66,27,1619,6,incluido,0.0
2,SVD,ajustado,67,25,1621,1,incluido,0.0
2,SVD,ajustado,68,28,1618,3,incluido,0.1
2,SVD,ajustado,69,49,1597,9,incluido,0.0
2,SVD,ajustado,70,101,1545,14,incluido,0.2
2,SVD,ajustado,71,30,1616,7,incluido,0.0
2,SVD,ajustado,72,107,1539,27,incluido,0.1
2,SVD,ajustado,73,58,1588,6,incluido,0.1
2,SVD,ajustado,74,30,1616,5,incluido,0.0
2,SVD,ajustado,75,62,1584,7,incluido,0.0
2,SVD,ajustado,76,68,1578,10,incluido,0.0
2,SVD,ajustado,77,51,1595,11,incluido,0.1
2,SVD,ajustado,78,17,1629,2,incluido,0.0
2,SVD,ajustado,79,46,1600,7,incluido,0.0
2,SVD,ajustado,80,22,1624,6,incluido,0.1
2,SVD,ajustado,81,52,1594,1,incluido,0.0
2,SVD,ajustado,82,137,1509,16,incluido,0.3
2,SVD,ajustado,83,120,1526,21,incluido,0.0
2,SVD,ajustado,84,54,1592,12,incluido,0.0
2,SVD,ajustado,85,226,1420,42,incluido,0.3
2,SVD,ajustado,86,20,1626,2,incluido,0.0
2,SVD,ajustado,87,150,1496,35,incluido,0.2
2,SVD,ajustado,88,16,1630,4,incluido,0.0
2,SVD,ajustado,89,57,1589,14,incluido,0.0
2,SVD,ajustado,90,234,1412,53,incluido,0.4
2,SVD,ajustado,91,82,1564,10,incluido,0.3
2,SVD,ajustado,92,317,1329,24,incluido,0.1
2,SVD,ajustado,93,15,1631,3,incluido,0.0
2,SVD,ajustado,94,319,1327,49,incluido,0.2
2,SVD,ajustado,95,220,1426,27,incluido,0.2
2,SVD,ajustado,96,47,1599,7,incluido,0.1
2,SVD,ajustado,97,48,1598,13,incluido,0.2
2,SVD,ajustado,98,22,1624,1,incluido,0.0
2,SVD,ajustado,99,106,1540,17,incluido,0.0
2,SVD,ajustado,100,45,1601,6,incluido,0.0
2,SVD,ajustado,101,50,1596,4,incluido,0.0
2,SVD,ajustado,102,175,1471,7,incluido,0.0
2,SVD,ajustado,103,24,1622,2,incluido,0.0
2,SVD,ajustado,104,80,1566,9,incluido,0.1
2,SVD,ajustado,105,22,1624,1,incluido,0.0
2,SVD,ajustado,106,55,1591,5,incluido,0.0
2,SVD,ajustado,107,14,1632,3,incluido,0.0
2,SVD,ajustado,108,24,1622,7,incluido,0.1
2,SVD,ajustado,109,185,1461,22,incluido,0.1
2,SVD,ajustado,110,109,1537,6,incluido,0.0
2,SVD,ajustado,111,20,1626,3,incluido,0.0
2,SVD,ajustado,112,39,1607,4,incluido,0.0
2,SVD,ajustado,113,39,1607,6,incluido,0.0
2,SVD,ajustado,114,39,1607,6,incluido,0.1
2,SVD,ajustado,115,75,1571,12,incluido,0.1
2,SVD,ajustado,116,115,1531,7,incluido,0.0
2,SVD,ajustado,117,66,1580,13,incluido,0.1
2,SVD,ajustado,118,50,1596,20,incluido,0.1
2,SVD,ajustado,119,150,1496,22,incluido,0.0
2,SVD,ajustado,120,21,1625,3,incluido,0.0
2,SVD,ajustado,121,62,1584,6,incluido,0.1
2,SVD,ajustado,122,52,1594,7,incluido,0.0
2,SVD,ajustado,123,46,1600,8,incluido,0.3
2,SVD,ajustado,124,19,1627,4,incluido,0.0
2,SVD,ajustado,125,151,1495,16,incluido,0.3
2,SVD,ajustado,126,32,1614,10,incluido,0.0
2,SVD,ajustado,127,20,1626,2,incluido,0.0
2,SVD,ajustado,128,141,1505,25,incluido,0.1
2,SVD,ajustado,129,24,1622,3,incluido,0.0
2,SVD,ajustado,130,278,1368,51,incluido,0.3
2,SVD,ajustado,131,23,1623,5,incluido,0.0
2,SVD,ajustado,132,19,1627,2,incluido,0.1
2,SVD,ajustado,133,21,1625,1,incluido,0.0
2,SVD,ajustado,134,20,1626,3,incluido,0.0
2,SVD,ajustado,135,43,1603,3,incluido,0.0
2,SVD,ajustado,136,28,1618,7,incluido,0.1
2,SVD,ajustado,137,37,1609,6,incluido,0.0
2,SVD,ajustado,138,40,1606,9,incluido,0.1
2,SVD,ajustado,139,17,1629,3,incluido,0.0
2,SVD,ajustado,140,15,1631,2,incluido,0.0
2,SVD,ajustado,141,93,1553,7,incluido,0.0
2,SVD,ajustado,142,26,1620,3,incluido,0.1
2,SVD,ajustado,143,17,1629,2,incluido,0.0
2,SVD,ajustado,144,169,1477,25,incluido,0.1
2,SVD,ajustado,145,260,1386,28,incluido,0.1
2,SVD,ajustado,146,23,1623,2,incluido,0.0
2,SVD,ajustado,147,18,1628,2,incluido,0.0
2,SVD,ajustado,148,54,1592,9,incluido,0.1
2,SVD,ajustado,149,32,1614,2,incluido,0.0
2,SVD,ajustado,150,27,1619,3,incluido,0.0
2,SVD,ajustado,151,242,1404,49,incluido,0.3
2,SVD,ajustado,152,78,1568,26,incluido,0.0
2,SVD,ajustado,153,21,1625,0,sem_relevante_elegivel,
2,SVD,ajustado,154,38,1608,12,incluido,0.0
2,SVD,ajustado,155,16,1630,1,incluido,0.0
2,SVD,ajustado,156,29,1617,5,incluido,0.1
2,SVD,ajustado,157,37,1609,8,incluido,0.0
2,SVD,ajustado,158,139,1507,25,incluido,0.0
2,SVD,ajustado,159,90,1556,10,incluido,0.0
2,SVD,ajustado,160,98,1548,19,incluido,0.2
2,SVD,ajustado,161,47,1599,0,sem_relevante_elegivel,
2,SVD,ajustado,162,31,1615,4,incluido,0.0
2,SVD,ajustado,163,19,1627,1,incluido,0.0
2,SVD,ajustado,164,52,1594,8,incluido,0.0
2,SVD,ajustado,165,25,1621,4,incluido,0.1
2,SVD,ajustado,166,16,1630,2,incluido,0.0
2,SVD,ajustado,167,51,1595,11,incluido,0.0
2,SVD,ajustado,168,59,1587,5,incluido,0.0
2,SVD,ajustado,169,29,1617,5,incluido,0.1
2,SVD,ajustado,170,18,1628,2,incluido,0.0
2,SVD,ajustado,171,22,1624,3,incluido,0.0
2,SVD,ajustado,172,21,1625,1,incluido,0.0
2,SVD,ajustado,173,38,1608,4,incluido,0.0
2,SVD,ajustado,174,144,1502,22,incluido,0.0
2,SVD,ajustado,175,32,1614,5,incluido,0.0
2,SVD,ajustado,176,50,1596,7,incluido,0.0
2,SVD,ajustado,177,86,1560,19,incluido,0.2
2,SVD,ajustado,178,216,1430,34,incluido,0.1
2,SVD,ajustado,179,34,1612,4,incluido,0.0
2,SVD,ajustado,180,50,1596,10,incluido,0.0
2,SVD,ajustado,181,352,1294,4,incluido,0.0
2,SVD,ajustado,182,23,1623,4,incluido,0.0
2,SVD,ajustado,183,41,1605,4,incluido,0.0
2,SVD,ajustado,184,218,1428,16,incluido,0.1
2,SVD,ajustado,185,34,1612,13,incluido,0.1
2,SVD,ajustado,186,80,1566,5,incluido,0.0
2,SVD,ajustado,187,46,1600,7,incluido,0.0
2,SVD,ajustado,188,95,1551,12,incluido,0.1
2,SVD,ajustado,189,137,1509,35,incluido,0.4
2,SVD,ajustado,190,51,1595,3,incluido,0.0
2,SVD,ajustado,191,21,1625,2,incluido,0.0
2,SVD,ajustado,192,25,1621,7,incluido,0.1
2,SVD,ajustado,193,96,1550,11,incluido,0.0
2,SVD,ajustado,194,239,1407,23,incluido,0.4
2,SVD,ajustado,195,79,1567,8,incluido,0.0
2,SVD,ajustado,196,26,1620,8,incluido,0.0
2,SVD,ajustado,197,100,1546,7,incluido,0.1
2,SVD,ajustado,198,155,1491,12,incluido,0.0
2,SVD,ajustado,199,33,1613,4,incluido,0.1
2,SVD,ajustado,200,177,1469,27,incluido,0.0
2,SVD,ajustado,201,297,1349,32,incluido,0.3
2,SVD,ajustado,202,16,1630,2,incluido,0.0
2,SVD,ajustado,203,34,1612,2,incluido,0.0
2,SVD,ajustado,204,29,1617,9,incluido,0.0
2,SVD,ajustado,205,20,1626,1,incluido,0.0
2,SVD,ajustado,206,54,1592,0,sem_relevante_elegivel,
2,SVD,ajustado,207,191,1455,17,incluido,0.2
2,SVD,ajustado,208,27,1619,6,incluido,0.0
2,SVD,ajustado,209,23,1623,5,incluido,0.0
2,SVD,ajustado,210,95,1551,32,incluido,0.1
2,SVD,ajustado,211,29,1617,2,incluido,0.0
2,SVD,ajustado,212,20,1626,3,incluido,0.0
2,SVD,ajustado,213,105,1541,19,incluido,0.2
2,SVD,ajustado,214,107,1539,14,incluido,0.2
2,SVD,ajustado,215,79,1567,11,incluido,0.3
2,SVD,ajustado,216,104,1542,18,incluido,0.1
2,SVD,ajustado,217,67,1579,6,incluido,0.0
2,SVD,ajustado,218,44,1602,4,incluido,0.0
2,SVD,ajustado,219,19,1627,7,incluido,0.1
2,SVD,ajustado,220,19,1627,3,incluido,0.0
2,SVD,ajustado,221,122,1524,16,incluido,0.1
2,SVD,ajustado,222,307,1339,26,incluido,0.2
2,SVD,ajustado,223,82,1564,10,incluido,0.0
2,SVD,ajustado,224,107,1539,10,incluido,0.0
2,SVD,ajustado,225,18,1628,8,incluido,0.0
2,SVD,ajustado,226,34,1612,11,incluido,0.2
2,SVD,ajustado,227,44,1602,9,incluido,0.0
2,SVD,ajustado,228,19,1627,1,incluido,0.0
2,SVD,ajustado,229,27,1619,2,incluido,0.0
2,SVD,ajustado,230,106,1540,15,incluido,0.0
2,SVD,ajustado,231,20,1626,1,incluido,0.0
2,SVD,ajustado,232,73,1573,14,incluido,0.0
2,SVD,ajustado,233,83,1563,24,incluido,0.3
2,SVD,ajustado,234,395,1251,27,incluido,0.3
2,SVD,ajustado,235,75,1571,17,incluido,0.3
2,SVD,ajustado,236,105,1541,12,incluido,0.0
2,SVD,ajustado,237,34,1612,12,incluido,0.2
2,SVD,ajustado,238,22,1624,5,incluido,0.0
2,SVD,ajustado,239,122,1524,30,incluido,0.4
2,SVD,ajustado,240,22,1624,2,incluido,0.0
2,SVD,ajustado,241,19,1627,3,incluido,0.0
2,SVD,ajustado,242,15,1631,5,incluido,0.0
2,SVD,ajustado,243,64,1582,12,incluido,0.2
2,SVD,ajustado,244,192,1454,29,incluido,0.2
2,SVD,ajustado,245,15,1631,3,incluido,0.0
2,SVD,ajustado,246,161,1485,11,incluido,0.0
2,SVD,ajustado,247,22,1624,2,incluido,0.0
2,SVD,ajustado,248,45,1601,4,incluido,0.0
2,SVD,ajustado,249,129,1517,23,incluido,0.3
2,SVD,ajustado,250,103,1543,13,incluido,0.0
2,SVD,ajustado,251,60,1586,9,incluido,0.2
2,SVD,ajustado,252,16,1630,4,incluido,0.0
2,SVD,ajustado,253,82,1564,11,incluido,0.1
2,SVD,ajustado,254,130,1516,8,incluido,0.0
2,SVD,ajustado,255,64,1582,7,incluido,0.0
2,SVD,ajustado,256,162,1484,32,incluido,0.1
2,SVD,ajustado,257,46,1600,10,incluido,0.0
2,SVD,ajustado,258,18,1628,4,incluido,0.1
2,SVD,ajustado,259,35,1611,9,incluido,0.0
2,SVD,ajustado,260,21,1625,3,incluido,0.0
2,SVD,ajustado,261,20,1626,6,incluido,0.0
2,SVD,ajustado,262,131,1515,8,incluido,0.0
2,SVD,ajustado,263,97,1549,17,incluido,0.2
2,SVD,ajustado,264,107,1539,7,incluido,0.1
2,SVD,ajustado,265,38,1608,6,incluido,0.0
2,SVD,ajustado,266,21,1625,1,incluido,0.0
2,SVD,ajustado,267,148,1498,27,incluido,0.3
2,SVD,ajustado,268,266,1380,25,incluido,0.2
2,SVD,ajustado,269,261,1385,25,incluido,0.3
2,SVD,ajustado,270,109,1537,28,incluido,0.0
2,SVD,ajustado,271,229,1417,26,incluido,0.5
2,SVD,ajustado,272,39,1607,11,incluido,0.1
2,SVD,ajustado,273,19,1627,1,incluido,0.0
2,SVD,ajustado,274,60,1586,9,incluido,0.0
2,SVD,ajustado,275,74,1572,6,incluido,0.0
2,SVD,ajustado,276,427,1219,46,incluido,0.2
2,SVD,ajustado,277,40,1606,8,incluido,0.0
2,SVD,ajustado,278,19,1627,4,incluido,0.1
2,SVD,ajustado,279,348,1298,41,incluido,0.1
2,SVD,ajustado,280,198,1448,29,incluido,0.1
2,SVD,ajustado,281,21,1625,3,incluido,0.0
2,SVD,ajustado,282,18,1628,3,incluido,0.0
2,SVD,ajustado,283,45,1601,8,incluido,0.1
2,SVD,ajustado,284,41,1605,1,incluido,0.0
2,SVD,ajustado,285,29,1617,2,incluido,0.0
2,SVD,ajustado,286,239,1407,30,incluido,0.0
2,SVD,ajustado,287,47,1599,9,incluido,0.1
2,SVD,ajustado,288,62,1584,11,incluido,0.2
2,SVD,ajustado,289,22,1624,1,incluido,0.0
2,SVD,ajustado,290,121,1525,7,incluido,0.0
2,SVD,ajustado,291,235,1411,39,incluido,0.0
2,SVD,ajustado,292,107,1539,14,incluido,0.0
2,SVD,ajustado,293,301,1345,27,incluido,0.5
2,SVD,ajustado,294,124,1522,14,incluido,0.1
2,SVD,ajustado,295,153,1493,42,incluido,0.1
2,SVD,ajustado,296,125,1521,19,incluido,0.2
2,SVD,ajustado,297,154,1492,21,incluido,0.2
2,SVD,ajustado,298,103,1543,18,incluido,0.1
2,SVD,ajustado,299,216,1430,35,incluido,0.2
2,SVD,ajustado,300,17,1629,3,incluido,0.0
2,SVD,ajustado,301,215,1431,36,incluido,0.2
2,SVD,ajustado,302,16,1630,0,sem_relevante_elegivel,
2,SVD,ajustado,303,385,1261,58,incluido,0.5
2,SVD,ajustado,304,23,1623,1,incluido,0.0
2,SVD,ajustado,305,175,1471,24,incluido,0.2
2,SVD,ajustado,306,22,1624,7,incluido,0.0
2,SVD,ajustado,307,91,1555,14,incluido,0.0
2,SVD,ajustado,308,323,1323,51,incluido,0.5
2,SVD,ajustado,309,14,1632,2,incluido,0.0
2,SVD,ajustado,310,14,1632,4,incluido,0.0
2,SVD,ajustado,311,236,1410,40,incluido,0.2
2,SVD,ajustado,312,190,1456,26,incluido,0.1
2,SVD,ajustado,313,212,1434,30,incluido,0.2
2,SVD,ajustado,314,203,1443,26,incluido,0.2
2,SVD,ajustado,315,66,1580,13,incluido,0.1
2,SVD,ajustado,316,61,1585,7,incluido,0.0
2,SVD,ajustado,317,18,1628,2,incluido,0.0
2,SVD,ajustado,318,135,1511,29,incluido,0.0
2,SVD,ajustado,319,18,1628,3,incluido,0.0
2,SVD,ajustado,320,131,1515,14,incluido,0.0
2,SVD,ajustado,321,99,1547,15,incluido,0.1
2,SVD,ajustado,322,40,1606,10,incluido,0.2
2,SVD,ajustado,323,72,1574,12,incluido,0.1
2,SVD,ajustado,324,57,1589,8,incluido,0.0
2,SVD,ajustado,325,111,1535,17,incluido,0.3
2,SVD,ajustado,326,144,1502,22,incluido,0.1
2,SVD,ajustado,327,226,1420,35,incluido,0.2
2,SVD,ajustado,328,227,1419,30,incluido,0.2
2,SVD,ajustado,329,52,1594,6,incluido,0.1
2,SVD,ajustado,330,122,1524,21,incluido,0.0
2,SVD,ajustado,331,56,1590,8,incluido,0.1
2,SVD,ajustado,332,146,1500,26,incluido,0.2
2,SVD,ajustado,333,23,1623,1,incluido,0.0
2,SVD,ajustado,334,257,1389,44,incluido,0.4
2,SVD,ajustado,335,13,1633,6,incluido,0.0
2,SVD,ajustado,336,107,1539,5,incluido,0.0
2,SVD,ajustado,337,24,1622,6,incluido,0.0
2,SVD,ajustado,338,62,1584,10,incluido,0.3
2,SVD,ajustado,339,197,1449,40,incluido,0.3
2,SVD,ajustado,340,38,1608,6,incluido,0.1
2,SVD,ajustado,341,17,1629,3,incluido,0.0
2,SVD,ajustado,342,165,1481,18,incluido,0.1
2,SVD,ajustado,343,197,1449,29,incluido,0.4
2,SVD,ajustado,344,150,1496,25,incluido,0.2
2,SVD,ajustado,345,179,1467,30,incluido,0.1
2,SVD,ajustado,346,156,1490,17,incluido,0.2
2,SVD,ajustado,347,161,1485,22,incluido,0.0
2,SVD,ajustado,348,48,1598,7,incluido,0.0
2,SVD,ajustado,349,37,1609,2,incluido,0.0
2,SVD,ajustado,350,38,1608,9,incluido,0.1
2,SVD,ajustado,351,33,1613,9,incluido,0.0
2,SVD,ajustado,352,39,1607,2,incluido,0.0
2,SVD,ajustado,353,21,1625,3,incluido,0.0
2,SVD,ajustado,354,186,1460,30,incluido,0.1
2,SVD,ajustado,355,22,1624,4,incluido,0.0
2,SVD,ajustado,356,19,1627,2,incluido,0.0
2,SVD,ajustado,357,59,1587,13,incluido,0.0
2,SVD,ajustado,358,34,1612,5,incluido,0.0
2,SVD,ajustado,359,23,1623,3,incluido,0.0
2,SVD,ajustado,360,80,1566,15,incluido,0.1
2,SVD,ajustado,361,102,1544,14,incluido,0.0
2,SVD,ajustado,362,21,1625,3,incluido,0.0
2,SVD,ajustado,363,247,1399,23,incluido,0.1
2,SVD,ajustado,364,18,1628,1,incluido,0.0
2,SVD,ajustado,365,52,1594,4,incluido,0.0
2,SVD,ajustado,366,25,1621,7,incluido,0.1
2,SVD,ajustado,367,46,1600,10,incluido,0.0
2,SVD,ajustado,368,37,1609,5,incluido,0.0
2,SVD,ajustado,369,16,1630,3,incluido,0.0
2,SVD,ajustado,370,62,1584,10,incluido,0.1
2,SVD,ajustado,371,41,1605,9,incluido,0.1
2,SVD,ajustado,372,52,1594,13,incluido,0.0
2,SVD,ajustado,373,189,1457,26,incluido,0.2
2,SVD,ajustado,374,218,1428,29,incluido,0.1
2,SVD,ajustado,375,24,1622,4,incluido,0.0
2,SVD,ajustado,376,25,1621,4,incluido,0.0
2,SVD,ajustado,377,23,1623,6,incluido,0.0
2,SVD,ajustado,378,312,1334,33,incluido,0.2
2,SVD,ajustado,379,161,1485,25,incluido,0.1
2,SVD,ajustado,380,125,1521,20,incluido,0.3
2,SVD,ajustado,381,107,1539,12,incluido,0.1
2,SVD,ajustado,382,46,1600,2,incluido,0.0
2,SVD,ajustado,383,54,1592,15,incluido,0.3
2,SVD,ajustado,384,17,1629,5,incluido,0.0
2,SVD,ajustado,385,224,1422,27,incluido,0.1
2,SVD,ajustado,386,16,1630,4,incluido,0.0
2,SVD,ajustado,387,234,1412,30,incluido,0.1
2,SVD,ajustado,388,40,1606,9,incluido,0.0
2,SVD,ajustado,389,215,1431,35,incluido,0.2
2,SVD,ajustado,390,23,1623,7,incluido,0.0
2,SVD,ajustado,391,95,1551,18,incluido,0.1
2,SVD,ajustado,392,95,1551,15,incluido,0.2
2,SVD,ajustado,393,348,1298,45,incluido,0.2
2,SVD,ajustado,394,123,1523,18,incluido,0.1
2,SVD,ajustado,395,47,1599,6,incluido,0.0
2,SVD,ajustado,396,42,1604,4,incluido,0.0
2,SVD,ajustado,397,85,1561,13,incluido,0.4
2,SVD,ajustado,398,134,1512,19,incluido,0.1
2,SVD,ajustado,399,255,1391,12,incluido,0.0
2,SVD,ajustado,400,17,1629,3,incluido,0.0
2,SVD,ajustado,401,119,1527,14,incluido,0.0
2,SVD,ajustado,402,56,1590,8,incluido,0.0
2,SVD,ajustado,403,43,1603,4,incluido,0.0
2,SVD,ajustado,404,35,1611,4,incluido,0.0
2,SVD,ajustado,405,602,1044,22,incluido,0.1
2,SVD,ajustado,406,277,1369,29,incluido,0.1
2,SVD,ajustado,407,167,1479,36,incluido,0.2
2,SVD,ajustado,408,23,1623,2,incluido,0.0
2,SVD,ajustado,409,156,1490,24,incluido,0.2
2,SVD,ajustado,410,22,1624,2,incluido,0.0
2,SVD,ajustado,411,46,1600,10,incluido,0.2
2,SVD,ajustado,412,41,1605,8,incluido,0.1
2,SVD,ajustado,413,39,1607,8,incluido,0.1
2,SVD,ajustado,414,19,1627,4,incluido,0.0
2,SVD,ajustado,415,17,1629,4,incluido,0.0
2,SVD,ajustado,416,389,1257,67,incluido,0.2
2,SVD,ajustado,417,291,1355,33,incluido,0.1
2,SVD,ajustado,418,17,1629,0,sem_relevante_elegivel,
2,SVD,ajustado,419,28,1618,4,incluido,0.0
2,SVD,ajustado,420,30,1616,5,incluido,0.0
2,SVD,ajustado,421,49,1597,9,incluido,0.1
2,SVD,ajustado,422,74,1572,9,incluido,0.0
2,SVD,ajustado,423,49,1597,9,incluido,0.0
2,SVD,ajustado,424,39,1607,3,incluido,0.0
2,SVD,ajustado,425,164,1482,14,incluido,0.0
2,SVD,ajustado,426,84,1562,14,incluido,0.3
2,SVD,ajustado,427,26,1620,4,incluido,0.0
2,SVD,ajustado,428,37,1609,15,incluido,0.0
2,SVD,ajustado,429,328,1318,47,incluido,0.2
2,SVD,ajustado,430,56,1590,4,incluido,0.1
2,SVD,ajustado,431,16,1630,3,incluido,0.0
2,SVD,ajustado,432,46,1600,11,incluido,0.1
2,SVD,ajustado,433,29,1617,5,incluido,0.1
2,SVD,ajustado,434,33,1613,7,incluido,0.0
2,SVD,ajustado,435,293,1353,38,incluido,0.1
2,SVD,ajustado,436,114,1532,18,incluido,0.0
2,SVD,ajustado,437,211,1435,30,incluido,0.1
2,SVD,ajustado,438,28,1618,4,incluido,0.0
2,SVD,ajustado,439,25,1621,3,incluido,0.0
2,SVD,ajustado,440,35,1611,12,incluido,0.1
2,SVD,ajustado,441,15,1631,2,incluido,0.0
2,SVD,ajustado,442,120,1526,8,incluido,0.0
2,SVD,ajustado,443,18,1628,2,incluido,0.1
2,SVD,ajustado,444,17,1629,4,incluido,0.0
2,SVD,ajustado,445,113,1533,4,incluido,0.0
2,SVD,ajustado,446,28,1618,2,incluido,0.0
2,SVD,ajustado,447,106,1540,19,incluido,0.1
2,SVD,ajustado,448,34,1612,3,incluido,0.0
2,SVD,ajustado,449,63,1583,9,incluido,0.0
2,SVD,ajustado,450,434,1212,78,incluido,0.4
2,SVD,ajustado,451,81,1565,5,incluido,0.0
2,SVD,ajustado,452,166,1480,19,incluido,0.1
2,SVD,ajustado,453,126,1520,12,incluido,0.2
2,SVD,ajustado,454,193,1453,10,incluido,0.1
2,SVD,ajustado,455,151,1495,22,incluido,0.1
2,SVD,ajustado,456,169,1477,23,incluido,0.2
2,SVD,ajustado,457,221,1425,46,incluido,0.3
2,SVD,ajustado,458,147,1499,25,incluido,0.4
2,SVD,ajustado,459,92,1554,13,incluido,0.0
2,SVD,ajustado,460,53,1593,10,incluido,0.1
2,SVD,ajustado,461,16,1630,3,incluido,0.0
2,SVD,ajustado,462,30,1616,2,incluido,0.0
2,SVD,ajustado,463,106,1540,13,incluido,0.0
2,SVD,ajustado,464,42,1604,8,incluido,0.1
2,SVD,ajustado,465,62,1584,11,incluido,0.2
2,SVD,ajustado,466,80,1566,11,incluido,0.1
2,SVD,ajustado,467,32,1614,6,incluido,0.0
2,SVD,ajustado,468,118,1528,18,incluido,0.1
2,SVD,ajustado,469,37,1609,6,incluido,0.1
2,SVD,ajustado,470,40,1606,9,incluido,0.1
2,SVD,ajustado,471,24,1622,2,incluido,0.0
2,SVD,ajustado,472,220,1426,34,incluido,0.1
2,SVD,ajustado,473,28,1618,4,incluido,0.0
2,SVD,ajustado,474,269,1377,42,incluido,0.4
2,SVD,ajustado,475,16,1630,2,incluido,0.0
2,SVD,ajustado,476,65,1581,7,incluido,0.0
2,SVD,ajustado,477,31,1615,4,incluido,0.0
2,SVD,ajustado,478,86,1560,13,incluido,0.2
2,SVD,ajustado,479,161,1485,20,incluido,0.1
2,SVD,ajustado,480,47,1599,12,incluido,0.2
2,SVD,ajustado,481,48,1598,6,incluido,0.0
2,SVD,ajustado,482,21,1625,2,incluido,0.0
2,SVD,ajustado,483,45,1601,4,incluido,0.0
2,SVD,ajustado,484,112,1534,22,incluido,0.1
2,SVD,ajustado,485,19,1627,3,incluido,0.0
2,SVD,ajustado,486,151,1495,13,incluido,0.2
2,SVD,ajustado,487,189,1457,24,incluido,0.0
2,SVD,ajustado,488,129,1517,9,incluido,0.2
2,SVD,ajustado,489,90,1556,15,incluido,0.0
2,SVD,ajustado,490,43,1603,4,incluido,0.0
2,SVD,ajustado,491,28,1618,3,incluido,0.0
2,SVD,ajustado,492,45,1601,5,incluido,0.0
2,SVD,ajustado,493,110,1536,14,incluido,0.0
2,SVD,ajustado,494,43,1603,2,incluido,0.1
2,SVD,ajustado,495,169,1477,28,incluido,0.0
2,SVD,ajustado,496,98,1548,8,incluido,0.1
2,SVD,ajustado,497,220,1426,27,incluido,0.0
2,SVD,ajustado,498,119,1527,12,incluido,0.2
2,SVD,ajustado,499,82,1564,12,incluido,0.0
2,SVD,ajustado,500,185,1461,20,incluido,0.0
2,SVD,ajustado,501,56,1590,11,incluido,0.0
2,SVD,ajustado,502,30,1616,3,incluido,0.0
2,SVD,ajustado,503,134,1512,21,incluido,0.2
2,SVD,ajustado,504,199,1447,33,incluido,0.1
2,SVD,ajustado,505,87,1559,8,incluido,0.0
2,SVD,ajustado,506,187,1459,36,incluido,0.2
2,SVD,ajustado,507,48,1598,9,incluido,0.0
2,SVD,ajustado,508,73,1573,7,incluido,0.0
2,SVD,ajustado,509,23,1623,1,incluido,0.0
2,SVD,ajustado,510,24,1622,1,incluido,0.0
2,SVD,ajustado,511,16,1630,5,incluido,0.0
2,SVD,ajustado,512,19,1627,2,incluido,0.0
2,SVD,ajustado,513,21,1625,1,incluido,0.0
2,SVD,ajustado,514,148,1498,32,incluido,0.2
2,SVD,ajustado,515,34,1612,3,incluido,0.0
2,SVD,ajustado,516,15,1631,4,incluido,0.0
2,SVD,ajustado,517,33,1613,4,incluido,0.0
2,SVD,ajustado,518,57,1589,6,incluido,0.0
2,SVD,ajustado,519,39,1607,7,incluido,0.0
2,SVD,ajustado,520,22,1624,1,incluido,0.0
2,SVD,ajustado,521,118,1528,13,incluido,0.0
2,SVD,ajustado,522,22,1624,7,incluido,0.0
2,SVD,ajustado,523,75,1571,24,incluido,0.1
2,SVD,ajustado,524,242,1404,42,incluido,0.2
2,SVD,ajustado,525,44,1602,5,incluido,0.0
2,SVD,ajustado,526,57,1589,3,incluido,0.0
2,SVD,ajustado,527,112,1534,17,incluido,0.3
2,SVD,ajustado,528,44,1602,5,incluido,0.0
2,SVD,ajustado,529,33,1613,7,incluido,0.0
2,SVD,ajustado,530,35,1611,6,incluido,0.0
2,SVD,ajustado,531,24,1622,3,incluido,0.0
2,SVD,ajustado,532,231,1415,36,incluido,0.2
2,SVD,ajustado,533,200,1446,34,incluido,0.3
2,SVD,ajustado,534,70,1576,8,incluido,0.0
2,SVD,ajustado,535,174,1472,29,incluido,0.1
2,SVD,ajustado,536,127,1519,22,incluido,0.2
2,SVD,ajustado,537,380,1266,29,incluido,0.3
2,SVD,ajustado,538,58,1588,13,incluido,0.1
2,SVD,ajustado,539,46,1600,6,incluido,0.1
2,SVD,ajustado,540,46,1600,11,incluido,0.0
2,SVD,ajustado,541,111,1535,13,incluido,0.0
2,SVD,ajustado,542,108,1538,11,incluido,0.0
2,SVD,ajustado,543,155,1491,24,incluido,0.3
2,SVD,ajustado,544,25,1621,2,incluido,0.0
2,SVD,ajustado,545,132,1514,18,incluido,0.0
2,SVD,ajustado,546,46,1600,11,incluido,0.0
2,SVD,ajustado,547,20,1626,1,incluido,0.0
2,SVD,ajustado,548,126,1520,20,incluido,0.2
2,SVD,ajustado,549,17,1629,4,incluido,0.0
2,SVD,ajustado,550,34,1612,5,incluido,0.0
2,SVD,ajustado,551,263,1383,50,incluido,0.4
2,SVD,ajustado,552,66,1580,2,incluido,0.0
2,SVD,ajustado,553,71,1575,21,incluido,0.1
2,SVD,ajustado,554,93,1553,15,incluido,0.1
2,SVD,ajustado,555,42,1604,6,incluido,0.0
2,SVD,ajustado,556,32,1614,10,incluido,0.3
2,SVD,ajustado,557,41,1605,9,incluido,0.0
2,SVD,ajustado,558,15,1631,5,incluido,0.0
2,SVD,ajustado,559,60,1586,12,incluido,0.0
2,SVD,ajustado,560,78,1568,7,incluido,0.0
2,SVD,ajustado,561,283,1363,25,incluido,0.2
2,SVD,ajustado,562,49,1597,20,incluido,0.3
2,SVD,ajustado,563,23,1623,6,incluido,0.1
2,SVD,ajustado,564,27,1619,5,incluido,0.1
2,SVD,ajustado,565,29,1617,6,incluido,0.0
2,SVD,ajustado,566,120,1526,13,incluido,0.0
2,SVD,ajustado,567,124,1522,22,incluido,0.2
2,SVD,ajustado,568,68,1578,8,incluido,0.0
2,SVD,ajustado,569,52,1594,7,incluido,0.0
2,SVD,ajustado,570,17,1629,1,incluido,0.0
2,SVD,ajustado,571,18,1628,1,incluido,0.0
2,SVD,ajustado,572,17,1629,2,incluido,0.0
2,SVD,ajustado,573,42,1604,7,incluido,0.2
2,SVD,ajustado,574,36,1610,8,incluido,0.0
2,SVD,ajustado,575,19,1627,3,incluido,0.0
2,SVD,ajustado,576,30,1616,1,incluido,0.1
2,SVD,ajustado,577,156,1490,26,incluido,0.2
2,SVD,ajustado,578,19,1627,0,sem_relevante_elegivel,
2,SVD,ajustado,579,62,1584,6,incluido,0.2
2,SVD,ajustado,580,33,1613,7,incluido,0.1
2,SVD,ajustado,581,21,1625,5,incluido,0.0
2,SVD,ajustado,582,53,1593,2,incluido,0.0
2,SVD,ajustado,583,17,1629,9,incluido,0.2
2,SVD,ajustado,584,17,1629,2,incluido,0.0
2,SVD,ajustado,585,70,1576,5,incluido,0.0
2,SVD,ajustado,586,134,1512,14,incluido,0.0
2,SVD,ajustado,587,83,1563,4,incluido,0.0
2,SVD,ajustado,588,187,1459,24,incluido,0.1
2,SVD,ajustado,589,35,1611,6,incluido,0.2
2,SVD,ajustado,590,37,1609,5,incluido,0.0
2,SVD,ajustado,591,70,1576,9,incluido,0.1
2,SVD,ajustado,592,292,1354,48,incluido,0.1
2,SVD,ajustado,593,116,1530,26,incluido,0.0
2,SVD,ajustado,594,20,1626,1,incluido,0.0
2,SVD,ajustado,595,75,1571,12,incluido,0.1
2,SVD,ajustado,596,17,1629,3,incluido,0.0
2,SVD,ajustado,597,31,1615,5,incluido,0.0
2,SVD,ajustado,598,21,1625,3,incluido,0.0
2,SVD,ajustado,599,32,1614,9,incluido,0.0
2,SVD,ajustado,600,78,1568,7,incluido,0.0
2,SVD,ajustado,601,117,1529,19,incluido,0.1
2,SVD,ajustado,602,23,1623,5,incluido,0.0
2,SVD,ajustado,603,36,1610,9,incluido,0.0
2,SVD,ajustado,604,17,1629,3,incluido,0.0
2,SVD,ajustado,605,67,1579,14,incluido,0.1
2,SVD,ajustado,606,187,1459,35,incluido,0.2
2,SVD,ajustado,607,33,1613,3,incluido,0.0
2,SVD,ajustado,608,124,1522,30,incluido,0.4
2,SVD,ajustado,609,25,1621,0,sem_relevante_elegivel,
2,SVD,ajustado,610,61,1585,9,incluido,0.2
2,SVD,ajustado,611,35,1611,5,incluido,0.0
2,SVD,ajustado,612,18,1628,5,incluido,0.0
2,SVD,ajustado,613,24,1622,3,incluido,0.0
2,SVD,ajustado,614,31,1615,5,incluido,0.0
2,SVD,ajustado,615,86,1560,11,incluido,0.0
2,SVD,ajustado,616,33,1613,5,incluido,0.0
2,SVD,ajustado,617,88,1558,5,incluido,0.1
2,SVD,ajustado,618,171,1475,19,incluido,0.2
2,SVD,ajustado,619,71,1575,13,incluido,0.0
2,SVD,ajustado,620,88,1558,11,incluido,0.0
2,SVD,ajustado,621,137,1509,17,incluido,0.0
2,SVD,ajustado,622,180,1466,24,incluido,0.2
2,SVD,ajustado,623,35,1611,6,incluido,0.0
2,SVD,ajustado,624,116,1530,13,incluido,0.0
2,SVD,ajustado,625,86,1560,8,incluido,0.2
2,SVD,ajustado,626,24,1622,4,incluido,0.0
2,SVD,ajustado,627,139,1507,14,incluido,0.0
2,SVD,ajustado,628,24,1622,3,incluido,0.0
2,SVD,ajustado,629,95,1551,20,incluido,0.1
2,SVD,ajustado,630,84,1562,7,incluido,0.0
2,SVD,ajustado,631,18,1628,2,incluido,0.0
2,SVD,ajustado,632,99,1547,10,incluido,0.2
2,SVD,ajustado,633,48,1598,4,incluido,0.0
2,SVD,ajustado,634,106,1540,16,incluido,0.0
2,SVD,ajustado,635,29,1617,3,incluido,0.0
2,SVD,ajustado,636,15,1631,4,incluido,0.0
2,SVD,ajustado,637,88,1558,2,incluido,0.0
2,SVD,ajustado,638,52,1594,9,incluido,0.0
2,SVD,ajustado,639,107,1539,16,incluido,0.2
2,SVD,ajustado,640,88,1558,18,incluido,0.1
2,SVD,ajustado,641,31,1615,8,incluido,0.0
2,SVD,ajustado,642,250,1396,37,incluido,0.1
2,SVD,ajustado,643,168,1478,28,incluido,0.2
2,SVD,ajustado,644,37,1609,4,incluido,0.0
2,SVD,ajustado,645,102,1544,15,incluido,0.3
2,SVD,ajustado,646,32,1614,2,incluido,0.0
2,SVD,ajustado,647,42,1604,11,incluido,0.0
2,SVD,ajustado,648,239,1407,24,incluido,0.4
2,SVD,ajustado,649,14,1632,6,incluido,0.0
2,SVD,ajustado,650,248,1398,19,incluido,0.2
2,SVD,ajustado,651,14,1632,4,incluido,0.1
2,SVD,ajustado,652,17,1629,2,incluido,0.0
2,SVD,ajustado,653,229,1417,14,incluido,0.1
2,SVD,ajustado,654,120,1526,23,incluido,0.2
2,SVD,ajustado,655,558,1088,26,incluido,0.3
2,SVD,ajustado,656,20,1626,1,incluido,0.0
2,SVD,ajustado,657,25,1621,2,incluido,0.0
2,SVD,ajustado,658,54,1592,13,incluido,0.2
2,SVD,ajustado,659,151,1495,32,incluido,0.1
2,SVD,ajustado,660,174,1472,10,incluido,0.0
2,SVD,ajustado,661,103,1543,13,incluido,0.2
2,SVD,ajustado,662,20,1626,0,sem_relevante_elegivel,
2,SVD,ajustado,663,124,1522,17,incluido,0.2
2,SVD,ajustado,664,143,1503,18,incluido,0.0
2,SVD,ajustado,665,115,1531,13,incluido,0.0
2,SVD,ajustado,666,200,1446,21,incluido,0.3
2,SVD,ajustado,667,31,1615,12,incluido,0.2
2,SVD,ajustado,668,39,1607,3,incluido,0.0
2,SVD,ajustado,669,88,1558,3,incluido,0.0
2,SVD,ajustado,670,30,1616,11,incluido,0.1
2,SVD,ajustado,671,102,1544,9,incluido,0.1
2,SVD,ajustado,672,24,1622,1,incluido,0.0
2,SVD,ajustado,673,29,1617,5,incluido,0.0
2,SVD,ajustado,674,31,1615,6,incluido,0.0
2,SVD,ajustado,675,24,1622,4,incluido,0.0
2,SVD,ajustado,676,63,1583,9,incluido,0.2
2,SVD,ajustado,677,38,1608,9,incluido,0.0
2,SVD,ajustado,678,22,1624,4,incluido,0.0
2,SVD,ajustado,679,50,1596,7,incluido,0.0
2,SVD,ajustado,680,29,1617,8,incluido,0.0
2,SVD,ajustado,681,19,1627,1,incluido,0.0
2,SVD,ajustado,682,315,1331,24,incluido,0.1
2,SVD,ajustado,683,52,1594,10,incluido,0.0
2,SVD,ajustado,684,68,1578,5,incluido,0.1
2,SVD,ajustado,685,19,1627,0,sem_relevante_elegivel,
2,SVD,ajustado,686,55,1591,15,incluido,0.2
2,SVD,ajustado,687,17,1629,2,incluido,0.0
2,SVD,ajustado,688,20,1626,4,incluido,0.0
2,SVD,ajustado,689,32,1614,2,incluido,0.0
2,SVD,ajustado,690,92,1554,9,incluido,0.1
2,SVD,ajustado,691,25,1621,6,incluido,0.1
2,SVD,ajustado,692,32,1614,2,incluido,0.0
2,SVD,ajustado,693,118,1528,16,incluido,0.0
2,SVD,ajustado,694,127,1519,27,incluido,0.1
2,SVD,ajustado,695,25,1621,7,incluido,0.0
2,SVD,ajustado,696,23,1623,5,incluido,0.1
2,SVD,ajustado,697,88,1558,12,incluido,0.0
2,SVD,ajustado,698,89,1557,13,incluido,0.1
2,SVD,ajustado,699,120,1526,9,incluido,0.0
2,SVD,ajustado,700,16,1630,2,incluido,0.0
2,SVD,ajustado,701,27,1619,5,incluido,0.0
2,SVD,ajustado,702,26,1620,1,incluido,0.0
2,SVD,ajustado,703,37,1609,3,incluido,0.0
2,SVD,ajustado,704,72,1574,12,incluido,0.1
2,SVD,ajustado,705,88,1558,14,incluido,0.1
2,SVD,ajustado,706,25,1621,3,incluido,0.0
2,SVD,ajustado,707,194,1452,16,incluido,0.0
2,SVD,ajustado,708,88,1558,9,incluido,0.0
2,SVD,ajustado,709,109,1537,18,incluido,0.1
2,SVD,ajustado,710,62,1584,18,incluido,0.3
2,SVD,ajustado,711,179,1467,29,incluido,0.1
2,SVD,ajustado,712,126,1520,28,incluido,0.0
2,SVD,ajustado,713,27,1619,0,sem_relevante_elegivel,
2,SVD,ajustado,714,30,1616,7,incluido,0.0
2,SVD,ajustado,715,134,1512,13,incluido,0.1
2,SVD,ajustado,716,222,1424,28,incluido,0.4
2,SVD,ajustado,717,81,1565,7,incluido,0.0
2,SVD,ajustado,718,32,1614,7,incluido,0.0
2,SVD,ajustado,719,48,1598,6,incluido,0.1
2,SVD,ajustado,720,22,1624,6,incluido,0.0
2,SVD,ajustado,721,122,1524,21,incluido,0.2
2,SVD,ajustado,722,30,1616,6,incluido,0.0
2,SVD,ajustado,723,17,1629,2,incluido,0.1
2,SVD,ajustado,724,75,1571,2,incluido,0.0
2,SVD,ajustado,725,21,1625,3,incluido,0.0
2,SVD,ajustado,726,17,1629,2,incluido,0.0
2,SVD,ajustado,727,254,1392,21,incluido,0.4
2,SVD,ajustado,728,21,1625,4,incluido,0.0
2,SVD,ajustado,729,15,1631,2,incluido,0.0
2,SVD,ajustado,730,32,1614,3,incluido,0.0
2,SVD,ajustado,731,69,1577,7,incluido,0.0
2,SVD,ajustado,732,19,1627,0,sem_relevante_elegivel,
2,SVD,ajustado,733,85,1561,8,incluido,0.0
2,SVD,ajustado,734,48,1598,12,incluido,0.1
2,SVD,ajustado,735,41,1605,8,incluido,0.1
2,SVD,ajustado,736,17,1629,3,incluido,0.0
2,SVD,ajustado,737,23,1623,7,incluido,0.0
2,SVD,ajustado,738,116,1530,19,incluido,0.3
2,SVD,ajustado,739,25,1621,8,incluido,0.2
2,SVD,ajustado,740,18,1628,0,sem_relevante_elegivel,
2,SVD,ajustado,741,82,1564,13,incluido,0.2
2,SVD,ajustado,742,19,1627,3,incluido,0.0
2,SVD,ajustado,743,31,1615,2,incluido,0.0
2,SVD,ajustado,744,19,1627,6,incluido,0.0
2,SVD,ajustado,745,51,1595,4,incluido,0.1
2,SVD,ajustado,746,46,1600,13,incluido,0.0
2,SVD,ajustado,747,225,1421,51,incluido,0.2
2,SVD,ajustado,748,90,1556,11,incluido,0.0
2,SVD,ajustado,749,246,1400,33,incluido,0.2
2,SVD,ajustado,750,26,1620,4,incluido,0.0
2,SVD,ajustado,751,141,1505,14,incluido,0.0
2,SVD,ajustado,752,60,1586,5,incluido,0.0
2,SVD,ajustado,753,43,1603,11,incluido,0.2
2,SVD,ajustado,754,30,1616,2,incluido,0.0
2,SVD,ajustado,755,31,1615,2,incluido,0.0
2,SVD,ajustado,756,88,1558,10,incluido,0.0
2,SVD,ajustado,757,133,1513,19,incluido,0.1
2,SVD,ajustado,758,288,1358,49,incluido,0.3
2,SVD,ajustado,759,25,1621,7,incluido,0.0
2,SVD,ajustado,760,34,1612,6,incluido,0.0
2,SVD,ajustado,761,55,1591,5,incluido,0.0
2,SVD,ajustado,762,18,1628,2,incluido,0.0
2,SVD,ajustado,763,95,1551,23,incluido,0.2
2,SVD,ajustado,764,96,1550,9,incluido,0.2
2,SVD,ajustado,765,16,1630,6,incluido,0.0
2,SVD,ajustado,766,142,1504,14,incluido,0.1
2,SVD,ajustado,767,30,1616,7,incluido,0.0
2,SVD,ajustado,768,48,1598,7,incluido,0.0
2,SVD,ajustado,769,20,1626,5,incluido,0.0
2,SVD,ajustado,770,57,1589,6,incluido,0.0
2,SVD,ajustado,771,51,1595,12,incluido,0.1
2,SVD,ajustado,772,29,1617,2,incluido,0.0
2,SVD,ajustado,773,131,1515,7,incluido,0.0
2,SVD,ajustado,774,184,1462,2,incluido,0.0
2,SVD,ajustado,775,25,1621,2,incluido,0.0
2,SVD,ajustado,776,91,1555,7,incluido,0.1
2,SVD,ajustado,777,27,1619,8,incluido,0.0
2,SVD,ajustado,778,52,1594,3,incluido,0.0
2,SVD,ajustado,779,24,1622,12,incluido,0.0
2,SVD,ajustado,780,48,1598,4,incluido,0.1
2,SVD,ajustado,781,30,1616,8,incluido,0.0
2,SVD,ajustado,782,178,1468,12,incluido,0.1
2,SVD,ajustado,783,22,1624,7,incluido,0.0
2,SVD,ajustado,784,30,1616,7,incluido,0.0
2,SVD,ajustado,785,22,1624,2,incluido,0.0
2,SVD,ajustado,786,98,1548,16,incluido,0.1
2,SVD,ajustado,787,47,1599,4,incluido,0.0
2,SVD,ajustado,788,186,1460,19,incluido,0.1
2,SVD,ajustado,789,30,1616,1,incluido,0.0
2,SVD,ajustado,790,176,1470,18,incluido,0.0
2,SVD,ajustado,791,20,1626,5,incluido,0.0
2,SVD,ajustado,792,41,1605,3,incluido,0.0
2,SVD,ajustado,793,40,1606,7,incluido,0.0
2,SVD,ajustado,794,32,1614,7,incluido,0.0
2,SVD,ajustado,795,140,1506,7,incluido,0.0
2,SVD,ajustado,796,288,1358,38,incluido,0.3
2,SVD,ajustado,797,21,1625,1,incluido,0.0
2,SVD,ajustado,798,186,1460,23,incluido,0.0
2,SVD,ajustado,799,16,1630,5,incluido,0.0
2,SVD,ajustado,800,23,1623,3,incluido,0.0
2,SVD,ajustado,801,20,1626,2,incluido,0.0
2,SVD,ajustado,802,61,1585,4,incluido,0.0
2,SVD,ajustado,803,26,1620,1,incluido,0.0
2,SVD,ajustado,804,269,1377,35,incluido,0.1
2,SVD,ajustado,805,220,1426,27,incluido,0.0
2,SVD,ajustado,806,117,1529,14,incluido,0.1
2,SVD,ajustado,807,159,1487,27,incluido,0.0
2,SVD,ajustado,808,20,1626,2,incluido,0.0
2,SVD,ajustado,809,16,1630,2,incluido,0.0
2,SVD,ajustado,810,20,1626,5,incluido,0.0
2,SVD,ajustado,811,19,1627,1,incluido,0.0
2,SVD,ajustado,812,17,1629,2,incluido,0.0
2,SVD,ajustado,813,24,1622,2,incluido,0.0
2,SVD,ajustado,814,30,1616,2,incluido,0.0
2,SVD,ajustado,815,142,1504,23,incluido,0.3
2,SVD,ajustado,816,13,1633,9,incluido,0.0
2,SVD,ajustado,817,26,1620,5,incluido,0.0
2,SVD,ajustado,818,16,1630,3,incluido,0.0
2,SVD,ajustado,819,23,1623,4,incluido,0.0
2,SVD,ajustado,820,17,1629,2,incluido,0.0
2,SVD,ajustado,821,53,1593,8,incluido,0.2
2,SVD,ajustado,822,22,1624,1,incluido,0.0
2,SVD,ajustado,823,143,1503,35,incluido,0.3
2,SVD,ajustado,824,15,1631,1,incluido,0.0
2,SVD,ajustado,825,118,1528,11,incluido,0.0
2,SVD,ajustado,826,91,1555,19,incluido,0.1
2,SVD,ajustado,827,22,1624,2,incluido,0.0
2,SVD,ajustado,828,83,1563,6,incluido,0.0
2,SVD,ajustado,829,51,1595,7,incluido,0.0
2,SVD,ajustado,830,84,1562,16,incluido,0.1
2,SVD,ajustado,831,58,1588,5,incluido,0.0
2,SVD,ajustado,832,20,1626,2,incluido,0.0
2,SVD,ajustado,833,211,1435,22,incluido,0.1
2,SVD,ajustado,834,46,1600,5,incluido,0.0
2,SVD,ajustado,835,83,1563,17,incluido,0.0
2,SVD,ajustado,836,34,1612,11,incluido,0.1
2,SVD,ajustado,837,42,1604,3,incluido,0.0
2,SVD,ajustado,838,79,1567,12,incluido,0.1
2,SVD,ajustado,839,45,1601,5,incluido,0.0
2,SVD,ajustado,840,163,1483,24,incluido,0.2
2,SVD,ajustado,841,30,1616,1,incluido,0.0
2,SVD,ajustado,842,25,1621,1,incluido,0.0
2,SVD,ajustado,843,163,1483,5,incluido,0.0
2,SVD,ajustado,844,66,1580,8,incluido,0.1
2,SVD,ajustado,845,28,1618,1,incluido,0.0
2,SVD,ajustado,846,327,1319,51,incluido,0.6
2,SVD,ajustado,847,112,1534,13,incluido,0.2
2,SVD,ajustado,848,121,1525,23,incluido,0.1
2,SVD,ajustado,849,17,1629,6,incluido,0.0
2,SVD,ajustado,850,48,1598,3,incluido,0.0
2,SVD,ajustado,851,165,1481,27,incluido,0.0
2,SVD,ajustado,852,38,1608,7,incluido,0.0
2,SVD,ajustado,853,37,1609,1,incluido,0.0
2,SVD,ajustado,854,173,1473,18,incluido,0.2
2,SVD,ajustado,855,21,1625,1,incluido,0.0
2,SVD,ajustado,856,21,1625,1,incluido,0.0
2,SVD,ajustado,857,22,1624,0,sem_relevante_elegivel,
2,SVD,ajustado,858,18,1628,1,incluido,0.0
2,SVD,ajustado,859,31,1615,3,incluido,0.0
2,SVD,ajustado,860,57,1589,6,incluido,0.0
2,SVD,ajustado,861,36,1610,3,incluido,0.0
2,SVD,ajustado,862,121,1525,37,incluido,0.2
2,SVD,ajustado,863,93,1553,6,incluido,0.0
2,SVD,ajustado,864,245,1401,31,incluido,0.2
2,SVD,ajustado,865,54,1592,4,incluido,0.1
2,SVD,ajustado,866,19,1627,0,sem_relevante_elegivel,
2,SVD,ajustado,867,78,1568,13,incluido,0.2
2,SVD,ajustado,868,158,1488,16,incluido,0.3
2,SVD,ajustado,869,40,1606,1,incluido,0.0
2,SVD,ajustado,870,206,1440,37,incluido,0.3
2,SVD,ajustado,871,89,1557,10,incluido,0.0
2,SVD,ajustado,872,52,1594,8,incluido,0.0
2,SVD,ajustado,873,20,1626,0,sem_relevante_elegivel,
2,SVD,ajustado,874,25,1621,6,incluido,0.1
2,SVD,ajustado,875,70,1576,17,incluido,0.1
2,SVD,ajustado,876,18,1628,3,incluido,0.0
2,SVD,ajustado,877,58,1588,18,incluido,0.0
2,SVD,ajustado,878,104,1542,15,incluido,0.1
2,SVD,ajustado,879,21,1625,8,incluido,0.0
2,SVD,ajustado,880,283,1363,45,incluido,0.3
2,SVD,ajustado,881,214,1432,19,incluido,0.2
2,SVD,ajustado,882,109,1537,23,incluido,0.1
2,SVD,ajustado,883,218,1428,30,incluido,0.0
2,SVD,ajustado,884,31,1615,6,incluido,0.0
2,SVD,ajustado,885,86,1560,11,incluido,0.2
2,SVD,ajustado,886,189,1457,21,incluido,0.1
2,SVD,ajustado,887,140,1506,28,incluido,0.1
2,SVD,ajustado,888,14,1632,5,incluido,0.0
2,SVD,ajustado,889,251,1395,45,incluido,0.4
2,SVD,ajustado,890,97,1549,19,incluido,0.1
2,SVD,ajustado,891,36,1610,6,incluido,0.0
2,SVD,ajustado,892,175,1471,38,incluido,0.3
2,SVD,ajustado,893,49,1597,5,incluido,0.1
2,SVD,ajustado,894,191,1455,29,incluido,0.1
2,SVD,ajustado,895,16,1630,3,incluido,0.1
2,SVD,ajustado,896,293,1353,23,incluido,0.1
2,SVD,ajustado,897,140,1506,33,incluido,0.1
2,SVD,ajustado,898,25,1621,4,incluido,0.0
2,SVD,ajustado,899,110,1536,17,incluido,0.2
2,SVD,ajustado,900,31,1615,7,incluido,0.1
2,SVD,ajustado,901,105,1541,13,incluido,0.0
2,SVD,ajustado,902,37,1609,8,incluido,0.1
2,SVD,ajustado,903,114,1532,11,incluido,0.0
2,SVD,ajustado,904,35,1611,7,incluido,0.0
2,SVD,ajustado,905,32,1614,2,incluido,0.0
2,SVD,ajustado,906,32,1614,6,incluido,0.0
2,SVD,ajustado,907,120,1526,24,incluido,0.1
2,SVD,ajustado,908,60,1586,8,incluido,0.2
2,SVD,ajustado,909,18,1628,6,incluido,0.0
2,SVD,ajustado,910,45,1601,8,incluido,0.1
2,SVD,ajustado,911,82,1564,12,incluido,0.0
2,SVD,ajustado,912,42,1604,7,incluido,0.0
2,SVD,ajustado,913,99,1547,20,incluido,0.5
2,SVD,ajustado,914,18,1628,2,incluido,0.0
2,SVD,ajustado,915,23,1623,1,incluido,0.0
2,SVD,ajustado,916,256,1390,29,incluido,0.1
2,SVD,ajustado,917,28,1618,4,incluido,0.0
2,SVD,ajustado,918,83,1563,13,incluido,0.0
2,SVD,ajustado,919,175,1471,26,incluido,0.1
2,SVD,ajustado,920,21,1625,4,incluido,0.0
2,SVD,ajustado,921,93,1553,11,incluido,0.2
2,SVD,ajustado,922,97,1549,13,incluido,0.0
2,SVD,ajustado,923,58,1588,15,incluido,0.0
2,SVD,ajustado,924,63,1583,15,incluido,0.1
2,SVD,ajustado,925,26,1620,1,incluido,0.0
2,SVD,ajustado,926,17,1629,2,incluido,0.0
2,SVD,ajustado,927,99,1547,14,incluido,0.0
2,SVD,ajustado,928,29,1617,3,incluido,0.1
2,SVD,ajustado,929,40,1606,4,incluido,0.0
2,SVD,ajustado,930,53,1593,5,incluido,0.0
2,SVD,ajustado,931,49,1597,7,incluido,0.1
2,SVD,ajustado,932,193,1453,40,incluido,0.2
2,SVD,ajustado,933,152,1494,7,incluido,0.2
2,SVD,ajustado,934,138,1508,25,incluido,0.1
2,SVD,ajustado,935,27,1619,11,incluido,0.0
2,SVD,ajustado,936,118,1528,16,incluido,0.1
2,SVD,ajustado,937,33,1613,5,incluido,0.1
2,SVD,ajustado,938,88,1558,6,incluido,0.0
2,SVD,ajustado,939,43,1603,5,incluido,0.0
2,SVD,ajustado,940,86,1560,14,incluido,0.1
2,SVD,ajustado,941,19,1627,2,incluido,0.1
2,SVD,ajustado,942,62,1584,12,incluido,0.0
2,SVD,ajustado,943,136,1510,20,incluido,0.1
3,SVD,inicial,1,213,1438,34,incluido,0.2
3,SVD,inicial,2,52,1599,6,incluido,0.0
3,SVD,inicial,3,44,1607,2,incluido,0.0
3,SVD,inicial,4,18,1633,4,incluido,0.1
3,SVD,inicial,5,132,1519,14,incluido,0.2
3,SVD,inicial,6,181,1470,20,incluido,0.3
3,SVD,inicial,7,314,1337,62,incluido,0.3
3,SVD,inicial,8,50,1601,7,incluido,0.1
3,SVD,inicial,9,16,1635,6,incluido,0.0
3,SVD,inicial,10,145,1506,34,incluido,0.2
3,SVD,inicial,11,151,1500,14,incluido,0.0
3,SVD,inicial,12,41,1610,9,incluido,0.0
3,SVD,inicial,13,492,1159,65,incluido,0.3
3,SVD,inicial,14,77,1574,17,incluido,0.2
3,SVD,inicial,15,84,1567,7,incluido,0.0
3,SVD,inicial,16,104,1547,26,incluido,0.3
3,SVD,inicial,17,23,1628,3,incluido,0.0
3,SVD,inicial,18,223,1428,36,incluido,0.3
3,SVD,inicial,19,12,1639,5,incluido,0.0
3,SVD,inicial,20,34,1617,7,incluido,0.0
3,SVD,inicial,21,146,1505,8,incluido,0.0
3,SVD,inicial,22,107,1544,11,incluido,0.0
3,SVD,inicial,23,128,1523,14,incluido,0.0
3,SVD,inicial,24,54,1597,11,incluido,0.1
3,SVD,inicial,25,64,1587,12,incluido,0.0
3,SVD,inicial,26,96,1555,1,incluido,0.0
3,SVD,inicial,27,20,1631,1,incluido,0.0
3,SVD,inicial,28,61,1590,14,incluido,0.1
3,SVD,inicial,29,30,1621,3,incluido,0.1
3,SVD,inicial,30,36,1615,5,incluido,0.0
3,SVD,inicial,31,29,1622,4,incluido,0.0
3,SVD,inicial,32,33,1618,4,incluido,0.0
3,SVD,inicial,33,20,1631,2,incluido,0.0
3,SVD,inicial,34,16,1635,3,incluido,0.0
3,SVD,inicial,35,19,1632,1,incluido,0.0
3,SVD,inicial,36,15,1636,3,incluido,0.0
3,SVD,inicial,37,46,1605,6,incluido,0.1
3,SVD,inicial,38,93,1558,16,incluido,0.0
3,SVD,inicial,39,18,1633,2,incluido,0.0
3,SVD,inicial,40,28,1623,0,sem_relevante_elegivel,
3,SVD,inicial,41,44,1607,3,incluido,0.0
3,SVD,inicial,42,148,1503,19,incluido,0.3
3,SVD,inicial,43,177,1474,25,incluido,0.4
3,SVD,inicial,44,121,1530,22,incluido,0.1
3,SVD,inicial,45,43,1608,3,incluido,0.0
3,SVD,inicial,46,20,1631,6,incluido,0.0
3,SVD,inicial,47,22,1629,2,incluido,0.0
3,SVD,inicial,48,50,1601,13,incluido,0.1
3,SVD,inicial,49,182,1469,9,incluido,0.2
3,SVD,inicial,50,19,1632,3,incluido,0.0
3,SVD,inicial,51,19,1632,1,incluido,0.1
3,SVD,inicial,52,48,1603,7,incluido,0.1
3,SVD,inicial,53,21,1630,5,incluido,0.0
3,SVD,inicial,54,45,1606,15,incluido,0.0
3,SVD,inicial,55,19,1632,0,sem_relevante_elegivel,
3,SVD,inicial,56,158,1493,22,incluido,0.0
3,SVD,inicial,57,89,1562,7,incluido,0.1
3,SVD,inicial,58,129,1522,18,incluido,0.1
3,SVD,inicial,59,307,1344,60,incluido,0.4
3,SVD,inicial,60,161,1490,42,incluido,0.3
3,SVD,inicial,61,17,1634,1,incluido,0.0
3,SVD,inicial,62,176,1475,30,incluido,0.2
3,SVD,inicial,63,71,1580,4,incluido,0.0
3,SVD,inicial,64,160,1491,26,incluido,0.3
3,SVD,inicial,65,65,1586,11,incluido,0.1
3,SVD,inicial,66,31,1620,3,incluido,0.0
3,SVD,inicial,67,24,1627,5,incluido,0.0
3,SVD,inicial,68,25,1626,5,incluido,0.0
3,SVD,inicial,69,54,1597,7,incluido,0.0
3,SVD,inicial,70,97,1554,16,incluido,0.1
3,SVD,inicial,71,30,1621,6,incluido,0.0
3,SVD,inicial,72,111,1540,22,incluido,0.3
3,SVD,inicial,73,47,1604,15,incluido,0.1
3,SVD,inicial,74,34,1617,4,incluido,0.0
3,SVD,inicial,75,65,1586,9,incluido,0.1
3,SVD,inicial,76,72,1579,4,incluido,0.1
3,SVD,inicial,77,63,1588,6,incluido,0.1
3,SVD,inicial,78,16,1635,3,incluido,0.0
3,SVD,inicial,79,45,1606,6,incluido,0.0
3,SVD,inicial,80,25,1626,1,incluido,0.0
3,SVD,inicial,81,45,1606,5,incluido,0.0
3,SVD,inicial,82,129,1522,11,incluido,0.0
3,SVD,inicial,83,125,1526,17,incluido,0.2
3,SVD,inicial,84,57,1594,6,incluido,0.0
3,SVD,inicial,85,232,1419,27,incluido,0.2
3,SVD,inicial,86,20,1631,1,incluido,0.0
3,SVD,inicial,87,166,1485,27,incluido,0.1
3,SVD,inicial,88,17,1634,3,incluido,0.0
3,SVD,inicial,89,65,1586,10,incluido,0.0
3,SVD,inicial,90,243,1408,48,incluido,0.3
3,SVD,inicial,91,79,1572,15,incluido,0.2
3,SVD,inicial,92,310,1341,39,incluido,0.6
3,SVD,inicial,93,13,1638,4,incluido,0.0
3,SVD,inicial,94,312,1339,58,incluido,0.3
3,SVD,inicial,95,223,1428,29,incluido,0.1
3,SVD,inicial,96,44,1607,12,incluido,0.1
3,SVD,inicial,97,57,1594,3,incluido,0.0
3,SVD,inicial,98,20,1631,5,incluido,0.0
3,SVD,inicial,99,113,1538,14,incluido,0.0
3,SVD,inicial,100,50,1601,2,incluido,0.0
3,SVD,inicial,101,50,1601,4,incluido,0.0
3,SVD,inicial,102,177,1474,2,incluido,0.0
3,SVD,inicial,103,23,1628,3,incluido,0.0
3,SVD,inicial,104,94,1557,4,incluido,0.0
3,SVD,inicial,105,16,1635,3,incluido,0.0
3,SVD,inicial,106,44,1607,15,incluido,0.1
3,SVD,inicial,107,19,1632,1,incluido,0.0
3,SVD,inicial,108,27,1624,2,incluido,0.0
3,SVD,inicial,109,194,1457,18,incluido,0.2
3,SVD,inicial,110,104,1547,11,incluido,0.0
3,SVD,inicial,111,18,1633,4,incluido,0.0
3,SVD,inicial,112,34,1617,9,incluido,0.0
3,SVD,inicial,113,37,1614,11,incluido,0.0
3,SVD,inicial,114,39,1612,2,incluido,0.0
3,SVD,inicial,115,75,1576,13,incluido,0.1
3,SVD,inicial,116,111,1540,6,incluido,0.1
3,SVD,inicial,117,70,1581,11,incluido,0.0
3,SVD,inicial,118,59,1592,12,incluido,0.2
3,SVD,inicial,119,144,1507,26,incluido,0.1
3,SVD,inicial,120,22,1629,3,incluido,0.0
3,SVD,inicial,121,55,1596,12,incluido,0.2
3,SVD,inicial,122,54,1597,4,incluido,0.0
3,SVD,inicial,123,39,1612,9,incluido,0.1
3,SVD,inicial,124,18,1633,4,incluido,0.0
3,SVD,inicial,125,151,1500,16,incluido,0.5
3,SVD,inicial,126,35,1616,3,incluido,0.0
3,SVD,inicial,127,21,1630,2,incluido,0.0
3,SVD,inicial,128,148,1503,23,incluido,0.2
3,SVD,inicial,129,26,1625,1,incluido,0.0
3,SVD,inicial,130,285,1366,49,incluido,0.1
3,SVD,inicial,131,21,1630,6,incluido,0.0
3,SVD,inicial,132,18,1633,4,incluido,0.1
3,SVD,inicial,133,19,1632,3,incluido,0.0
3,SVD,inicial,134,22,1629,1,incluido,0.0
3,SVD,inicial,135,44,1607,4,incluido,0.1
3,SVD,inicial,136,30,1621,5,incluido,0.0
3,SVD,inicial,137,41,1610,5,incluido,0.1
3,SVD,inicial,138,36,1615,14,incluido,0.1
3,SVD,inicial,139,20,1631,4,incluido,0.0
3,SVD,inicial,140,16,1635,2,incluido,0.0
3,SVD,inicial,141,79,1572,19,incluido,0.0
3,SVD,inicial,142,29,1622,2,incluido,0.0
3,SVD,inicial,143,17,1634,2,incluido,0.0
3,SVD,inicial,144,175,1476,20,incluido,0.2
3,SVD,inicial,145,254,1397,27,incluido,0.1
3,SVD,inicial,146,23,1628,3,incluido,0.0
3,SVD,inicial,147,15,1636,5,incluido,0.0
3,SVD,inicial,148,44,1607,17,incluido,0.2
3,SVD,inicial,149,27,1624,4,incluido,0.0
3,SVD,inicial,150,28,1623,3,incluido,0.0
3,SVD,inicial,151,242,1409,47,incluido,0.3
3,SVD,inicial,152,88,1563,15,incluido,0.0
3,SVD,inicial,153,19,1632,1,incluido,0.1
3,SVD,inicial,154,42,1609,4,incluido,0.0
3,SVD,inicial,155,17,1634,0,sem_relevante_elegivel,
3,SVD,inicial,156,32,1619,2,incluido,0.2
3,SVD,inicial,157,46,1605,4,incluido,0.0
3,SVD,inicial,158,139,1512,20,incluido,0.1
3,SVD,inicial,159,91,1560,5,incluido,0.0
3,SVD,inicial,160,86,1565,23,incluido,0.1
3,SVD,inicial,161,48,1603,0,sem_relevante_elegivel,
3,SVD,inicial,162,33,1618,7,incluido,0.0
3,SVD,inicial,163,16,1635,4,incluido,0.1
3,SVD,inicial,164,48,1603,12,incluido,0.0
3,SVD,inicial,165,24,1627,4,incluido,0.2
3,SVD,inicial,166,18,1633,1,incluido,0.0
3,SVD,inicial,167,58,1593,2,incluido,0.1
3,SVD,inicial,168,59,1592,7,incluido,0.0
3,SVD,inicial,169,31,1620,4,incluido,0.1
3,SVD,inicial,170,18,1633,2,incluido,0.0
3,SVD,inicial,171,25,1626,1,incluido,0.0
3,SVD,inicial,172,20,1631,2,incluido,0.0
3,SVD,inicial,173,35,1616,7,incluido,0.0
3,SVD,inicial,174,141,1510,20,incluido,0.0
3,SVD,inicial,175,25,1626,9,incluido,0.1
3,SVD,inicial,176,49,1602,10,incluido,0.0
3,SVD,inicial,177,94,1557,13,incluido,0.0
3,SVD,inicial,178,232,1419,26,incluido,0.2
3,SVD,inicial,179,37,1614,3,incluido,0.0
3,SVD,inicial,180,43,1608,15,incluido,0.1
3,SVD,inicial,181,328,1323,6,incluido,0.0
3,SVD,inicial,182,25,1626,1,incluido,0.0
3,SVD,inicial,183,47,1604,2,incluido,0.0
3,SVD,inicial,184,196,1455,37,incluido,0.0
3,SVD,inicial,185,39,1612,8,incluido,0.1
3,SVD,inicial,186,72,1579,13,incluido,0.0
3,SVD,inicial,187,45,1606,10,incluido,0.0
3,SVD,inicial,188,85,1566,18,incluido,0.2
3,SVD,inicial,189,146,1505,27,incluido,0.2
3,SVD,inicial,190,47,1604,6,incluido,0.1
3,SVD,inicial,191,21,1630,2,incluido,0.0
3,SVD,inicial,192,31,1620,1,incluido,0.0
3,SVD,inicial,193,96,1555,12,incluido,0.0
3,SVD,inicial,194,244,1407,14,incluido,0.0
3,SVD,inicial,195,83,1568,5,incluido,0.0
3,SVD,inicial,196,32,1619,3,incluido,0.0
3,SVD,inicial,197,85,1566,12,incluido,0.2
3,SVD,inicial,198,140,1511,16,incluido,0.0
3,SVD,inicial,199,34,1617,3,incluido,0.0
3,SVD,inicial,200,172,1479,33,incluido,0.2
3,SVD,inicial,201,310,1341,29,incluido,0.0
3,SVD,inicial,202,17,1634,1,incluido,0.0
3,SVD,inicial,203,30,1621,7,incluido,0.1
3,SVD,inicial,204,33,1618,7,incluido,0.0
3,SVD,inicial,205,17,1634,3,incluido,0.0
3,SVD,inicial,206,51,1600,2,incluido,0.0
3,SVD,inicial,207,183,1468,16,incluido,0.2
3,SVD,inicial,208,27,1624,3,incluido,0.0
3,SVD,inicial,209,27,1624,2,incluido,0.0
3,SVD,inicial,210,108,1543,18,incluido,0.1
3,SVD,inicial,211,31,1620,4,incluido,0.1
3,SVD,inicial,212,17,1634,8,incluido,0.1
3,SVD,inicial,213,106,1545,18,incluido,0.0
3,SVD,inicial,214,100,1551,18,incluido,0.2
3,SVD,inicial,215,73,1578,14,incluido,0.0
3,SVD,inicial,216,103,1548,21,incluido,0.1
3,SVD,inicial,217,58,1593,5,incluido,0.0
3,SVD,inicial,218,38,1613,6,incluido,0.0
3,SVD,inicial,219,24,1627,3,incluido,0.0
3,SVD,inicial,220,15,1636,4,incluido,0.0
3,SVD,inicial,221,117,1534,14,incluido,0.1
3,SVD,inicial,222,292,1359,32,incluido,0.2
3,SVD,inicial,223,87,1564,7,incluido,0.2
3,SVD,inicial,224,118,1533,12,incluido,0.1
3,SVD,inicial,225,25,1626,2,incluido,0.0
3,SVD,inicial,226,38,1613,6,incluido,0.0
3,SVD,inicial,227,52,1599,1,incluido,0.0
3,SVD,inicial,228,15,1636,2,incluido,0.0
3,SVD,inicial,229,22,1629,3,incluido,0.0
3,SVD,inicial,230,115,1536,11,incluido,0.2
3,SVD,inicial,231,16,1635,2,incluido,0.0
3,SVD,inicial,232,77,1574,11,incluido,0.2
3,SVD,inicial,233,90,1561,19,incluido,0.1
3,SVD,inicial,234,385,1266,34,incluido,0.5
3,SVD,inicial,235,66,1585,22,incluido,0.0
3,SVD,inicial,236,94,1557,14,incluido,0.1
3,SVD,inicial,237,42,1609,6,incluido,0.2
3,SVD,inicial,238,26,1625,0,sem_relevante_elegivel,
3,SVD,inicial,239,123,1528,25,incluido,0.3
3,SVD,inicial,240,16,1635,4,incluido,0.0
3,SVD,inicial,241,19,1632,1,incluido,0.0
3,SVD,inicial,242,15,1636,3,incluido,0.0
3,SVD,inicial,243,61,1590,13,incluido,0.0
3,SVD,inicial,244,185,1466,31,incluido,0.2
3,SVD,inicial,245,21,1630,1,incluido,0.0
3,SVD,inicial,246,156,1495,15,incluido,0.1
3,SVD,inicial,247,21,1630,4,incluido,0.1
3,SVD,inicial,248,40,1611,10,incluido,0.1
3,SVD,inicial,249,126,1525,26,incluido,0.2
3,SVD,inicial,250,102,1549,14,incluido,0.0
3,SVD,inicial,251,67,1584,7,incluido,0.0
3,SVD,inicial,252,17,1634,4,incluido,0.0
3,SVD,inicial,253,76,1575,16,incluido,0.2
3,SVD,inicial,254,123,1528,14,incluido,0.4
3,SVD,inicial,255,67,1584,4,incluido,0.0
3,SVD,inicial,256,163,1488,30,incluido,0.1
3,SVD,inicial,257,48,1603,5,incluido,0.0
3,SVD,inicial,258,16,1635,4,incluido,0.0
3,SVD,inicial,259,36,1615,5,incluido,0.0
3,SVD,inicial,260,16,1635,5,incluido,0.1
3,SVD,inicial,261,23,1628,3,incluido,0.0
3,SVD,inicial,262,126,1525,12,incluido,0.0
3,SVD,inicial,263,96,1555,18,incluido,0.1
3,SVD,inicial,264,97,1554,21,incluido,0.0
3,SVD,inicial,265,41,1610,4,incluido,0.0
3,SVD,inicial,266,21,1630,1,incluido,0.0
3,SVD,inicial,267,149,1502,25,incluido,0.4
3,SVD,inicial,268,261,1390,21,incluido,0.3
3,SVD,inicial,269,248,1403,30,incluido,0.3
3,SVD,inicial,270,115,1536,19,incluido,0.1
3,SVD,inicial,271,215,1436,36,incluido,0.5
3,SVD,inicial,272,39,1612,12,incluido,0.1
3,SVD,inicial,273,17,1634,3,incluido,0.0
3,SVD,inicial,274,55,1596,9,incluido,0.0
3,SVD,inicial,275,85,1566,2,incluido,0.0
3,SVD,inicial,276,403,1248,68,incluido,0.2
3,SVD,inicial,277,47,1604,4,incluido,0.0
3,SVD,inicial,278,19,1632,3,incluido,0.0
3,SVD,inicial,279,343,1308,42,incluido,0.0
3,SVD,inicial,280,217,1434,24,incluido,0.0
3,SVD,inicial,281,23,1628,1,incluido,0.0
3,SVD,inicial,282,18,1633,2,incluido,0.0
3,SVD,inicial,283,42,1609,8,incluido,0.0
3,SVD,inicial,284,38,1613,4,incluido,0.0
3,SVD,inicial,285,25,1626,4,incluido,0.1
3,SVD,inicial,286,226,1425,41,incluido,0.0
3,SVD,inicial,287,53,1598,8,incluido,0.0
3,SVD,inicial,288,47,1604,17,incluido,0.1
3,SVD,inicial,289,21,1630,3,incluido,0.0
3,SVD,inicial,290,122,1529,13,incluido,0.2
3,SVD,inicial,291,236,1415,37,incluido,0.1
3,SVD,inicial,292,105,1546,15,incluido,0.1
3,SVD,inicial,293,322,1329,24,incluido,0.3
3,SVD,inicial,294,119,1532,13,incluido,0.0
3,SVD,inicial,295,162,1489,30,incluido,0.2
3,SVD,inicial,296,117,1534,24,incluido,0.0
3,SVD,inicial,297,155,1496,13,incluido,0.1
3,SVD,inicial,298,106,1545,16,incluido,0.2
3,SVD,inicial,299,221,1430,35,incluido,0.2
3,SVD,inicial,300,15,1636,2,incluido,0.0
3,SVD,inicial,301,224,1427,26,incluido,0.0
3,SVD,inicial,302,18,1633,2,incluido,0.0
3,SVD,inicial,303,403,1248,45,incluido,0.4
3,SVD,inicial,304,19,1632,3,incluido,0.0
3,SVD,inicial,305,182,1469,16,incluido,0.3
3,SVD,inicial,306,21,1630,6,incluido,0.0
3,SVD,inicial,307,97,1554,10,incluido,0.2
3,SVD,inicial,308,312,1339,56,incluido,0.5
3,SVD,inicial,309,18,1633,1,incluido,0.0
3,SVD,inicial,310,18,1633,1,incluido,0.0
3,SVD,inicial,311,233,1418,36,incluido,0.4
3,SVD,inicial,312,172,1479,41,incluido,0.3
3,SVD,inicial,313,202,1449,32,incluido,0.4
3,SVD,inicial,314,188,1463,41,incluido,0.3
3,SVD,inicial,315,72,1579,11,incluido,0.0
3,SVD,inicial,316,59,1592,12,incluido,0.1
3,SVD,inicial,317,19,1632,2,incluido,0.0
3,SVD,inicial,318,140,1511,21,incluido,0.1
3,SVD,inicial,319,18,1633,1,incluido,0.0
3,SVD,inicial,320,126,1525,18,incluido,0.1
3,SVD,inicial,321,102,1549,11,incluido,0.0
3,SVD,inicial,322,39,1612,8,incluido,0.2
3,SVD,inicial,323,66,1585,13,incluido,0.1
3,SVD,inicial,324,52,1599,12,incluido,0.1
3,SVD,inicial,325,115,1536,17,incluido,0.1
3,SVD,inicial,326,147,1504,20,incluido,0.3
3,SVD,inicial,327,213,1438,38,incluido,0.3
3,SVD,inicial,328,215,1436,30,incluido,0.2
3,SVD,inicial,329,50,1601,7,incluido,0.0
3,SVD,inicial,330,122,1529,22,incluido,0.2
3,SVD,inicial,331,59,1592,8,incluido,0.0
3,SVD,inicial,332,147,1504,26,incluido,0.2
3,SVD,inicial,333,25,1626,0,sem_relevante_elegivel,
3,SVD,inicial,334,263,1388,33,incluido,0.1
3,SVD,inicial,335,16,1635,3,incluido,0.0
3,SVD,inicial,336,103,1548,12,incluido,0.0
3,SVD,inicial,337,27,1624,7,incluido,0.0
3,SVD,inicial,338,62,1589,11,incluido,0.2
3,SVD,inicial,339,198,1453,39,incluido,0.3
3,SVD,inicial,340,32,1619,10,incluido,0.0
3,SVD,inicial,341,19,1632,0,sem_relevante_elegivel,
3,SVD,inicial,342,152,1499,22,incluido,0.0
3,SVD,inicial,343,182,1469,44,incluido,0.4
3,SVD,inicial,344,146,1505,24,incluido,0.2
3,SVD,inicial,345,180,1471,37,incluido,0.1
3,SVD,inicial,346,152,1499,16,incluido,0.0
3,SVD,inicial,347,153,1498,27,incluido,0.1
3,SVD,inicial,348,43,1608,12,incluido,0.0
3,SVD,inicial,349,33,1618,6,incluido,0.0
3,SVD,inicial,350,41,1610,9,incluido,0.1
3,SVD,inicial,351,39,1612,4,incluido,0.0
3,SVD,inicial,352,33,1618,4,incluido,0.0
3,SVD,inicial,353,19,1632,2,incluido,0.0
3,SVD,inicial,354,182,1469,35,incluido,0.1
3,SVD,inicial,355,20,1631,4,incluido,0.0
3,SVD,inicial,356,22,1629,1,incluido,0.0
3,SVD,inicial,357,59,1592,13,incluido,0.0
3,SVD,inicial,358,31,1620,10,incluido,0.0
3,SVD,inicial,359,20,1631,6,incluido,0.0
3,SVD,inicial,360,85,1566,12,incluido,0.1
3,SVD,inicial,361,95,1556,15,incluido,0.1
3,SVD,inicial,362,19,1632,2,incluido,0.0
3,SVD,inicial,363,261,1390,18,incluido,0.1
3,SVD,inicial,364,17,1634,2,incluido,0.0
3,SVD,inicial,365,46,1605,8,incluido,0.0
3,SVD,inicial,366,26,1625,7,incluido,0.0
3,SVD,inicial,367,50,1601,5,incluido,0.0
3,SVD,inicial,368,30,1621,8,incluido,0.0
3,SVD,inicial,369,17,1634,5,incluido,0.1
3,SVD,inicial,370,52,1599,12,incluido,0.1
3,SVD,inicial,371,41,1610,7,incluido,0.1
3,SVD,inicial,372,50,1601,14,incluido,0.2
3,SVD,inicial,373,184,1467,28,incluido,0.2
3,SVD,inicial,374,216,1435,30,incluido,0.3
3,SVD,inicial,375,24,1627,4,incluido,0.1
3,SVD,inicial,376,25,1626,3,incluido,0.0
3,SVD,inicial,377,28,1623,2,incluido,0.0
3,SVD,inicial,378,306,1345,29,incluido,0.1
3,SVD,inicial,379,153,1498,37,incluido,0.3
3,SVD,inicial,380,131,1520,15,incluido,0.3
3,SVD,inicial,381,101,1550,17,incluido,0.0
3,SVD,inicial,382,42,1609,4,incluido,0.0
3,SVD,inicial,383,53,1598,15,incluido,0.1
3,SVD,inicial,384,18,1633,3,incluido,0.0
3,SVD,inicial,385,224,1427,23,incluido,0.3
3,SVD,inicial,386,18,1633,2,incluido,0.0
3,SVD,inicial,387,252,1399,32,incluido,0.2
3,SVD,inicial,388,46,1605,6,incluido,0.0
3,SVD,inicial,389,216,1435,33,incluido,0.2
3,SVD,inicial,390,24,1627,5,incluido,0.0
3,SVD,inicial,391,102,1549,11,incluido,0.1
3,SVD,inicial,392,80,1571,23,incluido,0.2
3,SVD,inicial,393,363,1288,33,incluido,0.1
3,SVD,inicial,394,122,1529,19,incluido,0.0
3,SVD,inicial,395,45,1606,6,incluido,0.0
3,SVD,inicial,396,44,1607,7,incluido,0.0
3,SVD,inicial,397,86,1565,11,incluido,0.3
3,SVD,inicial,398,137,1514,23,incluido,0.1
3,SVD,inicial,399,257,1394,12,incluido,0.2
3,SVD,inicial,400,15,1636,5,incluido,0.0
3,SVD,inicial,401,118,1533,15,incluido,0.0
3,SVD,inicial,402,55,1596,9,incluido,0.0
3,SVD,inicial,403,36,1615,7,incluido,0.0
3,SVD,inicial,404,37,1614,3,incluido,0.0
3,SVD,inicial,405,578,1073,36,incluido,0.5
3,SVD,inicial,406,271,1380,40,incluido,0.1
3,SVD,inicial,407,189,1462,21,incluido,0.2
3,SVD,inicial,408,23,1628,2,incluido,0.0
3,SVD,inicial,409,161,1490,29,incluido,0.4
3,SVD,inicial,410,22,1629,2,incluido,0.0
3,SVD,inicial,411,42,1609,11,incluido,0.0
3,SVD,inicial,412,43,1608,6,incluido,0.1
3,SVD,inicial,413,40,1611,4,incluido,0.0
3,SVD,inicial,414,22,1629,2,incluido,0.0
3,SVD,inicial,415,18,1633,6,incluido,0.1
3,SVD,inicial,416,405,1246,56,incluido,0.6
3,SVD,inicial,417,303,1348,25,incluido,0.0
3,SVD,inicial,418,18,1633,2,incluido,0.0
3,SVD,inicial,419,24,1627,5,incluido,0.0
3,SVD,inicial,420,28,1623,7,incluido,0.0
3,SVD,inicial,421,49,1602,9,incluido,0.2
3,SVD,inicial,422,82,1569,9,incluido,0.0
3,SVD,inicial,423,48,1603,7,incluido,0.0
3,SVD,inicial,424,38,1613,2,incluido,0.0
3,SVD,inicial,425,164,1487,8,incluido,0.1
3,SVD,inicial,426,84,1567,14,incluido,0.4
3,SVD,inicial,427,24,1627,5,incluido,0.0
3,SVD,inicial,428,45,1606,8,incluido,0.1
3,SVD,inicial,429,318,1333,37,incluido,0.6
3,SVD,inicial,430,54,1597,7,incluido,0.0
3,SVD,inicial,431,16,1635,3,incluido,0.0
3,SVD,inicial,432,49,1602,10,incluido,0.1
3,SVD,inicial,433,35,1616,2,incluido,0.0
3,SVD,inicial,434,37,1614,5,incluido,0.0
3,SVD,inicial,435,288,1363,38,incluido,0.2
3,SVD,inicial,436,117,1534,18,incluido,0.0
3,SVD,inicial,437,212,1439,34,incluido,0.3
3,SVD,inicial,438,29,1622,4,incluido,0.0
3,SVD,inicial,439,21,1630,6,incluido,0.0
3,SVD,inicial,440,46,1605,3,incluido,0.0
3,SVD,inicial,441,16,1635,3,incluido,0.0
3,SVD,inicial,442,116,1535,8,incluido,0.1
3,SVD,inicial,443,23,1628,0,sem_relevante_elegivel,
3,SVD,inicial,444,22,1629,2,incluido,0.0
3,SVD,inicial,445,105,1546,0,sem_relevante_elegivel,
3,SVD,inicial,446,27,1624,2,incluido,0.0
3,SVD,inicial,447,114,1537,14,incluido,0.1
3,SVD,inicial,448,32,1619,3,incluido,0.0
3,SVD,inicial,449,54,1597,14,incluido,0.0
3,SVD,inicial,450,432,1219,78,incluido,0.3
3,SVD,inicial,451,78,1573,6,incluido,0.0
3,SVD,inicial,452,171,1480,19,incluido,0.4
3,SVD,inicial,453,129,1522,14,incluido,0.1
3,SVD,inicial,454,180,1471,16,incluido,0.3
3,SVD,inicial,455,156,1495,19,incluido,0.2
3,SVD,inicial,456,161,1490,28,incluido,0.1
3,SVD,inicial,457,227,1424,36,incluido,0.3
3,SVD,inicial,458,150,1501,22,incluido,0.2
3,SVD,inicial,459,97,1554,13,incluido,0.0
3,SVD,inicial,460,53,1598,5,incluido,0.0
3,SVD,inicial,461,18,1633,1,incluido,0.0
3,SVD,inicial,462,22,1629,9,incluido,0.0
3,SVD,inicial,463,101,1550,9,incluido,0.0
3,SVD,inicial,464,42,1609,9,incluido,0.0
3,SVD,inicial,465,63,1588,6,incluido,0.1
3,SVD,inicial,466,77,1574,7,incluido,0.0
3,SVD,inicial,467,36,1615,5,incluido,0.1
3,SVD,inicial,468,113,1538,24,incluido,0.2
3,SVD,inicial,469,33,1618,10,incluido,0.1
3,SVD,inicial,470,50,1601,4,incluido,0.0
3,SVD,inicial,471,23,1628,4,incluido,0.0
3,SVD,inicial,472,204,1447,54,incluido,0.1
3,SVD,inicial,473,28,1623,5,incluido,0.1
3,SVD,inicial,474,257,1394,55,incluido,0.4
3,SVD,inicial,475,15,1636,3,incluido,0.0
3,SVD,inicial,476,67,1584,7,incluido,0.0
3,SVD,inicial,477,26,1625,9,incluido,0.1
3,SVD,inicial,478,98,1553,11,incluido,0.0
3,SVD,inicial,479,168,1483,18,incluido,0.2
3,SVD,inicial,480,45,1606,11,incluido,0.2
3,SVD,inicial,481,45,1606,10,incluido,0.0
3,SVD,inicial,482,20,1631,3,incluido,0.0
3,SVD,inicial,483,47,1604,3,incluido,0.0
3,SVD,inicial,484,113,1538,22,incluido,0.1
3,SVD,inicial,485,20,1631,2,incluido,0.0
3,SVD,inicial,486,152,1499,15,incluido,0.0
3,SVD,inicial,487,187,1464,29,incluido,0.1
3,SVD,inicial,488,123,1528,16,incluido,0.1
3,SVD,inicial,489,81,1570,17,incluido,0.0
3,SVD,inicial,490,47,1604,4,incluido,0.0
3,SVD,inicial,491,29,1622,2,incluido,0.0
3,SVD,inicial,492,44,1607,1,incluido,0.0
3,SVD,inicial,493,113,1538,16,incluido,0.1
3,SVD,inicial,494,37,1614,5,incluido,0.0
3,SVD,inicial,495,173,1478,28,incluido,0.0
3,SVD,inicial,496,104,1547,10,incluido,0.0
3,SVD,inicial,497,217,1434,19,incluido,0.0
3,SVD,inicial,498,116,1535,15,incluido,0.2
3,SVD,inicial,499,81,1570,16,incluido,0.1
3,SVD,inicial,500,168,1483,28,incluido,0.0
3,SVD,inicial,501,61,1590,9,incluido,0.0
3,SVD,inicial,502,30,1621,1,incluido,0.0
3,SVD,inicial,503,121,1530,26,incluido,0.1
3,SVD,inicial,504,181,1470,48,incluido,0.0
3,SVD,inicial,505,94,1557,11,incluido,0.0
3,SVD,inicial,506,207,1444,23,incluido,0.1
3,SVD,inicial,507,42,1609,13,incluido,0.0
3,SVD,inicial,508,69,1582,13,incluido,0.1
3,SVD,inicial,509,28,1623,1,incluido,0.0
3,SVD,inicial,510,26,1625,1,incluido,0.0
3,SVD,inicial,511,22,1629,2,incluido,0.0
3,SVD,inicial,512,19,1632,2,incluido,0.1
3,SVD,inicial,513,21,1630,1,incluido,0.0
3,SVD,inicial,514,167,1484,21,incluido,0.2
3,SVD,inicial,515,33,1618,2,incluido,0.0
3,SVD,inicial,516,16,1635,3,incluido,0.1
3,SVD,inicial,517,30,1621,3,incluido,0.0
3,SVD,inicial,518,59,1592,9,incluido,0.0
3,SVD,inicial,519,38,1613,8,incluido,0.0
3,SVD,inicial,520,17,1634,5,incluido,0.0
3,SVD,inicial,521,118,1533,9,incluido,0.0
3,SVD,inicial,522,27,1624,3,incluido,0.0
3,SVD,inicial,523,84,1567,13,incluido,0.0
3,SVD,inicial,524,235,1416,32,incluido,0.3
3,SVD,inicial,525,44,1607,5,incluido,0.0
3,SVD,inicial,526,56,1595,4,incluido,0.1
3,SVD,inicial,527,109,1542,18,incluido,0.2
3,SVD,inicial,528,41,1610,5,incluido,0.0
3,SVD,inicial,529,35,1616,7,incluido,0.0
3,SVD,inicial,530,39,1612,5,incluido,0.0
3,SVD,inicial,531,26,1625,4,incluido,0.0
3,SVD,inicial,532,213,1438,41,incluido,0.2
3,SVD,inicial,533,210,1441,29,incluido,0.0
3,SVD,inicial,534,61,1590,18,incluido,0.0
3,SVD,inicial,535,163,1488,39,incluido,0.4
3,SVD,inicial,536,126,1525,26,incluido,0.2
3,SVD,inicial,537,404,1247,28,incluido,0.3
3,SVD,inicial,538,72,1579,5,incluido,0.1
3,SVD,inicial,539,46,1605,7,incluido,0.0
3,SVD,inicial,540,46,1605,10,incluido,0.0
3,SVD,inicial,541,94,1557,20,incluido,0.0
3,SVD,inicial,542,101,1550,15,incluido,0.0
3,SVD,inicial,543,162,1489,17,incluido,0.2
3,SVD,inicial,544,25,1626,2,incluido,0.0
3,SVD,inicial,545,131,1520,14,incluido,0.0
3,SVD,inicial,546,47,1604,9,incluido,0.0
3,SVD,inicial,547,19,1632,3,incluido,0.0
3,SVD,inicial,548,124,1527,18,incluido,0.0
3,SVD,inicial,549,20,1631,3,incluido,0.0
3,SVD,inicial,550,34,1617,4,incluido,0.0
3,SVD,inicial,551,267,1384,47,incluido,0.0
3,SVD,inicial,552,74,1577,4,incluido,0.0
3,SVD,inicial,553,84,1567,13,incluido,0.2
3,SVD,inicial,554,90,1561,13,incluido,0.2
3,SVD,inicial,555,43,1608,7,incluido,0.2
3,SVD,inicial,556,38,1613,6,incluido,0.0
3,SVD,inicial,557,44,1607,7,incluido,0.0
3,SVD,inicial,558,16,1635,3,incluido,0.0
3,SVD,inicial,559,63,1588,4,incluido,0.0
3,SVD,inicial,560,80,1571,8,incluido,0.0
3,SVD,inicial,561,284,1367,22,incluido,0.4
3,SVD,inicial,562,59,1592,8,incluido,0.1
3,SVD,inicial,563,23,1628,4,incluido,0.0
3,SVD,inicial,564,27,1624,1,incluido,0.0
3,SVD,inicial,565,27,1624,8,incluido,0.1
3,SVD,inicial,566,123,1528,16,incluido,0.2
3,SVD,inicial,567,124,1527,22,incluido,0.2
3,SVD,inicial,568,58,1593,15,incluido,0.0
3,SVD,inicial,569,53,1598,11,incluido,0.0
3,SVD,inicial,570,18,1633,1,incluido,0.0
3,SVD,inicial,571,11,1640,5,incluido,0.0
3,SVD,inicial,572,13,1638,5,incluido,0.0
3,SVD,inicial,573,40,1611,7,incluido,0.0
3,SVD,inicial,574,40,1611,2,incluido,0.0
3,SVD,inicial,575,20,1631,2,incluido,0.0
3,SVD,inicial,576,29,1622,5,incluido,0.0
3,SVD,inicial,577,141,1510,27,incluido,0.1
3,SVD,inicial,578,19,1632,1,incluido,0.0
3,SVD,inicial,579,57,1594,7,incluido,0.0
3,SVD,inicial,580,38,1613,6,incluido,0.0
3,SVD,inicial,581,23,1628,4,incluido,0.0
3,SVD,inicial,582,47,1604,7,incluido,0.0
3,SVD,inicial,583,18,1633,9,incluido,0.0
3,SVD,inicial,584,18,1633,4,incluido,0.1
3,SVD,inicial,585,73,1578,6,incluido,0.0
3,SVD,inicial,586,137,1514,12,incluido,0.0
3,SVD,inicial,587,79,1572,9,incluido,0.0
3,SVD,inicial,588,181,1470,22,incluido,0.0
3,SVD,inicial,589,37,1614,2,incluido,0.0
3,SVD,inicial,590,43,1608,3,incluido,0.0
3,SVD,inicial,591,66,1585,7,incluido,0.0
3,SVD,inicial,592,283,1368,53,incluido,0.5
3,SVD,inicial,593,126,1525,17,incluido,0.0
3,SVD,inicial,594,23,1628,1,incluido,0.0
3,SVD,inicial,595,71,1580,10,incluido,0.0
3,SVD,inicial,596,17,1634,2,incluido,0.0
3,SVD,inicial,597,35,1616,2,incluido,0.0
3,SVD,inicial,598,17,1634,6,incluido,0.0
3,SVD,inicial,599,38,1613,6,incluido,0.0
3,SVD,inicial,600,72,1579,8,incluido,0.0
3,SVD,inicial,601,119,1532,17,incluido,0.4
3,SVD,inicial,602,27,1624,0,sem_relevante_elegivel,
3,SVD,inicial,603,41,1610,4,incluido,0.0
3,SVD,inicial,604,26,1625,1,incluido,0.0
3,SVD,inicial,605,63,1588,18,incluido,0.2
3,SVD,inicial,606,198,1453,26,incluido,0.1
3,SVD,inicial,607,29,1622,5,incluido,0.0
3,SVD,inicial,608,132,1519,18,incluido,0.2
3,SVD,inicial,609,22,1629,5,incluido,0.0
3,SVD,inicial,610,62,1589,9,incluido,0.0
3,SVD,inicial,611,36,1615,3,incluido,0.0
3,SVD,inicial,612,23,1628,3,incluido,0.0
3,SVD,inicial,613,24,1627,3,incluido,0.0
3,SVD,inicial,614,34,1617,1,incluido,0.0
3,SVD,inicial,615,78,1573,19,incluido,0.2
3,SVD,inicial,616,34,1617,5,incluido,0.0
3,SVD,inicial,617,79,1572,10,incluido,0.0
3,SVD,inicial,618,164,1487,21,incluido,0.2
3,SVD,inicial,619,75,1576,7,incluido,0.2
3,SVD,inicial,620,85,1566,18,incluido,0.0
3,SVD,inicial,621,137,1514,21,incluido,0.0
3,SVD,inicial,622,179,1472,27,incluido,0.2
3,SVD,inicial,623,38,1613,3,incluido,0.0
3,SVD,inicial,624,114,1537,11,incluido,0.0
3,SVD,inicial,625,87,1564,9,incluido,0.0
3,SVD,inicial,626,28,1623,0,sem_relevante_elegivel,
3,SVD,inicial,627,156,1495,12,incluido,0.1
3,SVD,inicial,628,24,1627,3,incluido,0.0
3,SVD,inicial,629,91,1560,22,incluido,0.0
3,SVD,inicial,630,88,1563,11,incluido,0.0
3,SVD,inicial,631,16,1635,2,incluido,0.0
3,SVD,inicial,632,93,1558,12,incluido,0.2
3,SVD,inicial,633,50,1601,2,incluido,0.0
3,SVD,inicial,634,107,1544,12,incluido,0.0
3,SVD,inicial,635,26,1625,3,incluido,0.0
3,SVD,inicial,636,17,1634,3,incluido,0.1
3,SVD,inicial,637,86,1565,5,incluido,0.1
3,SVD,inicial,638,54,1597,4,incluido,0.0
3,SVD,inicial,639,126,1525,8,incluido,0.1
3,SVD,inicial,640,86,1565,19,incluido,0.0
3,SVD,inicial,641,29,1622,7,incluido,0.0
3,SVD,inicial,642,259,1392,34,incluido,0.3
3,SVD,inicial,643,160,1491,27,incluido,0.2
3,SVD,inicial,644,33,1618,9,incluido,0.0
3,SVD,inicial,645,102,1549,13,incluido,0.1
3,SVD,inicial,646,29,1622,1,incluido,0.0
3,SVD,inicial,647,50,1601,6,incluido,0.0
3,SVD,inicial,648,237,1414,32,incluido,0.3
3,SVD,inicial,649,21,1630,2,incluido,0.0
3,SVD,inicial,650,245,1406,20,incluido,0.2
3,SVD,inicial,651,18,1633,1,incluido,0.0
3,SVD,inicial,652,18,1633,2,incluido,0.0
3,SVD,inicial,653,222,1429,19,incluido,0.3
3,SVD,inicial,654,117,1534,20,incluido,0.1
3,SVD,inicial,655,540,1111,25,incluido,0.2
3,SVD,inicial,656,21,1630,0,sem_relevante_elegivel,
3,SVD,inicial,657,20,1631,5,incluido,0.0
3,SVD,inicial,658,54,1597,9,incluido,0.0
3,SVD,inicial,659,163,1488,13,incluido,0.2
3,SVD,inicial,660,168,1483,12,incluido,0.3
3,SVD,inicial,661,88,1563,23,incluido,0.3
3,SVD,inicial,662,16,1635,5,incluido,0.0
3,SVD,inicial,663,121,1530,21,incluido,0.2
3,SVD,inicial,664,132,1519,25,incluido,0.3
3,SVD,inicial,665,127,1524,6,incluido,0.1
3,SVD,inicial,666,193,1458,30,incluido,0.1
3,SVD,inicial,667,38,1613,5,incluido,0.1
3,SVD,inicial,668,34,1617,8,incluido,0.0
3,SVD,inicial,669,78,1573,10,incluido,0.4
3,SVD,inicial,670,41,1610,4,incluido,0.0
3,SVD,inicial,671,102,1549,11,incluido,0.2
3,SVD,inicial,672,24,1627,2,incluido,0.0
3,SVD,inicial,673,28,1623,7,incluido,0.0
3,SVD,inicial,674,34,1617,5,incluido,0.0
3,SVD,inicial,675,31,1620,2,incluido,0.0
3,SVD,inicial,676,67,1584,8,incluido,0.1
3,SVD,inicial,677,36,1615,8,incluido,0.0
3,SVD,inicial,678,24,1627,2,incluido,0.1
3,SVD,inicial,679,50,1601,7,incluido,0.2
3,SVD,inicial,680,32,1619,3,incluido,0.2
3,SVD,inicial,681,19,1632,0,sem_relevante_elegivel,
3,SVD,inicial,682,331,1320,26,incluido,0.4
3,SVD,inicial,683,59,1592,6,incluido,0.0
3,SVD,inicial,684,70,1581,9,incluido,0.0
3,SVD,inicial,685,14,1637,0,sem_relevante_elegivel,
3,SVD,inicial,686,57,1594,11,incluido,0.0
3,SVD,inicial,687,17,1634,1,incluido,0.0
3,SVD,inicial,688,19,1632,5,incluido,0.0
3,SVD,inicial,689,29,1622,3,incluido,0.0
3,SVD,inicial,690,90,1561,10,incluido,0.2
3,SVD,inicial,691,27,1624,4,incluido,0.0
3,SVD,inicial,692,28,1623,6,incluido,0.0
3,SVD,inicial,693,126,1525,8,incluido,0.2
3,SVD,inicial,694,135,1516,19,incluido,0.2
3,SVD,inicial,695,27,1624,6,incluido,0.0
3,SVD,inicial,696,23,1628,4,incluido,0.0
3,SVD,inicial,697,83,1568,11,incluido,0.0
3,SVD,inicial,698,100,1551,7,incluido,0.0
3,SVD,inicial,699,118,1533,9,incluido,0.0
3,SVD,inicial,700,18,1633,2,incluido,0.0
3,SVD,inicial,701,25,1626,5,incluido,0.0
3,SVD,inicial,702,22,1629,5,incluido,0.0
3,SVD,inicial,703,40,1611,5,incluido,0.0
3,SVD,inicial,704,71,1580,12,incluido,0.0
3,SVD,inicial,705,92,1559,15,incluido,0.1
3,SVD,inicial,706,23,1628,3,incluido,0.0
3,SVD,inicial,707,194,1457,27,incluido,0.1
3,SVD,inicial,708,79,1572,12,incluido,0.1
3,SVD,inicial,709,117,1534,13,incluido,0.1
3,SVD,inicial,710,67,1584,9,incluido,0.1
3,SVD,inicial,711,170,1481,41,incluido,0.1
3,SVD,inicial,712,128,1523,23,incluido,0.0
3,SVD,inicial,713,24,1627,2,incluido,0.0
3,SVD,inicial,714,36,1615,4,incluido,0.0
3,SVD,inicial,715,135,1516,15,incluido,0.1
3,SVD,inicial,716,206,1445,45,incluido,0.3
3,SVD,inicial,717,72,1579,17,incluido,0.0
3,SVD,inicial,718,36,1615,1,incluido,0.0
3,SVD,inicial,719,55,1596,7,incluido,0.2
3,SVD,inicial,720,21,1630,7,incluido,0.0
3,SVD,inicial,721,141,1510,16,incluido,0.2
3,SVD,inicial,722,36,1615,4,incluido,0.0
3,SVD,inicial,723,17,1634,2,incluido,0.0
3,SVD,inicial,724,64,1587,4,incluido,0.0
3,SVD,inicial,725,18,1633,5,incluido,0.0
3,SVD,inicial,726,21,1630,1,incluido,0.0
3,SVD,inicial,727,268,1383,18,incluido,0.2
3,SVD,inicial,728,19,1632,6,incluido,0.0
3,SVD,inicial,729,16,1635,1,incluido,0.0
3,SVD,inicial,730,27,1624,4,incluido,0.0
3,SVD,inicial,731,57,1594,13,incluido,0.0
3,SVD,inicial,732,17,1634,2,incluido,0.0
3,SVD,inicial,733,85,1566,7,incluido,0.0
3,SVD,inicial,734,55,1596,6,incluido,0.0
3,SVD,inicial,735,47,1604,2,incluido,0.0
3,SVD,inicial,736,21,1630,2,incluido,0.0
3,SVD,inicial,737,28,1623,3,incluido,0.1
3,SVD,inicial,738,120,1531,14,incluido,0.2
3,SVD,inicial,739,29,1622,5,incluido,0.1
3,SVD,inicial,740,17,1634,2,incluido,0.0
3,SVD,inicial,741,76,1575,11,incluido,0.0
3,SVD,inicial,742,24,1627,2,incluido,0.0
3,SVD,inicial,743,26,1625,6,incluido,0.1
3,SVD,inicial,744,24,1627,0,sem_relevante_elegivel,
3,SVD,inicial,745,48,1603,2,incluido,0.0
3,SVD,inicial,746,54,1597,10,incluido,0.0
3,SVD,inicial,747,243,1408,43,incluido,0.6
3,SVD,inicial,748,82,1569,21,incluido,0.3
3,SVD,inicial,749,253,1398,29,incluido,0.1
3,SVD,inicial,750,24,1627,3,incluido,0.0
3,SVD,inicial,751,126,1525,24,incluido,0.2
3,SVD,inicial,752,59,1592,3,incluido,0.0
3,SVD,inicial,753,41,1610,10,incluido,0.0
3,SVD,inicial,754,26,1625,5,incluido,0.0
3,SVD,inicial,755,33,1618,3,incluido,0.0
3,SVD,inicial,756,91,1560,7,incluido,0.1
3,SVD,inicial,757,136,1515,15,incluido,0.0
3,SVD,inicial,758,276,1375,57,incluido,0.2
3,SVD,inicial,759,25,1626,6,incluido,0.0
3,SVD,inicial,760,30,1621,4,incluido,0.0
3,SVD,inicial,761,57,1594,2,incluido,0.0
3,SVD,inicial,762,15,1636,2,incluido,0.0
3,SVD,inicial,763,95,1556,22,incluido,0.2
3,SVD,inicial,764,85,1566,15,incluido,0.1
3,SVD,inicial,765,14,1637,6,incluido,0.0
3,SVD,inicial,766,139,1512,14,incluido,0.1
3,SVD,inicial,767,31,1620,6,incluido,0.0
3,SVD,inicial,768,55,1596,1,incluido,0.0
3,SVD,inicial,769,24,1627,2,incluido,0.0
3,SVD,inicial,770,47,1604,11,incluido,0.0
3,SVD,inicial,771,56,1595,9,incluido,0.1
3,SVD,inicial,772,26,1625,6,incluido,0.0
3,SVD,inicial,773,132,1519,15,incluido,0.1
3,SVD,inicial,774,182,1469,6,incluido,0.1
3,SVD,inicial,775,18,1633,8,incluido,0.0
3,SVD,inicial,776,88,1563,10,incluido,0.0
3,SVD,inicial,777,30,1621,4,incluido,0.0
3,SVD,inicial,778,54,1597,3,incluido,0.0
3,SVD,inicial,779,33,1618,4,incluido,0.0
3,SVD,inicial,780,42,1609,10,incluido,0.0
3,SVD,inicial,781,26,1625,10,incluido,0.1
3,SVD,inicial,782,189,1462,12,incluido,0.0
3,SVD,inicial,783,28,1623,2,incluido,0.0
3,SVD,inicial,784,30,1621,7,incluido,0.1
3,SVD,inicial,785,21,1630,4,incluido,0.1
3,SVD,inicial,786,98,1553,16,incluido,0.1
3,SVD,inicial,787,43,1608,4,incluido,0.0
3,SVD,inicial,788,211,1440,12,incluido,0.0
3,SVD,inicial,789,28,1623,1,incluido,0.0
3,SVD,inicial,790,184,1467,19,incluido,0.0
3,SVD,inicial,791,24,1627,1,incluido,0.0
3,SVD,inicial,792,34,1617,6,incluido,0.0
3,SVD,inicial,793,43,1608,7,incluido,0.0
3,SVD,inicial,794,27,1624,9,incluido,0.0
3,SVD,inicial,795,125,1526,10,incluido,0.0
3,SVD,inicial,796,289,1362,34,incluido,0.2
3,SVD,inicial,797,21,1630,2,incluido,0.0
3,SVD,inicial,798,196,1455,20,incluido,0.0
3,SVD,inicial,799,19,1632,3,incluido,0.0
3,SVD,inicial,800,24,1627,4,incluido,0.0
3,SVD,inicial,801,25,1626,1,incluido,0.0
3,SVD,inicial,802,64,1587,8,incluido,0.0
3,SVD,inicial,803,24,1627,3,incluido,0.0
3,SVD,inicial,804,263,1388,47,incluido,0.3
3,SVD,inicial,805,223,1428,23,incluido,0.0
3,SVD,inicial,806,115,1536,15,incluido,0.1
3,SVD,inicial,807,167,1484,27,incluido,0.0
3,SVD,inicial,808,17,1634,5,incluido,0.0
3,SVD,inicial,809,18,1633,2,incluido,0.0
3,SVD,inicial,810,19,1632,6,incluido,0.0
3,SVD,inicial,811,18,1633,2,incluido,0.0
3,SVD,inicial,812,19,1632,1,incluido,0.0
3,SVD,inicial,813,22,1629,2,incluido,0.0
3,SVD,inicial,814,27,1624,1,incluido,0.0
3,SVD,inicial,815,149,1502,23,incluido,0.3
3,SVD,inicial,816,23,1628,2,incluido,0.0
3,SVD,inicial,817,31,1620,2,incluido,0.0
3,SVD,inicial,818,17,1634,4,incluido,0.0
3,SVD,inicial,819,22,1629,5,incluido,0.0
3,SVD,inicial,820,18,1633,2,incluido,0.0
3,SVD,inicial,821,53,1598,8,incluido,0.2
3,SVD,inicial,822,19,1632,0,sem_relevante_elegivel,
3,SVD,inicial,823,149,1502,24,incluido,0.1
3,SVD,inicial,824,19,1632,0,sem_relevante_elegivel,
3,SVD,inicial,825,114,1537,14,incluido,0.0
3,SVD,inicial,826,85,1566,16,incluido,0.1
3,SVD,inicial,827,24,1627,1,incluido,0.0
3,SVD,inicial,828,79,1572,8,incluido,0.0
3,SVD,inicial,829,47,1604,9,incluido,0.1
3,SVD,inicial,830,91,1560,9,incluido,0.0
3,SVD,inicial,831,57,1594,9,incluido,0.0
3,SVD,inicial,832,22,1629,0,sem_relevante_elegivel,
3,SVD,inicial,833,212,1439,23,incluido,0.3
3,SVD,inicial,834,45,1606,8,incluido,0.1
3,SVD,inicial,835,83,1568,14,incluido,0.2
3,SVD,inicial,836,42,1609,5,incluido,0.2
3,SVD,inicial,837,38,1613,4,incluido,0.0
3,SVD,inicial,838,75,1576,14,incluido,0.2
3,SVD,inicial,839,45,1606,3,incluido,0.0
3,SVD,inicial,840,157,1494,31,incluido,0.3
3,SVD,inicial,841,24,1627,5,incluido,0.0
3,SVD,inicial,842,21,1630,4,incluido,0.0
3,SVD,inicial,843,167,1484,4,incluido,0.0
3,SVD,inicial,844,63,1588,8,incluido,0.1
3,SVD,inicial,845,25,1626,0,sem_relevante_elegivel,
3,SVD,inicial,846,329,1322,43,incluido,0.2
3,SVD,inicial,847,121,1530,9,incluido,0.0
3,SVD,inicial,848,124,1527,17,incluido,0.2
3,SVD,inicial,849,21,1630,2,incluido,0.0
3,SVD,inicial,850,40,1611,8,incluido,0.1
3,SVD,inicial,851,168,1483,17,incluido,0.0
3,SVD,inicial,852,40,1611,3,incluido,0.0
3,SVD,inicial,853,32,1619,2,incluido,0.0
3,SVD,inicial,854,183,1468,15,incluido,0.1
3,SVD,inicial,855,22,1629,0,sem_relevante_elegivel,
3,SVD,inicial,856,23,1628,3,incluido,0.0
3,SVD,inicial,857,18,1633,1,incluido,0.0
3,SVD,inicial,858,16,1635,2,incluido,0.0
3,SVD,inicial,859,28,1623,8,incluido,0.0
3,SVD,inicial,860,55,1596,6,incluido,0.0
3,SVD,inicial,861,32,1619,9,incluido,0.0
3,SVD,inicial,862,135,1516,25,incluido,0.0
3,SVD,inicial,863,75,1576,13,incluido,0.0
3,SVD,inicial,864,234,1417,42,incluido,0.2
3,SVD,inicial,865,55,1596,3,incluido,0.0
3,SVD,inicial,866,16,1635,1,incluido,0.0
3,SVD,inicial,867,82,1569,10,incluido,0.0
3,SVD,inicial,868,176,1475,13,incluido,0.2
3,SVD,inicial,869,37,1614,3,incluido,0.0
3,SVD,inicial,870,231,1420,16,incluido,0.2
3,SVD,inicial,871,95,1556,7,incluido,0.0
3,SVD,inicial,872,61,1590,5,incluido,0.0
3,SVD,inicial,873,15,1636,2,incluido,0.0
3,SVD,inicial,874,24,1627,4,incluido,0.0
3,SVD,inicial,875,80,1571,8,incluido,0.1
3,SVD,inicial,876,15,1636,4,incluido,0.1
3,SVD,inicial,877,66,1585,11,incluido,0.1
3,SVD,inicial,878,116,1535,9,incluido,0.1
3,SVD,inicial,879,25,1626,3,incluido,0.0
3,SVD,inicial,880,282,1369,45,incluido,0.4
3,SVD,inicial,881,201,1450,27,incluido,0.3
3,SVD,inicial,882,109,1542,24,incluido,0.0
3,SVD,inicial,883,209,1442,37,incluido,0.3
3,SVD,inicial,884,34,1617,4,incluido,0.0
3,SVD,inicial,885,80,1571,11,incluido,0.0
3,SVD,inicial,886,199,1452,17,incluido,0.2
3,SVD,inicial,887,142,1509,20,incluido,0.2
3,SVD,inicial,888,15,1636,5,incluido,0.0
3,SVD,inicial,889,265,1386,29,incluido,0.3
3,SVD,inicial,890,93,1558,21,incluido,0.2
3,SVD,inicial,891,36,1615,7,incluido,0.1
3,SVD,inicial,892,188,1463,28,incluido,0.2
3,SVD,inicial,893,47,1604,7,incluido,0.0
3,SVD,inicial,894,202,1449,26,incluido,0.1
3,SVD,inicial,895,16,1635,1,incluido,0.0
3,SVD,inicial,896,283,1368,29,incluido,0.3
3,SVD,inicial,897,149,1502,23,incluido,0.0
3,SVD,inicial,898,22,1629,2,incluido,0.1
3,SVD,inicial,899,106,1545,19,incluido,0.0
3,SVD,inicial,900,41,1610,0,sem_relevante_elegivel,
3,SVD,inicial,901,97,1554,20,incluido,0.0
3,SVD,inicial,902,37,1614,6,incluido,0.1
3,SVD,inicial,903,115,1536,16,incluido,0.1
3,SVD,inicial,904,39,1612,6,incluido,0.0
3,SVD,inicial,905,30,1621,7,incluido,0.0
3,SVD,inicial,906,31,1620,8,incluido,0.1
3,SVD,inicial,907,111,1540,33,incluido,0.1
3,SVD,inicial,908,66,1585,5,incluido,0.0
3,SVD,inicial,909,23,1628,1,incluido,0.0
3,SVD,inicial,910,53,1598,3,incluido,0.0
3,SVD,inicial,911,78,1573,13,incluido,0.1
3,SVD,inicial,912,45,1606,5,incluido,0.0
3,SVD,inicial,913,106,1545,12,incluido,0.2
3,SVD,inicial,914,19,1632,2,incluido,0.0
3,SVD,inicial,915,22,1629,1,incluido,0.0
3,SVD,inicial,916,247,1404,28,incluido,0.2
3,SVD,inicial,917,24,1627,8,incluido,0.0
3,SVD,inicial,918,75,1576,14,incluido,0.1
3,SVD,inicial,919,176,1475,21,incluido,0.0
3,SVD,inicial,920,23,1628,0,sem_relevante_elegivel,
3,SVD,inicial,921,96,1555,7,incluido,0.1
3,SVD,inicial,922,102,1549,12,incluido,0.0
3,SVD,inicial,923,53,1598,19,incluido,0.0
3,SVD,inicial,924,69,1582,9,incluido,0.0
3,SVD,inicial,925,28,1623,2,incluido,0.0
3,SVD,inicial,926,16,1635,2,incluido,0.0
3,SVD,inicial,927,90,1561,22,incluido,0.1
3,SVD,inicial,928,22,1629,8,incluido,0.2
3,SVD,inicial,929,35,1616,9,incluido,0.0
3,SVD,inicial,930,51,1600,4,incluido,0.0
3,SVD,inicial,931,52,1599,3,incluido,0.0
3,SVD,inicial,932,188,1463,38,incluido,0.3
3,SVD,inicial,933,147,1504,8,incluido,0.2
3,SVD,inicial,934,148,1503,16,incluido,0.1
3,SVD,inicial,935,31,1620,7,incluido,0.0
3,SVD,inicial,936,111,1540,19,incluido,0.1
3,SVD,inicial,937,27,1624,6,incluido,0.0
3,SVD,inicial,938,85,1566,12,incluido,0.1
3,SVD,inicial,939,35,1616,11,incluido,0.0
3,SVD,inicial,940,91,1560,7,incluido,0.1
3,SVD,inicial,941,16,1635,6,incluido,0.0
3,SVD,inicial,942,67,1584,11,incluido,0.0
3,SVD,inicial,943,124,1527,27,incluido,0.2
3,SVD,ajustado,1,213,1438,34,incluido,0.1
3,SVD,ajustado,2,52,1599,6,incluido,0.0
3,SVD,ajustado,3,44,1607,2,incluido,0.0
3,SVD,ajustado,4,18,1633,4,incluido,0.1
3,SVD,ajustado,5,132,1519,14,incluido,0.3
3,SVD,ajustado,6,181,1470,20,incluido,0.1
3,SVD,ajustado,7,314,1337,62,incluido,0.5
3,SVD,ajustado,8,50,1601,7,incluido,0.0
3,SVD,ajustado,9,16,1635,6,incluido,0.0
3,SVD,ajustado,10,145,1506,34,incluido,0.1
3,SVD,ajustado,11,151,1500,14,incluido,0.0
3,SVD,ajustado,12,41,1610,9,incluido,0.0
3,SVD,ajustado,13,492,1159,65,incluido,0.2
3,SVD,ajustado,14,77,1574,17,incluido,0.1
3,SVD,ajustado,15,84,1567,7,incluido,0.0
3,SVD,ajustado,16,104,1547,26,incluido,0.2
3,SVD,ajustado,17,23,1628,3,incluido,0.0
3,SVD,ajustado,18,223,1428,36,incluido,0.3
3,SVD,ajustado,19,12,1639,5,incluido,0.0
3,SVD,ajustado,20,34,1617,7,incluido,0.0
3,SVD,ajustado,21,146,1505,8,incluido,0.1
3,SVD,ajustado,22,107,1544,11,incluido,0.0
3,SVD,ajustado,23,128,1523,14,incluido,0.0
3,SVD,ajustado,24,54,1597,11,incluido,0.1
3,SVD,ajustado,25,64,1587,12,incluido,0.0
3,SVD,ajustado,26,96,1555,1,incluido,0.0
3,SVD,ajustado,27,20,1631,1,incluido,0.0
3,SVD,ajustado,28,61,1590,14,incluido,0.1
3,SVD,ajustado,29,30,1621,3,incluido,0.0
3,SVD,ajustado,30,36,1615,5,incluido,0.0
3,SVD,ajustado,31,29,1622,4,incluido,0.0
3,SVD,ajustado,32,33,1618,4,incluido,0.0
3,SVD,ajustado,33,20,1631,2,incluido,0.0
3,SVD,ajustado,34,16,1635,3,incluido,0.0
3,SVD,ajustado,35,19,1632,1,incluido,0.0
3,SVD,ajustado,36,15,1636,3,incluido,0.0
3,SVD,ajustado,37,46,1605,6,incluido,0.0
3,SVD,ajustado,38,93,1558,16,incluido,0.0
3,SVD,ajustado,39,18,1633,2,incluido,0.0
3,SVD,ajustado,40,28,1623,0,sem_relevante_elegivel,
3,SVD,ajustado,41,44,1607,3,incluido,0.0
3,SVD,ajustado,42,148,1503,19,incluido,0.3
3,SVD,ajustado,43,177,1474,25,incluido,0.5
3,SVD,ajustado,44,121,1530,22,incluido,0.1
3,SVD,ajustado,45,43,1608,3,incluido,0.0
3,SVD,ajustado,46,20,1631,6,incluido,0.0
3,SVD,ajustado,47,22,1629,2,incluido,0.0
3,SVD,ajustado,48,50,1601,13,incluido,0.1
3,SVD,ajustado,49,182,1469,9,incluido,0.1
3,SVD,ajustado,50,19,1632,3,incluido,0.0
3,SVD,ajustado,51,19,1632,1,incluido,0.0
3,SVD,ajustado,52,48,1603,7,incluido,0.0
3,SVD,ajustado,53,21,1630,5,incluido,0.0
3,SVD,ajustado,54,45,1606,15,incluido,0.1
3,SVD,ajustado,55,19,1632,0,sem_relevante_elegivel,
3,SVD,ajustado,56,158,1493,22,incluido,0.0
3,SVD,ajustado,57,89,1562,7,incluido,0.1
3,SVD,ajustado,58,129,1522,18,incluido,0.2
3,SVD,ajustado,59,307,1344,60,incluido,0.5
3,SVD,ajustado,60,161,1490,42,incluido,0.3
3,SVD,ajustado,61,17,1634,1,incluido,0.0
3,SVD,ajustado,62,176,1475,30,incluido,0.5
3,SVD,ajustado,63,71,1580,4,incluido,0.1
3,SVD,ajustado,64,160,1491,26,incluido,0.2
3,SVD,ajustado,65,65,1586,11,incluido,0.1
3,SVD,ajustado,66,31,1620,3,incluido,0.0
3,SVD,ajustado,67,24,1627,5,incluido,0.0
3,SVD,ajustado,68,25,1626,5,incluido,0.0
3,SVD,ajustado,69,54,1597,7,incluido,0.1
3,SVD,ajustado,70,97,1554,16,incluido,0.1
3,SVD,ajustado,71,30,1621,6,incluido,0.1
3,SVD,ajustado,72,111,1540,22,incluido,0.2
3,SVD,ajustado,73,47,1604,15,incluido,0.2
3,SVD,ajustado,74,34,1617,4,incluido,0.0
3,SVD,ajustado,75,65,1586,9,incluido,0.1
3,SVD,ajustado,76,72,1579,4,incluido,0.0
3,SVD,ajustado,77,63,1588,6,incluido,0.1
3,SVD,ajustado,78,16,1635,3,incluido,0.0
3,SVD,ajustado,79,45,1606,6,incluido,0.0
3,SVD,ajustado,80,25,1626,1,incluido,0.0
3,SVD,ajustado,81,45,1606,5,incluido,0.0
3,SVD,ajustado,82,129,1522,11,incluido,0.1
3,SVD,ajustado,83,125,1526,17,incluido,0.0
3,SVD,ajustado,84,57,1594,6,incluido,0.0
3,SVD,ajustado,85,232,1419,27,incluido,0.1
3,SVD,ajustado,86,20,1631,1,incluido,0.0
3,SVD,ajustado,87,166,1485,27,incluido,0.1
3,SVD,ajustado,88,17,1634,3,incluido,0.0
3,SVD,ajustado,89,65,1586,10,incluido,0.0
3,SVD,ajustado,90,243,1408,48,incluido,0.3
3,SVD,ajustado,91,79,1572,15,incluido,0.1
3,SVD,ajustado,92,310,1341,39,incluido,0.3
3,SVD,ajustado,93,13,1638,4,incluido,0.0
3,SVD,ajustado,94,312,1339,58,incluido,0.3
3,SVD,ajustado,95,223,1428,29,incluido,0.2
3,SVD,ajustado,96,44,1607,12,incluido,0.1
3,SVD,ajustado,97,57,1594,3,incluido,0.0
3,SVD,ajustado,98,20,1631,5,incluido,0.0
3,SVD,ajustado,99,113,1538,14,incluido,0.1
3,SVD,ajustado,100,50,1601,2,incluido,0.0
3,SVD,ajustado,101,50,1601,4,incluido,0.0
3,SVD,ajustado,102,177,1474,2,incluido,0.0
3,SVD,ajustado,103,23,1628,3,incluido,0.0
3,SVD,ajustado,104,94,1557,4,incluido,0.1
3,SVD,ajustado,105,16,1635,3,incluido,0.0
3,SVD,ajustado,106,44,1607,15,incluido,0.1
3,SVD,ajustado,107,19,1632,1,incluido,0.0
3,SVD,ajustado,108,27,1624,2,incluido,0.0
3,SVD,ajustado,109,194,1457,18,incluido,0.3
3,SVD,ajustado,110,104,1547,11,incluido,0.0
3,SVD,ajustado,111,18,1633,4,incluido,0.0
3,SVD,ajustado,112,34,1617,9,incluido,0.0
3,SVD,ajustado,113,37,1614,11,incluido,0.0
3,SVD,ajustado,114,39,1612,2,incluido,0.0
3,SVD,ajustado,115,75,1576,13,incluido,0.0
3,SVD,ajustado,116,111,1540,6,incluido,0.2
3,SVD,ajustado,117,70,1581,11,incluido,0.0
3,SVD,ajustado,118,59,1592,12,incluido,0.1
3,SVD,ajustado,119,144,1507,26,incluido,0.1
3,SVD,ajustado,120,22,1629,3,incluido,0.0
3,SVD,ajustado,121,55,1596,12,incluido,0.0
3,SVD,ajustado,122,54,1597,4,incluido,0.0
3,SVD,ajustado,123,39,1612,9,incluido,0.0
3,SVD,ajustado,124,18,1633,4,incluido,0.0
3,SVD,ajustado,125,151,1500,16,incluido,0.3
3,SVD,ajustado,126,35,1616,3,incluido,0.0
3,SVD,ajustado,127,21,1630,2,incluido,0.0
3,SVD,ajustado,128,148,1503,23,incluido,0.2
3,SVD,ajustado,129,26,1625,1,incluido,0.0
3,SVD,ajustado,130,285,1366,49,incluido,0.0
3,SVD,ajustado,131,21,1630,6,incluido,0.1
3,SVD,ajustado,132,18,1633,4,incluido,0.0
3,SVD,ajustado,133,19,1632,3,incluido,0.0
3,SVD,ajustado,134,22,1629,1,incluido,0.0
3,SVD,ajustado,135,44,1607,4,incluido,0.0
3,SVD,ajustado,136,30,1621,5,incluido,0.0
3,SVD,ajustado,137,41,1610,5,incluido,0.2
3,SVD,ajustado,138,36,1615,14,incluido,0.2
3,SVD,ajustado,139,20,1631,4,incluido,0.0
3,SVD,ajustado,140,16,1635,2,incluido,0.0
3,SVD,ajustado,141,79,1572,19,incluido,0.1
3,SVD,ajustado,142,29,1622,2,incluido,0.0
3,SVD,ajustado,143,17,1634,2,incluido,0.0
3,SVD,ajustado,144,175,1476,20,incluido,0.1
3,SVD,ajustado,145,254,1397,27,incluido,0.1
3,SVD,ajustado,146,23,1628,3,incluido,0.0
3,SVD,ajustado,147,15,1636,5,incluido,0.0
3,SVD,ajustado,148,44,1607,17,incluido,0.3
3,SVD,ajustado,149,27,1624,4,incluido,0.0
3,SVD,ajustado,150,28,1623,3,incluido,0.0
3,SVD,ajustado,151,242,1409,47,incluido,0.3
3,SVD,ajustado,152,88,1563,15,incluido,0.0
3,SVD,ajustado,153,19,1632,1,incluido,0.1
3,SVD,ajustado,154,42,1609,4,incluido,0.0
3,SVD,ajustado,155,17,1634,0,sem_relevante_elegivel,
3,SVD,ajustado,156,32,1619,2,incluido,0.1
3,SVD,ajustado,157,46,1605,4,incluido,0.0
3,SVD,ajustado,158,139,1512,20,incluido,0.1
3,SVD,ajustado,159,91,1560,5,incluido,0.0
3,SVD,ajustado,160,86,1565,23,incluido,0.2
3,SVD,ajustado,161,48,1603,0,sem_relevante_elegivel,
3,SVD,ajustado,162,33,1618,7,incluido,0.0
3,SVD,ajustado,163,16,1635,4,incluido,0.1
3,SVD,ajustado,164,48,1603,12,incluido,0.0
3,SVD,ajustado,165,24,1627,4,incluido,0.1
3,SVD,ajustado,166,18,1633,1,incluido,0.0
3,SVD,ajustado,167,58,1593,2,incluido,0.1
3,SVD,ajustado,168,59,1592,7,incluido,0.0
3,SVD,ajustado,169,31,1620,4,incluido,0.0
3,SVD,ajustado,170,18,1633,2,incluido,0.0
3,SVD,ajustado,171,25,1626,1,incluido,0.0
3,SVD,ajustado,172,20,1631,2,incluido,0.0
3,SVD,ajustado,173,35,1616,7,incluido,0.0
3,SVD,ajustado,174,141,1510,20,incluido,0.0
3,SVD,ajustado,175,25,1626,9,incluido,0.3
3,SVD,ajustado,176,49,1602,10,incluido,0.0
3,SVD,ajustado,177,94,1557,13,incluido,0.1
3,SVD,ajustado,178,232,1419,26,incluido,0.2
3,SVD,ajustado,179,37,1614,3,incluido,0.0
3,SVD,ajustado,180,43,1608,15,incluido,0.0
3,SVD,ajustado,181,328,1323,6,incluido,0.0
3,SVD,ajustado,182,25,1626,1,incluido,0.0
3,SVD,ajustado,183,47,1604,2,incluido,0.0
3,SVD,ajustado,184,196,1455,37,incluido,0.0
3,SVD,ajustado,185,39,1612,8,incluido,0.2
3,SVD,ajustado,186,72,1579,13,incluido,0.0
3,SVD,ajustado,187,45,1606,10,incluido,0.0
3,SVD,ajustado,188,85,1566,18,incluido,0.1
3,SVD,ajustado,189,146,1505,27,incluido,0.1
3,SVD,ajustado,190,47,1604,6,incluido,0.0
3,SVD,ajustado,191,21,1630,2,incluido,0.0
3,SVD,ajustado,192,31,1620,1,incluido,0.0
3,SVD,ajustado,193,96,1555,12,incluido,0.0
3,SVD,ajustado,194,244,1407,14,incluido,0.0
3,SVD,ajustado,195,83,1568,5,incluido,0.0
3,SVD,ajustado,196,32,1619,3,incluido,0.0
3,SVD,ajustado,197,85,1566,12,incluido,0.0
3,SVD,ajustado,198,140,1511,16,incluido,0.1
3,SVD,ajustado,199,34,1617,3,incluido,0.1
3,SVD,ajustado,200,172,1479,33,incluido,0.1
3,SVD,ajustado,201,310,1341,29,incluido,0.1
3,SVD,ajustado,202,17,1634,1,incluido,0.0
3,SVD,ajustado,203,30,1621,7,incluido,0.0
3,SVD,ajustado,204,33,1618,7,incluido,0.0
3,SVD,ajustado,205,17,1634,3,incluido,0.0
3,SVD,ajustado,206,51,1600,2,incluido,0.0
3,SVD,ajustado,207,183,1468,16,incluido,0.1
3,SVD,ajustado,208,27,1624,3,incluido,0.0
3,SVD,ajustado,209,27,1624,2,incluido,0.0
3,SVD,ajustado,210,108,1543,18,incluido,0.0
3,SVD,ajustado,211,31,1620,4,incluido,0.0
3,SVD,ajustado,212,17,1634,8,incluido,0.0
3,SVD,ajustado,213,106,1545,18,incluido,0.0
3,SVD,ajustado,214,100,1551,18,incluido,0.3
3,SVD,ajustado,215,73,1578,14,incluido,0.3
3,SVD,ajustado,216,103,1548,21,incluido,0.2
3,SVD,ajustado,217,58,1593,5,incluido,0.0
3,SVD,ajustado,218,38,1613,6,incluido,0.0
3,SVD,ajustado,219,24,1627,3,incluido,0.0
3,SVD,ajustado,220,15,1636,4,incluido,0.0
3,SVD,ajustado,221,117,1534,14,incluido,0.1
3,SVD,ajustado,222,292,1359,32,incluido,0.3
3,SVD,ajustado,223,87,1564,7,incluido,0.1
3,SVD,ajustado,224,118,1533,12,incluido,0.0
3,SVD,ajustado,225,25,1626,2,incluido,0.0
3,SVD,ajustado,226,38,1613,6,incluido,0.0
3,SVD,ajustado,227,52,1599,1,incluido,0.0
3,SVD,ajustado,228,15,1636,2,incluido,0.0
3,SVD,ajustado,229,22,1629,3,incluido,0.0
3,SVD,ajustado,230,115,1536,11,incluido,0.1
3,SVD,ajustado,231,16,1635,2,incluido,0.1
3,SVD,ajustado,232,77,1574,11,incluido,0.1
3,SVD,ajustado,233,90,1561,19,incluido,0.1
3,SVD,ajustado,234,385,1266,34,incluido,0.5
3,SVD,ajustado,235,66,1585,22,incluido,0.0
3,SVD,ajustado,236,94,1557,14,incluido,0.0
3,SVD,ajustado,237,42,1609,6,incluido,0.1
3,SVD,ajustado,238,26,1625,0,sem_relevante_elegivel,
3,SVD,ajustado,239,123,1528,25,incluido,0.1
3,SVD,ajustado,240,16,1635,4,incluido,0.1
3,SVD,ajustado,241,19,1632,1,incluido,0.0
3,SVD,ajustado,242,15,1636,3,incluido,0.0
3,SVD,ajustado,243,61,1590,13,incluido,0.0
3,SVD,ajustado,244,185,1466,31,incluido,0.2
3,SVD,ajustado,245,21,1630,1,incluido,0.0
3,SVD,ajustado,246,156,1495,15,incluido,0.0
3,SVD,ajustado,247,21,1630,4,incluido,0.1
3,SVD,ajustado,248,40,1611,10,incluido,0.1
3,SVD,ajustado,249,126,1525,26,incluido,0.1
3,SVD,ajustado,250,102,1549,14,incluido,0.0
3,SVD,ajustado,251,67,1584,7,incluido,0.0
3,SVD,ajustado,252,17,1634,4,incluido,0.0
3,SVD,ajustado,253,76,1575,16,incluido,0.2
3,SVD,ajustado,254,123,1528,14,incluido,0.3
3,SVD,ajustado,255,67,1584,4,incluido,0.0
3,SVD,ajustado,256,163,1488,30,incluido,0.0
3,SVD,ajustado,257,48,1603,5,incluido,0.0
3,SVD,ajustado,258,16,1635,4,incluido,0.0
3,SVD,ajustado,259,36,1615,5,incluido,0.0
3,SVD,ajustado,260,16,1635,5,incluido,0.1
3,SVD,ajustado,261,23,1628,3,incluido,0.0
3,SVD,ajustado,262,126,1525,12,incluido,0.0
3,SVD,ajustado,263,96,1555,18,incluido,0.1
3,SVD,ajustado,264,97,1554,21,incluido,0.0
3,SVD,ajustado,265,41,1610,4,incluido,0.0
3,SVD,ajustado,266,21,1630,1,incluido,0.0
3,SVD,ajustado,267,149,1502,25,incluido,0.4
3,SVD,ajustado,268,261,1390,21,incluido,0.3
3,SVD,ajustado,269,248,1403,30,incluido,0.5
3,SVD,ajustado,270,115,1536,19,incluido,0.0
3,SVD,ajustado,271,215,1436,36,incluido,0.2
3,SVD,ajustado,272,39,1612,12,incluido,0.3
3,SVD,ajustado,273,17,1634,3,incluido,0.0
3,SVD,ajustado,274,55,1596,9,incluido,0.0
3,SVD,ajustado,275,85,1566,2,incluido,0.0
3,SVD,ajustado,276,403,1248,68,incluido,0.4
3,SVD,ajustado,277,47,1604,4,incluido,0.0
3,SVD,ajustado,278,19,1632,3,incluido,0.0
3,SVD,ajustado,279,343,1308,42,incluido,0.0
3,SVD,ajustado,280,217,1434,24,incluido,0.0
3,SVD,ajustado,281,23,1628,1,incluido,0.0
3,SVD,ajustado,282,18,1633,2,incluido,0.0
3,SVD,ajustado,283,42,1609,8,incluido,0.0
3,SVD,ajustado,284,38,1613,4,incluido,0.0
3,SVD,ajustado,285,25,1626,4,incluido,0.0
3,SVD,ajustado,286,226,1425,41,incluido,0.0
3,SVD,ajustado,287,53,1598,8,incluido,0.1
3,SVD,ajustado,288,47,1604,17,incluido,0.2
3,SVD,ajustado,289,21,1630,3,incluido,0.0
3,SVD,ajustado,290,122,1529,13,incluido,0.2
3,SVD,ajustado,291,236,1415,37,incluido,0.0
3,SVD,ajustado,292,105,1546,15,incluido,0.1
3,SVD,ajustado,293,322,1329,24,incluido,0.3
3,SVD,ajustado,294,119,1532,13,incluido,0.0
3,SVD,ajustado,295,162,1489,30,incluido,0.0
3,SVD,ajustado,296,117,1534,24,incluido,0.0
3,SVD,ajustado,297,155,1496,13,incluido,0.1
3,SVD,ajustado,298,106,1545,16,incluido,0.0
3,SVD,ajustado,299,221,1430,35,incluido,0.2
3,SVD,ajustado,300,15,1636,2,incluido,0.0
3,SVD,ajustado,301,224,1427,26,incluido,0.1
3,SVD,ajustado,302,18,1633,2,incluido,0.0
3,SVD,ajustado,303,403,1248,45,incluido,0.3
3,SVD,ajustado,304,19,1632,3,incluido,0.0
3,SVD,ajustado,305,182,1469,16,incluido,0.2
3,SVD,ajustado,306,21,1630,6,incluido,0.0
3,SVD,ajustado,307,97,1554,10,incluido,0.2
3,SVD,ajustado,308,312,1339,56,incluido,0.4
3,SVD,ajustado,309,18,1633,1,incluido,0.0
3,SVD,ajustado,310,18,1633,1,incluido,0.0
3,SVD,ajustado,311,233,1418,36,incluido,0.3
3,SVD,ajustado,312,172,1479,41,incluido,0.3
3,SVD,ajustado,313,202,1449,32,incluido,0.4
3,SVD,ajustado,314,188,1463,41,incluido,0.1
3,SVD,ajustado,315,72,1579,11,incluido,0.0
3,SVD,ajustado,316,59,1592,12,incluido,0.1
3,SVD,ajustado,317,19,1632,2,incluido,0.0
3,SVD,ajustado,318,140,1511,21,incluido,0.0
3,SVD,ajustado,319,18,1633,1,incluido,0.0
3,SVD,ajustado,320,126,1525,18,incluido,0.1
3,SVD,ajustado,321,102,1549,11,incluido,0.0
3,SVD,ajustado,322,39,1612,8,incluido,0.3
3,SVD,ajustado,323,66,1585,13,incluido,0.1
3,SVD,ajustado,324,52,1599,12,incluido,0.1
3,SVD,ajustado,325,115,1536,17,incluido,0.1
3,SVD,ajustado,326,147,1504,20,incluido,0.2
3,SVD,ajustado,327,213,1438,38,incluido,0.2
3,SVD,ajustado,328,215,1436,30,incluido,0.2
3,SVD,ajustado,329,50,1601,7,incluido,0.0
3,SVD,ajustado,330,122,1529,22,incluido,0.1
3,SVD,ajustado,331,59,1592,8,incluido,0.0
3,SVD,ajustado,332,147,1504,26,incluido,0.2
3,SVD,ajustado,333,25,1626,0,sem_relevante_elegivel,
3,SVD,ajustado,334,263,1388,33,incluido,0.1
3,SVD,ajustado,335,16,1635,3,incluido,0.0
3,SVD,ajustado,336,103,1548,12,incluido,0.0
3,SVD,ajustado,337,27,1624,7,incluido,0.0
3,SVD,ajustado,338,62,1589,11,incluido,0.2
3,SVD,ajustado,339,198,1453,39,incluido,0.3
3,SVD,ajustado,340,32,1619,10,incluido,0.0
3,SVD,ajustado,341,19,1632,0,sem_relevante_elegivel,
3,SVD,ajustado,342,152,1499,22,incluido,0.1
3,SVD,ajustado,343,182,1469,44,incluido,0.3
3,SVD,ajustado,344,146,1505,24,incluido,0.2
3,SVD,ajustado,345,180,1471,37,incluido,0.2
3,SVD,ajustado,346,152,1499,16,incluido,0.0
3,SVD,ajustado,347,153,1498,27,incluido,0.2
3,SVD,ajustado,348,43,1608,12,incluido,0.0
3,SVD,ajustado,349,33,1618,6,incluido,0.0
3,SVD,ajustado,350,41,1610,9,incluido,0.0
3,SVD,ajustado,351,39,1612,4,incluido,0.0
3,SVD,ajustado,352,33,1618,4,incluido,0.0
3,SVD,ajustado,353,19,1632,2,incluido,0.0
3,SVD,ajustado,354,182,1469,35,incluido,0.1
3,SVD,ajustado,355,20,1631,4,incluido,0.0
3,SVD,ajustado,356,22,1629,1,incluido,0.0
3,SVD,ajustado,357,59,1592,13,incluido,0.0
3,SVD,ajustado,358,31,1620,10,incluido,0.0
3,SVD,ajustado,359,20,1631,6,incluido,0.0
3,SVD,ajustado,360,85,1566,12,incluido,0.0
3,SVD,ajustado,361,95,1556,15,incluido,0.0
3,SVD,ajustado,362,19,1632,2,incluido,0.0
3,SVD,ajustado,363,261,1390,18,incluido,0.1
3,SVD,ajustado,364,17,1634,2,incluido,0.0
3,SVD,ajustado,365,46,1605,8,incluido,0.0
3,SVD,ajustado,366,26,1625,7,incluido,0.0
3,SVD,ajustado,367,50,1601,5,incluido,0.0
3,SVD,ajustado,368,30,1621,8,incluido,0.0
3,SVD,ajustado,369,17,1634,5,incluido,0.1
3,SVD,ajustado,370,52,1599,12,incluido,0.0
3,SVD,ajustado,371,41,1610,7,incluido,0.1
3,SVD,ajustado,372,50,1601,14,incluido,0.2
3,SVD,ajustado,373,184,1467,28,incluido,0.1
3,SVD,ajustado,374,216,1435,30,incluido,0.2
3,SVD,ajustado,375,24,1627,4,incluido,0.0
3,SVD,ajustado,376,25,1626,3,incluido,0.0
3,SVD,ajustado,377,28,1623,2,incluido,0.0
3,SVD,ajustado,378,306,1345,29,incluido,0.1
3,SVD,ajustado,379,153,1498,37,incluido,0.1
3,SVD,ajustado,380,131,1520,15,incluido,0.2
3,SVD,ajustado,381,101,1550,17,incluido,0.0
3,SVD,ajustado,382,42,1609,4,incluido,0.0
3,SVD,ajustado,383,53,1598,15,incluido,0.0
3,SVD,ajustado,384,18,1633,3,incluido,0.0
3,SVD,ajustado,385,224,1427,23,incluido,0.4
3,SVD,ajustado,386,18,1633,2,incluido,0.0
3,SVD,ajustado,387,252,1399,32,incluido,0.3
3,SVD,ajustado,388,46,1605,6,incluido,0.0
3,SVD,ajustado,389,216,1435,33,incluido,0.1
3,SVD,ajustado,390,24,1627,5,incluido,0.0
3,SVD,ajustado,391,102,1549,11,incluido,0.2
3,SVD,ajustado,392,80,1571,23,incluido,0.4
3,SVD,ajustado,393,363,1288,33,incluido,0.2
3,SVD,ajustado,394,122,1529,19,incluido,0.0
3,SVD,ajustado,395,45,1606,6,incluido,0.0
3,SVD,ajustado,396,44,1607,7,incluido,0.0
3,SVD,ajustado,397,86,1565,11,incluido,0.3
3,SVD,ajustado,398,137,1514,23,incluido,0.2
3,SVD,ajustado,399,257,1394,12,incluido,0.1
3,SVD,ajustado,400,15,1636,5,incluido,0.0
3,SVD,ajustado,401,118,1533,15,incluido,0.1
3,SVD,ajustado,402,55,1596,9,incluido,0.1
3,SVD,ajustado,403,36,1615,7,incluido,0.0
3,SVD,ajustado,404,37,1614,3,incluido,0.0
3,SVD,ajustado,405,578,1073,36,incluido,0.5
3,SVD,ajustado,406,271,1380,40,incluido,0.2
3,SVD,ajustado,407,189,1462,21,incluido,0.2
3,SVD,ajustado,408,23,1628,2,incluido,0.1
3,SVD,ajustado,409,161,1490,29,incluido,0.3
3,SVD,ajustado,410,22,1629,2,incluido,0.0
3,SVD,ajustado,411,42,1609,11,incluido,0.0
3,SVD,ajustado,412,43,1608,6,incluido,0.1
3,SVD,ajustado,413,40,1611,4,incluido,0.0
3,SVD,ajustado,414,22,1629,2,incluido,0.0
3,SVD,ajustado,415,18,1633,6,incluido,0.0
3,SVD,ajustado,416,405,1246,56,incluido,0.4
3,SVD,ajustado,417,303,1348,25,incluido,0.1
3,SVD,ajustado,418,18,1633,2,incluido,0.0
3,SVD,ajustado,419,24,1627,5,incluido,0.0
3,SVD,ajustado,420,28,1623,7,incluido,0.0
3,SVD,ajustado,421,49,1602,9,incluido,0.2
3,SVD,ajustado,422,82,1569,9,incluido,0.0
3,SVD,ajustado,423,48,1603,7,incluido,0.1
3,SVD,ajustado,424,38,1613,2,incluido,0.0
3,SVD,ajustado,425,164,1487,8,incluido,0.0
3,SVD,ajustado,426,84,1567,14,incluido,0.2
3,SVD,ajustado,427,24,1627,5,incluido,0.0
3,SVD,ajustado,428,45,1606,8,incluido,0.0
3,SVD,ajustado,429,318,1333,37,incluido,0.4
3,SVD,ajustado,430,54,1597,7,incluido,0.1
3,SVD,ajustado,431,16,1635,3,incluido,0.0
3,SVD,ajustado,432,49,1602,10,incluido,0.0
3,SVD,ajustado,433,35,1616,2,incluido,0.0
3,SVD,ajustado,434,37,1614,5,incluido,0.0
3,SVD,ajustado,435,288,1363,38,incluido,0.2
3,SVD,ajustado,436,117,1534,18,incluido,0.0
3,SVD,ajustado,437,212,1439,34,incluido,0.3
3,SVD,ajustado,438,29,1622,4,incluido,0.0
3,SVD,ajustado,439,21,1630,6,incluido,0.0
3,SVD,ajustado,440,46,1605,3,incluido,0.1
3,SVD,ajustado,441,16,1635,3,incluido,0.0
3,SVD,ajustado,442,116,1535,8,incluido,0.2
3,SVD,ajustado,443,23,1628,0,sem_relevante_elegivel,
3,SVD,ajustado,444,22,1629,2,incluido,0.0
3,SVD,ajustado,445,105,1546,0,sem_relevante_elegivel,
3,SVD,ajustado,446,27,1624,2,incluido,0.0
3,SVD,ajustado,447,114,1537,14,incluido,0.1
3,SVD,ajustado,448,32,1619,3,incluido,0.0
3,SVD,ajustado,449,54,1597,14,incluido,0.0
3,SVD,ajustado,450,432,1219,78,incluido,0.2
3,SVD,ajustado,451,78,1573,6,incluido,0.0
3,SVD,ajustado,452,171,1480,19,incluido,0.3
3,SVD,ajustado,453,129,1522,14,incluido,0.1
3,SVD,ajustado,454,180,1471,16,incluido,0.3
3,SVD,ajustado,455,156,1495,19,incluido,0.1
3,SVD,ajustado,456,161,1490,28,incluido,0.1
3,SVD,ajustado,457,227,1424,36,incluido,0.3
3,SVD,ajustado,458,150,1501,22,incluido,0.3
3,SVD,ajustado,459,97,1554,13,incluido,0.0
3,SVD,ajustado,460,53,1598,5,incluido,0.0
3,SVD,ajustado,461,18,1633,1,incluido,0.0
3,SVD,ajustado,462,22,1629,9,incluido,0.0
3,SVD,ajustado,463,101,1550,9,incluido,0.0
3,SVD,ajustado,464,42,1609,9,incluido,0.0
3,SVD,ajustado,465,63,1588,6,incluido,0.1
3,SVD,ajustado,466,77,1574,7,incluido,0.0
3,SVD,ajustado,467,36,1615,5,incluido,0.0
3,SVD,ajustado,468,113,1538,24,incluido,0.1
3,SVD,ajustado,469,33,1618,10,incluido,0.1
3,SVD,ajustado,470,50,1601,4,incluido,0.0
3,SVD,ajustado,471,23,1628,4,incluido,0.0
3,SVD,ajustado,472,204,1447,54,incluido,0.0
3,SVD,ajustado,473,28,1623,5,incluido,0.0
3,SVD,ajustado,474,257,1394,55,incluido,0.3
3,SVD,ajustado,475,15,1636,3,incluido,0.0
3,SVD,ajustado,476,67,1584,7,incluido,0.0
3,SVD,ajustado,477,26,1625,9,incluido,0.0
3,SVD,ajustado,478,98,1553,11,incluido,0.0
3,SVD,ajustado,479,168,1483,18,incluido,0.3
3,SVD,ajustado,480,45,1606,11,incluido,0.1
3,SVD,ajustado,481,45,1606,10,incluido,0.0
3,SVD,ajustado,482,20,1631,3,incluido,0.0
3,SVD,ajustado,483,47,1604,3,incluido,0.0
3,SVD,ajustado,484,113,1538,22,incluido,0.0
3,SVD,ajustado,485,20,1631,2,incluido,0.0
3,SVD,ajustado,486,152,1499,15,incluido,0.0
3,SVD,ajustado,487,187,1464,29,incluido,0.1
3,SVD,ajustado,488,123,1528,16,incluido,0.1
3,SVD,ajustado,489,81,1570,17,incluido,0.0
3,SVD,ajustado,490,47,1604,4,incluido,0.0
3,SVD,ajustado,491,29,1622,2,incluido,0.0
3,SVD,ajustado,492,44,1607,1,incluido,0.0
3,SVD,ajustado,493,113,1538,16,incluido,0.0
3,SVD,ajustado,494,37,1614,5,incluido,0.0
3,SVD,ajustado,495,173,1478,28,incluido,0.0
3,SVD,ajustado,496,104,1547,10,incluido,0.1
3,SVD,ajustado,497,217,1434,19,incluido,0.0
3,SVD,ajustado,498,116,1535,15,incluido,0.2
3,SVD,ajustado,499,81,1570,16,incluido,0.0
3,SVD,ajustado,500,168,1483,28,incluido,0.1
3,SVD,ajustado,501,61,1590,9,incluido,0.0
3,SVD,ajustado,502,30,1621,1,incluido,0.0
3,SVD,ajustado,503,121,1530,26,incluido,0.1
3,SVD,ajustado,504,181,1470,48,incluido,0.0
3,SVD,ajustado,505,94,1557,11,incluido,0.0
3,SVD,ajustado,506,207,1444,23,incluido,0.0
3,SVD,ajustado,507,42,1609,13,incluido,0.0
3,SVD,ajustado,508,69,1582,13,incluido,0.0
3,SVD,ajustado,509,28,1623,1,incluido,0.0
3,SVD,ajustado,510,26,1625,1,incluido,0.0
3,SVD,ajustado,511,22,1629,2,incluido,0.0
3,SVD,ajustado,512,19,1632,2,incluido,0.1
3,SVD,ajustado,513,21,1630,1,incluido,0.0
3,SVD,ajustado,514,167,1484,21,incluido,0.2
3,SVD,ajustado,515,33,1618,2,incluido,0.0
3,SVD,ajustado,516,16,1635,3,incluido,0.1
3,SVD,ajustado,517,30,1621,3,incluido,0.0
3,SVD,ajustado,518,59,1592,9,incluido,0.0
3,SVD,ajustado,519,38,1613,8,incluido,0.0
3,SVD,ajustado,520,17,1634,5,incluido,0.0
3,SVD,ajustado,521,118,1533,9,incluido,0.0
3,SVD,ajustado,522,27,1624,3,incluido,0.0
3,SVD,ajustado,523,84,1567,13,incluido,0.0
3,SVD,ajustado,524,235,1416,32,incluido,0.1
3,SVD,ajustado,525,44,1607,5,incluido,0.0
3,SVD,ajustado,526,56,1595,4,incluido,0.0
3,SVD,ajustado,527,109,1542,18,incluido,0.1
3,SVD,ajustado,528,41,1610,5,incluido,0.0
3,SVD,ajustado,529,35,1616,7,incluido,0.0
3,SVD,ajustado,530,39,1612,5,incluido,0.0
3,SVD,ajustado,531,26,1625,4,incluido,0.0
3,SVD,ajustado,532,213,1438,41,incluido,0.2
3,SVD,ajustado,533,210,1441,29,incluido,0.1
3,SVD,ajustado,534,61,1590,18,incluido,0.0
3,SVD,ajustado,535,163,1488,39,incluido,0.3
3,SVD,ajustado,536,126,1525,26,incluido,0.2
3,SVD,ajustado,537,404,1247,28,incluido,0.3
3,SVD,ajustado,538,72,1579,5,incluido,0.1
3,SVD,ajustado,539,46,1605,7,incluido,0.0
3,SVD,ajustado,540,46,1605,10,incluido,0.0
3,SVD,ajustado,541,94,1557,20,incluido,0.0
3,SVD,ajustado,542,101,1550,15,incluido,0.0
3,SVD,ajustado,543,162,1489,17,incluido,0.2
3,SVD,ajustado,544,25,1626,2,incluido,0.0
3,SVD,ajustado,545,131,1520,14,incluido,0.0
3,SVD,ajustado,546,47,1604,9,incluido,0.0
3,SVD,ajustado,547,19,1632,3,incluido,0.0
3,SVD,ajustado,548,124,1527,18,incluido,0.0
3,SVD,ajustado,549,20,1631,3,incluido,0.0
3,SVD,ajustado,550,34,1617,4,incluido,0.0
3,SVD,ajustado,551,267,1384,47,incluido,0.2
3,SVD,ajustado,552,74,1577,4,incluido,0.0
3,SVD,ajustado,553,84,1567,13,incluido,0.1
3,SVD,ajustado,554,90,1561,13,incluido,0.2
3,SVD,ajustado,555,43,1608,7,incluido,0.2
3,SVD,ajustado,556,38,1613,6,incluido,0.0
3,SVD,ajustado,557,44,1607,7,incluido,0.0
3,SVD,ajustado,558,16,1635,3,incluido,0.0
3,SVD,ajustado,559,63,1588,4,incluido,0.0
3,SVD,ajustado,560,80,1571,8,incluido,0.1
3,SVD,ajustado,561,284,1367,22,incluido,0.3
3,SVD,ajustado,562,59,1592,8,incluido,0.0
3,SVD,ajustado,563,23,1628,4,incluido,0.0
3,SVD,ajustado,564,27,1624,1,incluido,0.0
3,SVD,ajustado,565,27,1624,8,incluido,0.1
3,SVD,ajustado,566,123,1528,16,incluido,0.1
3,SVD,ajustado,567,124,1527,22,incluido,0.1
3,SVD,ajustado,568,58,1593,15,incluido,0.1
3,SVD,ajustado,569,53,1598,11,incluido,0.0
3,SVD,ajustado,570,18,1633,1,incluido,0.0
3,SVD,ajustado,571,11,1640,5,incluido,0.0
3,SVD,ajustado,572,13,1638,5,incluido,0.0
3,SVD,ajustado,573,40,1611,7,incluido,0.0
3,SVD,ajustado,574,40,1611,2,incluido,0.0
3,SVD,ajustado,575,20,1631,2,incluido,0.0
3,SVD,ajustado,576,29,1622,5,incluido,0.0
3,SVD,ajustado,577,141,1510,27,incluido,0.2
3,SVD,ajustado,578,19,1632,1,incluido,0.0
3,SVD,ajustado,579,57,1594,7,incluido,0.0
3,SVD,ajustado,580,38,1613,6,incluido,0.0
3,SVD,ajustado,581,23,1628,4,incluido,0.0
3,SVD,ajustado,582,47,1604,7,incluido,0.0
3,SVD,ajustado,583,18,1633,9,incluido,0.0
3,SVD,ajustado,584,18,1633,4,incluido,0.1
3,SVD,ajustado,585,73,1578,6,incluido,0.0
3,SVD,ajustado,586,137,1514,12,incluido,0.0
3,SVD,ajustado,587,79,1572,9,incluido,0.0
3,SVD,ajustado,588,181,1470,22,incluido,0.0
3,SVD,ajustado,589,37,1614,2,incluido,0.0
3,SVD,ajustado,590,43,1608,3,incluido,0.0
3,SVD,ajustado,591,66,1585,7,incluido,0.0
3,SVD,ajustado,592,283,1368,53,incluido,0.5
3,SVD,ajustado,593,126,1525,17,incluido,0.1
3,SVD,ajustado,594,23,1628,1,incluido,0.0
3,SVD,ajustado,595,71,1580,10,incluido,0.0
3,SVD,ajustado,596,17,1634,2,incluido,0.0
3,SVD,ajustado,597,35,1616,2,incluido,0.0
3,SVD,ajustado,598,17,1634,6,incluido,0.0
3,SVD,ajustado,599,38,1613,6,incluido,0.0
3,SVD,ajustado,600,72,1579,8,incluido,0.0
3,SVD,ajustado,601,119,1532,17,incluido,0.3
3,SVD,ajustado,602,27,1624,0,sem_relevante_elegivel,
3,SVD,ajustado,603,41,1610,4,incluido,0.0
3,SVD,ajustado,604,26,1625,1,incluido,0.0
3,SVD,ajustado,605,63,1588,18,incluido,0.2
3,SVD,ajustado,606,198,1453,26,incluido,0.0
3,SVD,ajustado,607,29,1622,5,incluido,0.0
3,SVD,ajustado,608,132,1519,18,incluido,0.0
3,SVD,ajustado,609,22,1629,5,incluido,0.0
3,SVD,ajustado,610,62,1589,9,incluido,0.1
3,SVD,ajustado,611,36,1615,3,incluido,0.0
3,SVD,ajustado,612,23,1628,3,incluido,0.0
3,SVD,ajustado,613,24,1627,3,incluido,0.1
3,SVD,ajustado,614,34,1617,1,incluido,0.0
3,SVD,ajustado,615,78,1573,19,incluido,0.0
3,SVD,ajustado,616,34,1617,5,incluido,0.0
3,SVD,ajustado,617,79,1572,10,incluido,0.0
3,SVD,ajustado,618,164,1487,21,incluido,0.1
3,SVD,ajustado,619,75,1576,7,incluido,0.1
3,SVD,ajustado,620,85,1566,18,incluido,0.0
3,SVD,ajustado,621,137,1514,21,incluido,0.0
3,SVD,ajustado,622,179,1472,27,incluido,0.2
3,SVD,ajustado,623,38,1613,3,incluido,0.0
3,SVD,ajustado,624,114,1537,11,incluido,0.0
3,SVD,ajustado,625,87,1564,9,incluido,0.1
3,SVD,ajustado,626,28,1623,0,sem_relevante_elegivel,
3,SVD,ajustado,627,156,1495,12,incluido,0.2
3,SVD,ajustado,628,24,1627,3,incluido,0.0
3,SVD,ajustado,629,91,1560,22,incluido,0.1
3,SVD,ajustado,630,88,1563,11,incluido,0.1
3,SVD,ajustado,631,16,1635,2,incluido,0.0
3,SVD,ajustado,632,93,1558,12,incluido,0.1
3,SVD,ajustado,633,50,1601,2,incluido,0.0
3,SVD,ajustado,634,107,1544,12,incluido,0.1
3,SVD,ajustado,635,26,1625,3,incluido,0.0
3,SVD,ajustado,636,17,1634,3,incluido,0.1
3,SVD,ajustado,637,86,1565,5,incluido,0.0
3,SVD,ajustado,638,54,1597,4,incluido,0.0
3,SVD,ajustado,639,126,1525,8,incluido,0.1
3,SVD,ajustado,640,86,1565,19,incluido,0.0
3,SVD,ajustado,641,29,1622,7,incluido,0.1
3,SVD,ajustado,642,259,1392,34,incluido,0.0
3,SVD,ajustado,643,160,1491,27,incluido,0.1
3,SVD,ajustado,644,33,1618,9,incluido,0.1
3,SVD,ajustado,645,102,1549,13,incluido,0.1
3,SVD,ajustado,646,29,1622,1,incluido,0.0
3,SVD,ajustado,647,50,1601,6,incluido,0.0
3,SVD,ajustado,648,237,1414,32,incluido,0.2
3,SVD,ajustado,649,21,1630,2,incluido,0.0
3,SVD,ajustado,650,245,1406,20,incluido,0.0
3,SVD,ajustado,651,18,1633,1,incluido,0.0
3,SVD,ajustado,652,18,1633,2,incluido,0.0
3,SVD,ajustado,653,222,1429,19,incluido,0.2
3,SVD,ajustado,654,117,1534,20,incluido,0.2
3,SVD,ajustado,655,540,1111,25,incluido,0.3
3,SVD,ajustado,656,21,1630,0,sem_relevante_elegivel,
3,SVD,ajustado,657,20,1631,5,incluido,0.0
3,SVD,ajustado,658,54,1597,9,incluido,0.0
3,SVD,ajustado,659,163,1488,13,incluido,0.1
3,SVD,ajustado,660,168,1483,12,incluido,0.1
3,SVD,ajustado,661,88,1563,23,incluido,0.2
3,SVD,ajustado,662,16,1635,5,incluido,0.0
3,SVD,ajustado,663,121,1530,21,incluido,0.3
3,SVD,ajustado,664,132,1519,25,incluido,0.3
3,SVD,ajustado,665,127,1524,6,incluido,0.0
3,SVD,ajustado,666,193,1458,30,incluido,0.2
3,SVD,ajustado,667,38,1613,5,incluido,0.0
3,SVD,ajustado,668,34,1617,8,incluido,0.0
3,SVD,ajustado,669,78,1573,10,incluido,0.4
3,SVD,ajustado,670,41,1610,4,incluido,0.0
3,SVD,ajustado,671,102,1549,11,incluido,0.2
3,SVD,ajustado,672,24,1627,2,incluido,0.0
3,SVD,ajustado,673,28,1623,7,incluido,0.0
3,SVD,ajustado,674,34,1617,5,incluido,0.0
3,SVD,ajustado,675,31,1620,2,incluido,0.0
3,SVD,ajustado,676,67,1584,8,incluido,0.1
3,SVD,ajustado,677,36,1615,8,incluido,0.0
3,SVD,ajustado,678,24,1627,2,incluido,0.0
3,SVD,ajustado,679,50,1601,7,incluido,0.2
3,SVD,ajustado,680,32,1619,3,incluido,0.2
3,SVD,ajustado,681,19,1632,0,sem_relevante_elegivel,
3,SVD,ajustado,682,331,1320,26,incluido,0.3
3,SVD,ajustado,683,59,1592,6,incluido,0.1
3,SVD,ajustado,684,70,1581,9,incluido,0.1
3,SVD,ajustado,685,14,1637,0,sem_relevante_elegivel,
3,SVD,ajustado,686,57,1594,11,incluido,0.1
3,SVD,ajustado,687,17,1634,1,incluido,0.0
3,SVD,ajustado,688,19,1632,5,incluido,0.0
3,SVD,ajustado,689,29,1622,3,incluido,0.0
3,SVD,ajustado,690,90,1561,10,incluido,0.0
3,SVD,ajustado,691,27,1624,4,incluido,0.0
3,SVD,ajustado,692,28,1623,6,incluido,0.0
3,SVD,ajustado,693,126,1525,8,incluido,0.3
3,SVD,ajustado,694,135,1516,19,incluido,0.1
3,SVD,ajustado,695,27,1624,6,incluido,0.0
3,SVD,ajustado,696,23,1628,4,incluido,0.0
3,SVD,ajustado,697,83,1568,11,incluido,0.0
3,SVD,ajustado,698,100,1551,7,incluido,0.0
3,SVD,ajustado,699,118,1533,9,incluido,0.0
3,SVD,ajustado,700,18,1633,2,incluido,0.0
3,SVD,ajustado,701,25,1626,5,incluido,0.0
3,SVD,ajustado,702,22,1629,5,incluido,0.0
3,SVD,ajustado,703,40,1611,5,incluido,0.0
3,SVD,ajustado,704,71,1580,12,incluido,0.0
3,SVD,ajustado,705,92,1559,15,incluido,0.1
3,SVD,ajustado,706,23,1628,3,incluido,0.0
3,SVD,ajustado,707,194,1457,27,incluido,0.0
3,SVD,ajustado,708,79,1572,12,incluido,0.1
3,SVD,ajustado,709,117,1534,13,incluido,0.2
3,SVD,ajustado,710,67,1584,9,incluido,0.1
3,SVD,ajustado,711,170,1481,41,incluido,0.1
3,SVD,ajustado,712,128,1523,23,incluido,0.0
3,SVD,ajustado,713,24,1627,2,incluido,0.0
3,SVD,ajustado,714,36,1615,4,incluido,0.0
3,SVD,ajustado,715,135,1516,15,incluido,0.1
3,SVD,ajustado,716,206,1445,45,incluido,0.3
3,SVD,ajustado,717,72,1579,17,incluido,0.1
3,SVD,ajustado,718,36,1615,1,incluido,0.0
3,SVD,ajustado,719,55,1596,7,incluido,0.1
3,SVD,ajustado,720,21,1630,7,incluido,0.1
3,SVD,ajustado,721,141,1510,16,incluido,0.1
3,SVD,ajustado,722,36,1615,4,incluido,0.0
3,SVD,ajustado,723,17,1634,2,incluido,0.0
3,SVD,ajustado,724,64,1587,4,incluido,0.0
3,SVD,ajustado,725,18,1633,5,incluido,0.0
3,SVD,ajustado,726,21,1630,1,incluido,0.0
3,SVD,ajustado,727,268,1383,18,incluido,0.1
3,SVD,ajustado,728,19,1632,6,incluido,0.0
3,SVD,ajustado,729,16,1635,1,incluido,0.0
3,SVD,ajustado,730,27,1624,4,incluido,0.0
3,SVD,ajustado,731,57,1594,13,incluido,0.0
3,SVD,ajustado,732,17,1634,2,incluido,0.0
3,SVD,ajustado,733,85,1566,7,incluido,0.0
3,SVD,ajustado,734,55,1596,6,incluido,0.0
3,SVD,ajustado,735,47,1604,2,incluido,0.0
3,SVD,ajustado,736,21,1630,2,incluido,0.0
3,SVD,ajustado,737,28,1623,3,incluido,0.2
3,SVD,ajustado,738,120,1531,14,incluido,0.3
3,SVD,ajustado,739,29,1622,5,incluido,0.1
3,SVD,ajustado,740,17,1634,2,incluido,0.0
3,SVD,ajustado,741,76,1575,11,incluido,0.1
3,SVD,ajustado,742,24,1627,2,incluido,0.1
3,SVD,ajustado,743,26,1625,6,incluido,0.1
3,SVD,ajustado,744,24,1627,0,sem_relevante_elegivel,
3,SVD,ajustado,745,48,1603,2,incluido,0.0
3,SVD,ajustado,746,54,1597,10,incluido,0.0
3,SVD,ajustado,747,243,1408,43,incluido,0.8
3,SVD,ajustado,748,82,1569,21,incluido,0.3
3,SVD,ajustado,749,253,1398,29,incluido,0.2
3,SVD,ajustado,750,24,1627,3,incluido,0.0
3,SVD,ajustado,751,126,1525,24,incluido,0.0
3,SVD,ajustado,752,59,1592,3,incluido,0.0
3,SVD,ajustado,753,41,1610,10,incluido,0.1
3,SVD,ajustado,754,26,1625,5,incluido,0.0
3,SVD,ajustado,755,33,1618,3,incluido,0.0
3,SVD,ajustado,756,91,1560,7,incluido,0.0
3,SVD,ajustado,757,136,1515,15,incluido,0.0
3,SVD,ajustado,758,276,1375,57,incluido,0.2
3,SVD,ajustado,759,25,1626,6,incluido,0.0
3,SVD,ajustado,760,30,1621,4,incluido,0.0
3,SVD,ajustado,761,57,1594,2,incluido,0.0
3,SVD,ajustado,762,15,1636,2,incluido,0.0
3,SVD,ajustado,763,95,1556,22,incluido,0.1
3,SVD,ajustado,764,85,1566,15,incluido,0.1
3,SVD,ajustado,765,14,1637,6,incluido,0.0
3,SVD,ajustado,766,139,1512,14,incluido,0.1
3,SVD,ajustado,767,31,1620,6,incluido,0.0
3,SVD,ajustado,768,55,1596,1,incluido,0.0
3,SVD,ajustado,769,24,1627,2,incluido,0.0
3,SVD,ajustado,770,47,1604,11,incluido,0.0
3,SVD,ajustado,771,56,1595,9,incluido,0.2
3,SVD,ajustado,772,26,1625,6,incluido,0.0
3,SVD,ajustado,773,132,1519,15,incluido,0.1
3,SVD,ajustado,774,182,1469,6,incluido,0.0
3,SVD,ajustado,775,18,1633,8,incluido,0.0
3,SVD,ajustado,776,88,1563,10,incluido,0.2
3,SVD,ajustado,777,30,1621,4,incluido,0.0
3,SVD,ajustado,778,54,1597,3,incluido,0.0
3,SVD,ajustado,779,33,1618,4,incluido,0.0
3,SVD,ajustado,780,42,1609,10,incluido,0.1
3,SVD,ajustado,781,26,1625,10,incluido,0.2
3,SVD,ajustado,782,189,1462,12,incluido,0.0
3,SVD,ajustado,783,28,1623,2,incluido,0.0
3,SVD,ajustado,784,30,1621,7,incluido,0.1
3,SVD,ajustado,785,21,1630,4,incluido,0.0
3,SVD,ajustado,786,98,1553,16,incluido,0.1
3,SVD,ajustado,787,43,1608,4,incluido,0.0
3,SVD,ajustado,788,211,1440,12,incluido,0.0
3,SVD,ajustado,789,28,1623,1,incluido,0.0
3,SVD,ajustado,790,184,1467,19,incluido,0.1
3,SVD,ajustado,791,24,1627,1,incluido,0.0
3,SVD,ajustado,792,34,1617,6,incluido,0.0
3,SVD,ajustado,793,43,1608,7,incluido,0.0
3,SVD,ajustado,794,27,1624,9,incluido,0.0
3,SVD,ajustado,795,125,1526,10,incluido,0.0
3,SVD,ajustado,796,289,1362,34,incluido,0.3
3,SVD,ajustado,797,21,1630,2,incluido,0.0
3,SVD,ajustado,798,196,1455,20,incluido,0.0
3,SVD,ajustado,799,19,1632,3,incluido,0.0
3,SVD,ajustado,800,24,1627,4,incluido,0.0
3,SVD,ajustado,801,25,1626,1,incluido,0.0
3,SVD,ajustado,802,64,1587,8,incluido,0.0
3,SVD,ajustado,803,24,1627,3,incluido,0.0
3,SVD,ajustado,804,263,1388,47,incluido,0.4
3,SVD,ajustado,805,223,1428,23,incluido,0.1
3,SVD,ajustado,806,115,1536,15,incluido,0.2
3,SVD,ajustado,807,167,1484,27,incluido,0.0
3,SVD,ajustado,808,17,1634,5,incluido,0.0
3,SVD,ajustado,809,18,1633,2,incluido,0.0
3,SVD,ajustado,810,19,1632,6,incluido,0.0
3,SVD,ajustado,811,18,1633,2,incluido,0.0
3,SVD,ajustado,812,19,1632,1,incluido,0.0
3,SVD,ajustado,813,22,1629,2,incluido,0.0
3,SVD,ajustado,814,27,1624,1,incluido,0.0
3,SVD,ajustado,815,149,1502,23,incluido,0.3
3,SVD,ajustado,816,23,1628,2,incluido,0.0
3,SVD,ajustado,817,31,1620,2,incluido,0.0
3,SVD,ajustado,818,17,1634,4,incluido,0.0
3,SVD,ajustado,819,22,1629,5,incluido,0.0
3,SVD,ajustado,820,18,1633,2,incluido,0.0
3,SVD,ajustado,821,53,1598,8,incluido,0.3
3,SVD,ajustado,822,19,1632,0,sem_relevante_elegivel,
3,SVD,ajustado,823,149,1502,24,incluido,0.1
3,SVD,ajustado,824,19,1632,0,sem_relevante_elegivel,
3,SVD,ajustado,825,114,1537,14,incluido,0.0
3,SVD,ajustado,826,85,1566,16,incluido,0.1
3,SVD,ajustado,827,24,1627,1,incluido,0.0
3,SVD,ajustado,828,79,1572,8,incluido,0.0
3,SVD,ajustado,829,47,1604,9,incluido,0.1
3,SVD,ajustado,830,91,1560,9,incluido,0.0
3,SVD,ajustado,831,57,1594,9,incluido,0.0
3,SVD,ajustado,832,22,1629,0,sem_relevante_elegivel,
3,SVD,ajustado,833,212,1439,23,incluido,0.2
3,SVD,ajustado,834,45,1606,8,incluido,0.1
3,SVD,ajustado,835,83,1568,14,incluido,0.0
3,SVD,ajustado,836,42,1609,5,incluido,0.1
3,SVD,ajustado,837,38,1613,4,incluido,0.0
3,SVD,ajustado,838,75,1576,14,incluido,0.2
3,SVD,ajustado,839,45,1606,3,incluido,0.0
3,SVD,ajustado,840,157,1494,31,incluido,0.3
3,SVD,ajustado,841,24,1627,5,incluido,0.0
3,SVD,ajustado,842,21,1630,4,incluido,0.0
3,SVD,ajustado,843,167,1484,4,incluido,0.0
3,SVD,ajustado,844,63,1588,8,incluido,0.1
3,SVD,ajustado,845,25,1626,0,sem_relevante_elegivel,
3,SVD,ajustado,846,329,1322,43,incluido,0.2
3,SVD,ajustado,847,121,1530,9,incluido,0.0
3,SVD,ajustado,848,124,1527,17,incluido,0.2
3,SVD,ajustado,849,21,1630,2,incluido,0.0
3,SVD,ajustado,850,40,1611,8,incluido,0.0
3,SVD,ajustado,851,168,1483,17,incluido,0.1
3,SVD,ajustado,852,40,1611,3,incluido,0.0
3,SVD,ajustado,853,32,1619,2,incluido,0.0
3,SVD,ajustado,854,183,1468,15,incluido,0.1
3,SVD,ajustado,855,22,1629,0,sem_relevante_elegivel,
3,SVD,ajustado,856,23,1628,3,incluido,0.0
3,SVD,ajustado,857,18,1633,1,incluido,0.0
3,SVD,ajustado,858,16,1635,2,incluido,0.0
3,SVD,ajustado,859,28,1623,8,incluido,0.0
3,SVD,ajustado,860,55,1596,6,incluido,0.0
3,SVD,ajustado,861,32,1619,9,incluido,0.0
3,SVD,ajustado,862,135,1516,25,incluido,0.0
3,SVD,ajustado,863,75,1576,13,incluido,0.0
3,SVD,ajustado,864,234,1417,42,incluido,0.2
3,SVD,ajustado,865,55,1596,3,incluido,0.0
3,SVD,ajustado,866,16,1635,1,incluido,0.0
3,SVD,ajustado,867,82,1569,10,incluido,0.0
3,SVD,ajustado,868,176,1475,13,incluido,0.2
3,SVD,ajustado,869,37,1614,3,incluido,0.0
3,SVD,ajustado,870,231,1420,16,incluido,0.1
3,SVD,ajustado,871,95,1556,7,incluido,0.0
3,SVD,ajustado,872,61,1590,5,incluido,0.0
3,SVD,ajustado,873,15,1636,2,incluido,0.0
3,SVD,ajustado,874,24,1627,4,incluido,0.0
3,SVD,ajustado,875,80,1571,8,incluido,0.1
3,SVD,ajustado,876,15,1636,4,incluido,0.1
3,SVD,ajustado,877,66,1585,11,incluido,0.2
3,SVD,ajustado,878,116,1535,9,incluido,0.0
3,SVD,ajustado,879,25,1626,3,incluido,0.0
3,SVD,ajustado,880,282,1369,45,incluido,0.1
3,SVD,ajustado,881,201,1450,27,incluido,0.1
3,SVD,ajustado,882,109,1542,24,incluido,0.0
3,SVD,ajustado,883,209,1442,37,incluido,0.2
3,SVD,ajustado,884,34,1617,4,incluido,0.0
3,SVD,ajustado,885,80,1571,11,incluido,0.0
3,SVD,ajustado,886,199,1452,17,incluido,0.3
3,SVD,ajustado,887,142,1509,20,incluido,0.1
3,SVD,ajustado,888,15,1636,5,incluido,0.0
3,SVD,ajustado,889,265,1386,29,incluido,0.2
3,SVD,ajustado,890,93,1558,21,incluido,0.1
3,SVD,ajustado,891,36,1615,7,incluido,0.0
3,SVD,ajustado,892,188,1463,28,incluido,0.3
3,SVD,ajustado,893,47,1604,7,incluido,0.0
3,SVD,ajustado,894,202,1449,26,incluido,0.0
3,SVD,ajustado,895,16,1635,1,incluido,0.0
3,SVD,ajustado,896,283,1368,29,incluido,0.2
3,SVD,ajustado,897,149,1502,23,incluido,0.0
3,SVD,ajustado,898,22,1629,2,incluido,0.1
3,SVD,ajustado,899,106,1545,19,incluido,0.1
3,SVD,ajustado,900,41,1610,0,sem_relevante_elegivel,
3,SVD,ajustado,901,97,1554,20,incluido,0.0
3,SVD,ajustado,902,37,1614,6,incluido,0.0
3,SVD,ajustado,903,115,1536,16,incluido,0.1
3,SVD,ajustado,904,39,1612,6,incluido,0.0
3,SVD,ajustado,905,30,1621,7,incluido,0.0
3,SVD,ajustado,906,31,1620,8,incluido,0.1
3,SVD,ajustado,907,111,1540,33,incluido,0.3
3,SVD,ajustado,908,66,1585,5,incluido,0.0
3,SVD,ajustado,909,23,1628,1,incluido,0.0
3,SVD,ajustado,910,53,1598,3,incluido,0.0
3,SVD,ajustado,911,78,1573,13,incluido,0.0
3,SVD,ajustado,912,45,1606,5,incluido,0.1
3,SVD,ajustado,913,106,1545,12,incluido,0.1
3,SVD,ajustado,914,19,1632,2,incluido,0.0
3,SVD,ajustado,915,22,1629,1,incluido,0.0
3,SVD,ajustado,916,247,1404,28,incluido,0.2
3,SVD,ajustado,917,24,1627,8,incluido,0.0
3,SVD,ajustado,918,75,1576,14,incluido,0.0
3,SVD,ajustado,919,176,1475,21,incluido,0.0
3,SVD,ajustado,920,23,1628,0,sem_relevante_elegivel,
3,SVD,ajustado,921,96,1555,7,incluido,0.1
3,SVD,ajustado,922,102,1549,12,incluido,0.1
3,SVD,ajustado,923,53,1598,19,incluido,0.0
3,SVD,ajustado,924,69,1582,9,incluido,0.0
3,SVD,ajustado,925,28,1623,2,incluido,0.0
3,SVD,ajustado,926,16,1635,2,incluido,0.0
3,SVD,ajustado,927,90,1561,22,incluido,0.1
3,SVD,ajustado,928,22,1629,8,incluido,0.2
3,SVD,ajustado,929,35,1616,9,incluido,0.2
3,SVD,ajustado,930,51,1600,4,incluido,0.0
3,SVD,ajustado,931,52,1599,3,incluido,0.1
3,SVD,ajustado,932,188,1463,38,incluido,0.2
3,SVD,ajustado,933,147,1504,8,incluido,0.2
3,SVD,ajustado,934,148,1503,16,incluido,0.0
3,SVD,ajustado,935,31,1620,7,incluido,0.0
3,SVD,ajustado,936,111,1540,19,incluido,0.0
3,SVD,ajustado,937,27,1624,6,incluido,0.0
3,SVD,ajustado,938,85,1566,12,incluido,0.0
3,SVD,ajustado,939,35,1616,11,incluido,0.0
3,SVD,ajustado,940,91,1560,7,incluido,0.0
3,SVD,ajustado,941,16,1635,6,incluido,0.0
3,SVD,ajustado,942,67,1584,11,incluido,0.0
3,SVD,ajustado,943,124,1527,27,incluido,0.1
4,SVD,inicial,1,216,1438,33,incluido,0.3
4,SVD,inicial,2,49,1605,6,incluido,0.0
4,SVD,inicial,3,43,1611,1,incluido,0.0
4,SVD,inicial,4,18,1636,6,incluido,0.0
4,SVD,inicial,5,143,1511,10,incluido,0.1
4,SVD,inicial,6,149,1505,41,incluido,0.7
4,SVD,inicial,7,335,1319,46,incluido,0.4
4,SVD,inicial,8,51,1603,6,incluido,0.0
4,SVD,inicial,9,18,1636,4,incluido,0.1
4,SVD,inicial,10,150,1504,29,incluido,0.1
4,SVD,inicial,11,139,1515,17,incluido,0.0
4,SVD,inicial,12,45,1609,6,incluido,0.1
4,SVD,inicial,13,518,1136,47,incluido,0.3
4,SVD,inicial,14,82,1572,12,incluido,0.1
4,SVD,inicial,15,79,1575,8,incluido,0.0
4,SVD,inicial,16,120,1534,17,incluido,0.2
4,SVD,inicial,17,20,1634,1,incluido,0.0
4,SVD,inicial,18,232,1422,27,incluido,0.3
4,SVD,inicial,19,16,1638,3,incluido,0.0
4,SVD,inicial,20,39,1615,5,incluido,0.0
4,SVD,inicial,21,150,1504,8,incluido,0.0
4,SVD,inicial,22,103,1551,15,incluido,0.1
4,SVD,inicial,23,128,1526,10,incluido,0.0
4,SVD,inicial,24,58,1596,6,incluido,0.1
4,SVD,inicial,25,67,1587,11,incluido,0.1
4,SVD,inicial,26,78,1576,4,incluido,0.0
4,SVD,inicial,27,18,1636,4,incluido,0.0
4,SVD,inicial,28,58,1596,12,incluido,0.0
4,SVD,inicial,29,29,1625,4,incluido,0.0
4,SVD,inicial,30,34,1620,8,incluido,0.0
4,SVD,inicial,31,33,1621,2,incluido,0.0
4,SVD,inicial,32,30,1624,2,incluido,0.1
4,SVD,inicial,33,17,1637,5,incluido,0.0
4,SVD,inicial,34,17,1637,3,incluido,0.0
4,SVD,inicial,35,21,1633,0,sem_relevante_elegivel,
4,SVD,inicial,36,18,1636,2,incluido,0.0
4,SVD,inicial,37,44,1610,8,incluido,0.0
4,SVD,inicial,38,98,1556,15,incluido,0.0
4,SVD,inicial,39,18,1636,3,incluido,0.0
4,SVD,inicial,40,24,1630,7,incluido,0.0
4,SVD,inicial,41,40,1614,10,incluido,0.1
4,SVD,inicial,42,150,1504,22,incluido,0.2
4,SVD,inicial,43,182,1472,27,incluido,0.4
4,SVD,inicial,44,124,1530,18,incluido,0.2
4,SVD,inicial,45,41,1613,5,incluido,0.0
4,SVD,inicial,46,20,1634,5,incluido,0.0
4,SVD,inicial,47,18,1636,3,incluido,0.0
4,SVD,inicial,48,52,1602,8,incluido,0.0
4,SVD,inicial,49,172,1482,11,incluido,0.0
4,SVD,inicial,50,19,1635,3,incluido,0.0
4,SVD,inicial,51,17,1637,3,incluido,0.1
4,SVD,inicial,52,45,1609,11,incluido,0.0
4,SVD,inicial,53,20,1634,5,incluido,0.0
4,SVD,inicial,54,51,1603,12,incluido,0.0
4,SVD,inicial,55,19,1635,1,incluido,0.0
4,SVD,inicial,56,153,1501,20,incluido,0.2
4,SVD,inicial,57,81,1573,10,incluido,0.0
4,SVD,inicial,58,125,1529,20,incluido,0.4
4,SVD,inicial,59,298,1356,63,incluido,0.4
4,SVD,inicial,60,165,1489,35,incluido,0.1
4,SVD,inicial,61,18,1636,1,incluido,0.0
4,SVD,inicial,62,181,1473,23,incluido,0.2
4,SVD,inicial,63,84,1570,5,incluido,0.0
4,SVD,inicial,64,163,1491,21,incluido,0.0
4,SVD,inicial,65,66,1588,10,incluido,0.1
4,SVD,inicial,66,28,1626,5,incluido,0.0
4,SVD,inicial,67,24,1630,5,incluido,0.1
4,SVD,inicial,68,26,1628,4,incluido,0.0
4,SVD,inicial,69,54,1600,8,incluido,0.0
4,SVD,inicial,70,110,1544,10,incluido,0.2
4,SVD,inicial,71,27,1627,5,incluido,0.0
4,SVD,inicial,72,108,1546,20,incluido,0.1
4,SVD,inicial,73,51,1603,8,incluido,0.1
4,SVD,inicial,74,32,1622,2,incluido,0.0
4,SVD,inicial,75,63,1591,9,incluido,0.1
4,SVD,inicial,76,64,1590,8,incluido,0.0
4,SVD,inicial,77,57,1597,7,incluido,0.0
4,SVD,inicial,78,18,1636,2,incluido,0.0
4,SVD,inicial,79,41,1613,9,incluido,0.0
4,SVD,inicial,80,25,1629,3,incluido,0.0
4,SVD,inicial,81,40,1614,7,incluido,0.0
4,SVD,inicial,82,127,1527,16,incluido,0.2
4,SVD,inicial,83,131,1523,11,incluido,0.1
4,SVD,inicial,84,48,1606,15,incluido,0.2
4,SVD,inicial,85,238,1416,29,incluido,0.4
4,SVD,inicial,86,16,1638,1,incluido,0.0
4,SVD,inicial,87,171,1483,27,incluido,0.2
4,SVD,inicial,88,18,1636,2,incluido,0.0
4,SVD,inicial,89,55,1599,14,incluido,0.1
4,SVD,inicial,90,246,1408,42,incluido,0.4
4,SVD,inicial,91,76,1578,16,incluido,0.2
4,SVD,inicial,92,309,1345,35,incluido,0.2
4,SVD,inicial,93,19,1635,1,incluido,0.0
4,SVD,inicial,94,326,1328,49,incluido,0.5
4,SVD,inicial,95,217,1437,33,incluido,0.1
4,SVD,inicial,96,46,1608,9,incluido,0.2
4,SVD,inicial,97,44,1610,15,incluido,0.2
4,SVD,inicial,98,24,1630,2,incluido,0.0
4,SVD,inicial,99,104,1550,19,incluido,0.2
4,SVD,inicial,100,47,1607,4,incluido,0.0
4,SVD,inicial,101,52,1602,5,incluido,0.0
4,SVD,inicial,102,169,1485,7,incluido,0.1
4,SVD,inicial,103,25,1629,2,incluido,0.0
4,SVD,inicial,104,90,1564,4,incluido,0.0
4,SVD,inicial,105,17,1637,2,incluido,0.0
4,SVD,inicial,106,48,1606,9,incluido,0.2
4,SVD,inicial,107,17,1637,3,incluido,0.0
4,SVD,inicial,108,27,1627,2,incluido,0.0
4,SVD,inicial,109,191,1463,27,incluido,0.3
4,SVD,inicial,110,101,1553,13,incluido,0.0
4,SVD,inicial,111,20,1634,2,incluido,0.0
4,SVD,inicial,112,32,1622,9,incluido,0.0
4,SVD,inicial,113,43,1611,6,incluido,0.0
4,SVD,inicial,114,38,1616,6,incluido,0.0
4,SVD,inicial,115,75,1579,11,incluido,0.2
4,SVD,inicial,116,124,1530,6,incluido,0.0
4,SVD,inicial,117,63,1591,20,incluido,0.0
4,SVD,inicial,118,60,1594,10,incluido,0.2
4,SVD,inicial,119,139,1515,30,incluido,0.0
4,SVD,inicial,120,18,1636,3,incluido,0.0
4,SVD,inicial,121,58,1596,12,incluido,0.2
4,SVD,inicial,122,43,1611,13,incluido,0.1
4,SVD,inicial,123,40,1614,8,incluido,0.1
4,SVD,inicial,124,20,1634,1,incluido,0.0
4,SVD,inicial,125,142,1512,20,incluido,0.4
4,SVD,inicial,126,38,1616,3,incluido,0.0
4,SVD,inicial,127,16,1638,7,incluido,0.0
4,SVD,inicial,128,151,1503,20,incluido,0.0
4,SVD,inicial,129,22,1632,1,incluido,0.0
4,SVD,inicial,130,282,1372,51,incluido,0.4
4,SVD,inicial,131,24,1630,5,incluido,0.0
4,SVD,inicial,132,17,1637,4,incluido,0.0
4,SVD,inicial,133,24,1630,1,incluido,0.0
4,SVD,inicial,134,22,1632,2,incluido,0.0
4,SVD,inicial,135,42,1612,7,incluido,0.0
4,SVD,inicial,136,29,1625,5,incluido,0.1
4,SVD,inicial,137,38,1616,8,incluido,0.0
4,SVD,inicial,138,42,1612,8,incluido,0.0
4,SVD,inicial,139,23,1631,1,incluido,0.0
4,SVD,inicial,140,18,1636,2,incluido,0.0
4,SVD,inicial,141,84,1570,10,incluido,0.0
4,SVD,inicial,142,26,1628,5,incluido,0.0
4,SVD,inicial,143,13,1641,4,incluido,0.0
4,SVD,inicial,144,168,1486,27,incluido,0.2
4,SVD,inicial,145,248,1406,32,incluido,0.2
4,SVD,inicial,146,19,1635,7,incluido,0.0
4,SVD,inicial,147,14,1640,5,incluido,0.0
4,SVD,inicial,148,54,1600,8,incluido,0.0
4,SVD,inicial,149,26,1628,1,incluido,0.0
4,SVD,inicial,150,27,1627,5,incluido,0.0
4,SVD,inicial,151,250,1404,43,incluido,0.0
4,SVD,inicial,152,88,1566,14,incluido,0.0
4,SVD,inicial,153,21,1633,1,incluido,0.0
4,SVD,inicial,154,45,1609,4,incluido,0.1
4,SVD,inicial,155,21,1633,0,sem_relevante_elegivel,
4,SVD,inicial,156,25,1629,8,incluido,0.0
4,SVD,inicial,157,45,1609,3,incluido,0.0
4,SVD,inicial,158,143,1511,19,incluido,0.1
4,SVD,inicial,159,81,1573,13,incluido,0.0
4,SVD,inicial,160,100,1554,13,incluido,0.1
4,SVD,inicial,161,42,1612,5,incluido,0.0
4,SVD,inicial,162,35,1619,7,incluido,0.0
4,SVD,inicial,163,19,1635,1,incluido,0.1
4,SVD,inicial,164,50,1604,10,incluido,0.0
4,SVD,inicial,165,24,1630,1,incluido,0.0
4,SVD,inicial,166,14,1640,4,incluido,0.0
4,SVD,inicial,167,60,1594,8,incluido,0.0
4,SVD,inicial,168,54,1600,6,incluido,0.0
4,SVD,inicial,169,33,1621,1,incluido,0.0
4,SVD,inicial,170,16,1638,2,incluido,0.0
4,SVD,inicial,171,21,1633,1,incluido,0.0
4,SVD,inicial,172,22,1632,2,incluido,0.0
4,SVD,inicial,173,37,1617,5,incluido,0.0
4,SVD,inicial,174,144,1510,24,incluido,0.0
4,SVD,inicial,175,28,1626,6,incluido,0.0
4,SVD,inicial,176,55,1599,7,incluido,0.0
4,SVD,inicial,177,90,1564,10,incluido,0.1
4,SVD,inicial,178,210,1444,42,incluido,0.2
4,SVD,inicial,179,34,1620,3,incluido,0.0
4,SVD,inicial,180,49,1605,8,incluido,0.0
4,SVD,inicial,181,344,1310,4,incluido,0.0
4,SVD,inicial,182,24,1630,1,incluido,0.0
4,SVD,inicial,183,40,1614,4,incluido,0.0
4,SVD,inicial,184,187,1467,41,incluido,0.3
4,SVD,inicial,185,39,1615,8,incluido,0.0
4,SVD,inicial,186,78,1576,4,incluido,0.0
4,SVD,inicial,187,44,1610,10,incluido,0.0
4,SVD,inicial,188,91,1563,8,incluido,0.1
4,SVD,inicial,189,157,1497,21,incluido,0.3
4,SVD,inicial,190,48,1606,6,incluido,0.0
4,SVD,inicial,191,20,1634,4,incluido,0.0
4,SVD,inicial,192,31,1623,3,incluido,0.0
4,SVD,inicial,193,95,1559,11,incluido,0.0
4,SVD,inicial,194,240,1414,19,incluido,0.2
4,SVD,inicial,195,78,1576,9,incluido,0.0
4,SVD,inicial,196,32,1622,4,incluido,0.0
4,SVD,inicial,197,102,1552,7,incluido,0.0
4,SVD,inicial,198,147,1507,12,incluido,0.1
4,SVD,inicial,199,29,1625,4,incluido,0.0
4,SVD,inicial,200,172,1482,37,incluido,0.3
4,SVD,inicial,201,313,1341,22,incluido,0.2
4,SVD,inicial,202,16,1638,2,incluido,0.0
4,SVD,inicial,203,35,1619,4,incluido,0.0
4,SVD,inicial,204,30,1624,4,incluido,0.0
4,SVD,inicial,205,15,1639,1,incluido,0.0
4,SVD,inicial,206,48,1606,7,incluido,0.0
4,SVD,inicial,207,195,1459,10,incluido,0.2
4,SVD,inicial,208,27,1627,3,incluido,0.0
4,SVD,inicial,209,29,1625,3,incluido,0.0
4,SVD,inicial,210,110,1544,15,incluido,0.1
4,SVD,inicial,211,31,1623,1,incluido,0.0
4,SVD,inicial,212,19,1635,2,incluido,0.0
4,SVD,inicial,213,94,1560,24,incluido,0.1
4,SVD,inicial,214,95,1559,25,incluido,0.3
4,SVD,inicial,215,70,1584,11,incluido,0.0
4,SVD,inicial,216,104,1550,17,incluido,0.2
4,SVD,inicial,217,61,1593,5,incluido,0.1
4,SVD,inicial,218,42,1612,5,incluido,0.0
4,SVD,inicial,219,22,1632,4,incluido,0.0
4,SVD,inicial,220,20,1634,1,incluido,0.0
4,SVD,inicial,221,112,1542,21,incluido,0.0
4,SVD,inicial,222,320,1334,29,incluido,0.2
4,SVD,inicial,223,86,1568,8,incluido,0.0
4,SVD,inicial,224,113,1541,13,incluido,0.0
4,SVD,inicial,225,21,1633,6,incluido,0.0
4,SVD,inicial,226,42,1612,6,incluido,0.0
4,SVD,inicial,227,47,1607,6,incluido,0.1
4,SVD,inicial,228,15,1639,4,incluido,0.0
4,SVD,inicial,229,25,1629,1,incluido,0.0
4,SVD,inicial,230,109,1545,16,incluido,0.1
4,SVD,inicial,231,16,1638,4,incluido,0.0
4,SVD,inicial,232,77,1577,12,incluido,0.3
4,SVD,inicial,233,89,1565,17,incluido,0.2
4,SVD,inicial,234,392,1262,27,incluido,0.2
4,SVD,inicial,235,75,1579,17,incluido,0.0
4,SVD,inicial,236,104,1550,11,incluido,0.2
4,SVD,inicial,237,39,1615,8,incluido,0.3
4,SVD,inicial,238,20,1634,2,incluido,0.0
4,SVD,inicial,239,130,1524,20,incluido,0.0
4,SVD,inicial,240,20,1634,3,incluido,0.0
4,SVD,inicial,241,20,1634,2,incluido,0.0
4,SVD,inicial,242,18,1636,2,incluido,0.0
4,SVD,inicial,243,67,1587,8,incluido,0.0
4,SVD,inicial,244,187,1467,33,incluido,0.1
4,SVD,inicial,245,17,1637,1,incluido,0.0
4,SVD,inicial,246,160,1494,13,incluido,0.0
4,SVD,inicial,247,18,1636,5,incluido,0.1
4,SVD,inicial,248,47,1607,6,incluido,0.1
4,SVD,inicial,249,128,1526,27,incluido,0.4
4,SVD,inicial,250,92,1562,22,incluido,0.1
4,SVD,inicial,251,57,1597,14,incluido,0.0
4,SVD,inicial,252,17,1637,3,incluido,0.0
4,SVD,inicial,253,79,1575,15,incluido,0.1
4,SVD,inicial,254,121,1533,7,incluido,0.2
4,SVD,inicial,255,72,1582,4,incluido,0.0
4,SVD,inicial,256,172,1482,27,incluido,0.1
4,SVD,inicial,257,40,1614,13,incluido,0.0
4,SVD,inicial,258,18,1636,2,incluido,0.0
4,SVD,inicial,259,39,1615,7,incluido,0.1
4,SVD,inicial,260,18,1636,3,incluido,0.0
4,SVD,inicial,261,19,1635,5,incluido,0.0
4,SVD,inicial,262,123,1531,15,incluido,0.1
4,SVD,inicial,263,97,1557,22,incluido,0.2
4,SVD,inicial,264,91,1563,20,incluido,0.0
4,SVD,inicial,265,31,1623,8,incluido,0.0
4,SVD,inicial,266,17,1637,4,incluido,0.0
4,SVD,inicial,267,144,1510,27,incluido,0.2
4,SVD,inicial,268,258,1396,13,incluido,0.3
4,SVD,inicial,269,254,1400,33,incluido,0.7
4,SVD,inicial,270,106,1548,24,incluido,0.1
4,SVD,inicial,271,233,1421,31,incluido,0.5
4,SVD,inicial,272,46,1608,5,incluido,0.1
4,SVD,inicial,273,18,1636,2,incluido,0.0
4,SVD,inicial,274,57,1597,12,incluido,0.1
4,SVD,inicial,275,75,1579,5,incluido,0.0
4,SVD,inicial,276,410,1244,54,incluido,0.6
4,SVD,inicial,277,44,1610,7,incluido,0.0
4,SVD,inicial,278,20,1634,3,incluido,0.0
4,SVD,inicial,279,341,1313,43,incluido,0.1
4,SVD,inicial,280,202,1452,28,incluido,0.2
4,SVD,inicial,281,23,1631,2,incluido,0.0
4,SVD,inicial,282,19,1635,2,incluido,0.0
4,SVD,inicial,283,43,1611,7,incluido,0.0
4,SVD,inicial,284,38,1616,3,incluido,0.0
4,SVD,inicial,285,23,1631,7,incluido,0.0
4,SVD,inicial,286,230,1424,33,incluido,0.0
4,SVD,inicial,287,46,1608,14,incluido,0.0
4,SVD,inicial,288,63,1591,11,incluido,0.2
4,SVD,inicial,289,20,1634,2,incluido,0.0
4,SVD,inicial,290,113,1541,15,incluido,0.3
4,SVD,inicial,291,235,1419,42,incluido,0.2
4,SVD,inicial,292,95,1559,24,incluido,0.2
4,SVD,inicial,293,310,1344,26,incluido,0.3
4,SVD,inicial,294,122,1532,13,incluido,0.0
4,SVD,inicial,295,153,1501,37,incluido,0.2
4,SVD,inicial,296,114,1540,20,incluido,0.1
4,SVD,inicial,297,161,1493,12,incluido,0.1
4,SVD,inicial,298,102,1552,17,incluido,0.1
4,SVD,inicial,299,225,1429,33,incluido,0.3
4,SVD,inicial,300,14,1640,4,incluido,0.0
4,SVD,inicial,301,220,1434,39,incluido,0.3
4,SVD,inicial,302,15,1639,1,incluido,0.0
4,SVD,inicial,303,395,1259,38,incluido,0.4
4,SVD,inicial,304,22,1632,2,incluido,0.0
4,SVD,inicial,305,175,1479,22,incluido,0.3
4,SVD,inicial,306,29,1625,2,incluido,0.0
4,SVD,inicial,307,83,1571,16,incluido,0.4
4,SVD,inicial,308,315,1339,50,incluido,0.4
4,SVD,inicial,309,14,1640,4,incluido,0.0
4,SVD,inicial,310,19,1635,2,incluido,0.0
4,SVD,inicial,311,231,1423,40,incluido,0.1
4,SVD,inicial,312,176,1478,37,incluido,0.5
4,SVD,inicial,313,202,1452,33,incluido,0.3
4,SVD,inicial,314,190,1464,33,incluido,0.1
4,SVD,inicial,315,71,1583,13,incluido,0.2
4,SVD,inicial,316,68,1586,2,incluido,0.1
4,SVD,inicial,317,14,1640,5,incluido,0.0
4,SVD,inicial,318,140,1514,18,incluido,0.1
4,SVD,inicial,319,22,1632,1,incluido,0.0
4,SVD,inicial,320,117,1537,25,incluido,0.0
4,SVD,inicial,321,97,1557,20,incluido,0.1
4,SVD,inicial,322,40,1614,9,incluido,0.0
4,SVD,inicial,323,79,1575,4,incluido,0.0
4,SVD,inicial,324,52,1602,11,incluido,0.0
4,SVD,inicial,325,115,1539,13,incluido,0.3
4,SVD,inicial,326,154,1500,14,incluido,0.1
4,SVD,inicial,327,231,1423,22,incluido,0.1
4,SVD,inicial,328,236,1418,21,incluido,0.1
4,SVD,inicial,329,51,1603,9,incluido,0.2
4,SVD,inicial,330,122,1532,22,incluido,0.1
4,SVD,inicial,331,51,1603,12,incluido,0.0
4,SVD,inicial,332,141,1513,36,incluido,0.0
4,SVD,inicial,333,17,1637,7,incluido,0.2
4,SVD,inicial,334,260,1394,42,incluido,0.4
4,SVD,inicial,335,20,1634,0,sem_relevante_elegivel,
4,SVD,inicial,336,108,1546,6,incluido,0.1
4,SVD,inicial,337,31,1623,1,incluido,0.0
4,SVD,inicial,338,57,1597,10,incluido,0.1
4,SVD,inicial,339,209,1445,34,incluido,0.3
4,SVD,inicial,340,32,1622,11,incluido,0.0
4,SVD,inicial,341,20,1634,1,incluido,0.0
4,SVD,inicial,342,157,1497,21,incluido,0.1
4,SVD,inicial,343,189,1465,37,incluido,0.2
4,SVD,inicial,344,150,1504,24,incluido,0.3
4,SVD,inicial,345,191,1463,24,incluido,0.1
4,SVD,inicial,346,149,1505,17,incluido,0.2
4,SVD,inicial,347,162,1492,20,incluido,0.0
4,SVD,inicial,348,50,1604,5,incluido,0.0
4,SVD,inicial,349,30,1624,3,incluido,0.0
4,SVD,inicial,350,40,1614,8,incluido,0.1
4,SVD,inicial,351,35,1619,8,incluido,0.1
4,SVD,inicial,352,34,1620,3,incluido,0.0
4,SVD,inicial,353,19,1635,3,incluido,0.0
4,SVD,inicial,354,187,1467,23,incluido,0.1
4,SVD,inicial,355,21,1633,5,incluido,0.0
4,SVD,inicial,356,21,1633,2,incluido,0.0
4,SVD,inicial,357,61,1593,10,incluido,0.0
4,SVD,inicial,358,37,1617,4,incluido,0.1
4,SVD,inicial,359,22,1632,2,incluido,0.0
4,SVD,inicial,360,81,1573,17,incluido,0.2
4,SVD,inicial,361,104,1550,11,incluido,0.1
4,SVD,inicial,362,21,1633,2,incluido,0.0
4,SVD,inicial,363,241,1413,26,incluido,0.3
4,SVD,inicial,364,18,1636,1,incluido,0.0
4,SVD,inicial,365,43,1611,9,incluido,0.0
4,SVD,inicial,366,29,1625,2,incluido,0.0
4,SVD,inicial,367,50,1604,7,incluido,0.0
4,SVD,inicial,368,41,1613,1,incluido,0.0
4,SVD,inicial,369,16,1638,3,incluido,0.0
4,SVD,inicial,370,61,1593,11,incluido,0.1
4,SVD,inicial,371,40,1614,9,incluido,0.1
4,SVD,inicial,372,55,1599,10,incluido,0.0
4,SVD,inicial,373,199,1455,21,incluido,0.0
4,SVD,inicial,374,223,1431,21,incluido,0.0
4,SVD,inicial,375,21,1633,2,incluido,0.0
4,SVD,inicial,376,23,1631,4,incluido,0.1
4,SVD,inicial,377,26,1628,6,incluido,0.0
4,SVD,inicial,378,283,1371,42,incluido,0.1
4,SVD,inicial,379,157,1497,31,incluido,0.4
4,SVD,inicial,380,140,1514,8,incluido,0.0
4,SVD,inicial,381,94,1560,20,incluido,0.2
4,SVD,inicial,382,45,1609,5,incluido,0.0
4,SVD,inicial,383,55,1599,15,incluido,0.1
4,SVD,inicial,384,18,1636,4,incluido,0.0
4,SVD,inicial,385,230,1424,27,incluido,0.4
4,SVD,inicial,386,17,1637,2,incluido,0.0
4,SVD,inicial,387,243,1411,27,incluido,0.2
4,SVD,inicial,388,43,1611,6,incluido,0.0
4,SVD,inicial,389,213,1441,33,incluido,0.3
4,SVD,inicial,390,26,1628,4,incluido,0.0
4,SVD,inicial,391,96,1558,19,incluido,0.3
4,SVD,inicial,392,89,1565,15,incluido,0.2
4,SVD,inicial,393,367,1287,40,incluido,0.1
4,SVD,inicial,394,112,1542,26,incluido,0.1
4,SVD,inicial,395,44,1610,9,incluido,0.2
4,SVD,inicial,396,44,1610,3,incluido,0.0
4,SVD,inicial,397,77,1577,17,incluido,0.1
4,SVD,inicial,398,144,1510,18,incluido,0.3
4,SVD,inicial,399,257,1397,9,incluido,0.1
4,SVD,inicial,400,19,1635,1,incluido,0.0
4,SVD,inicial,401,128,1526,12,incluido,0.1
4,SVD,inicial,402,54,1600,11,incluido,0.2
4,SVD,inicial,403,43,1611,4,incluido,0.0
4,SVD,inicial,404,38,1616,5,incluido,0.0
4,SVD,inicial,405,585,1069,22,incluido,0.2
4,SVD,inicial,406,263,1391,37,incluido,0.4
4,SVD,inicial,407,189,1465,14,incluido,0.1
4,SVD,inicial,408,21,1633,4,incluido,0.0
4,SVD,inicial,409,162,1492,20,incluido,0.1
4,SVD,inicial,410,22,1632,3,incluido,0.0
4,SVD,inicial,411,50,1604,3,incluido,0.0
4,SVD,inicial,412,39,1615,10,incluido,0.1
4,SVD,inicial,413,38,1616,8,incluido,0.0
4,SVD,inicial,414,21,1633,4,incluido,0.0
4,SVD,inicial,415,21,1633,3,incluido,0.0
4,SVD,inicial,416,396,1258,64,incluido,0.3
4,SVD,inicial,417,300,1354,22,incluido,0.1
4,SVD,inicial,418,16,1638,2,incluido,0.0
4,SVD,inicial,419,23,1631,8,incluido,0.0
4,SVD,inicial,420,25,1629,7,incluido,0.0
4,SVD,inicial,421,49,1605,9,incluido,0.0
4,SVD,inicial,422,79,1575,9,incluido,0.0
4,SVD,inicial,423,52,1602,6,incluido,0.1
4,SVD,inicial,424,30,1624,9,incluido,0.0
4,SVD,inicial,425,172,1482,14,incluido,0.1
4,SVD,inicial,426,91,1563,8,incluido,0.1
4,SVD,inicial,427,25,1629,6,incluido,0.0
4,SVD,inicial,428,49,1605,4,incluido,0.0
4,SVD,inicial,429,337,1317,30,incluido,0.3
4,SVD,inicial,430,52,1602,9,incluido,0.1
4,SVD,inicial,431,17,1637,1,incluido,0.0
4,SVD,inicial,432,53,1601,3,incluido,0.0
4,SVD,inicial,433,34,1620,5,incluido,0.1
4,SVD,inicial,434,36,1618,5,incluido,0.0
4,SVD,inicial,435,318,1336,27,incluido,0.2
4,SVD,inicial,436,114,1540,20,incluido,0.0
4,SVD,inicial,437,213,1441,26,incluido,0.2
4,SVD,inicial,438,24,1630,7,incluido,0.0
4,SVD,inicial,439,25,1629,5,incluido,0.0
4,SVD,inicial,440,42,1612,6,incluido,0.0
4,SVD,inicial,441,17,1637,2,incluido,0.0
4,SVD,inicial,442,106,1548,14,incluido,0.1
4,SVD,inicial,443,15,1639,4,incluido,0.1
4,SVD,inicial,444,17,1637,3,incluido,0.0
4,SVD,inicial,445,103,1551,6,incluido,0.0
4,SVD,inicial,446,33,1621,0,sem_relevante_elegivel,
4,SVD,inicial,447,111,1543,14,incluido,0.0
4,SVD,inicial,448,31,1623,4,incluido,0.0
4,SVD,inicial,449,58,1596,10,incluido,0.0
4,SVD,inicial,450,431,1223,76,incluido,0.5
4,SVD,inicial,451,79,1575,13,incluido,0.0
4,SVD,inicial,452,172,1482,20,incluido,0.1
4,SVD,inicial,453,129,1525,12,incluido,0.0
4,SVD,inicial,454,186,1468,25,incluido,0.6
4,SVD,inicial,455,146,1508,18,incluido,0.1
4,SVD,inicial,456,173,1481,21,incluido,0.1
4,SVD,inicial,457,224,1430,44,incluido,0.4
4,SVD,inicial,458,140,1514,34,incluido,0.5
4,SVD,inicial,459,99,1555,8,incluido,0.1
4,SVD,inicial,460,49,1605,11,incluido,0.0
4,SVD,inicial,461,21,1633,1,incluido,0.0
4,SVD,inicial,462,27,1627,4,incluido,0.0
4,SVD,inicial,463,108,1546,5,incluido,0.0
4,SVD,inicial,464,45,1609,6,incluido,0.1
4,SVD,inicial,465,66,1588,9,incluido,0.3
4,SVD,inicial,466,84,1570,9,incluido,0.1
4,SVD,inicial,467,38,1616,4,incluido,0.0
4,SVD,inicial,468,108,1546,25,incluido,0.4
4,SVD,inicial,469,37,1617,6,incluido,0.0
4,SVD,inicial,470,42,1612,5,incluido,0.0
4,SVD,inicial,471,26,1628,4,incluido,0.0
4,SVD,inicial,472,191,1463,57,incluido,0.5
4,SVD,inicial,473,29,1625,4,incluido,0.0
4,SVD,inicial,474,263,1391,56,incluido,0.6
4,SVD,inicial,475,18,1636,1,incluido,0.0
4,SVD,inicial,476,64,1590,10,incluido,0.0
4,SVD,inicial,477,28,1626,7,incluido,0.0
4,SVD,inicial,478,89,1565,10,incluido,0.1
4,SVD,inicial,479,167,1487,20,incluido,0.2
4,SVD,inicial,480,48,1606,11,incluido,0.2
4,SVD,inicial,481,46,1608,10,incluido,0.0
4,SVD,inicial,482,21,1633,2,incluido,0.0
4,SVD,inicial,483,46,1608,3,incluido,0.1
4,SVD,inicial,484,116,1538,17,incluido,0.1
4,SVD,inicial,485,24,1630,1,incluido,0.0
4,SVD,inicial,486,146,1508,16,incluido,0.0
4,SVD,inicial,487,182,1472,27,incluido,0.3
4,SVD,inicial,488,116,1538,23,incluido,0.3
4,SVD,inicial,489,92,1562,9,incluido,0.0
4,SVD,inicial,490,46,1608,4,incluido,0.0
4,SVD,inicial,491,25,1629,7,incluido,0.1
4,SVD,inicial,492,48,1606,2,incluido,0.0
4,SVD,inicial,493,103,1551,22,incluido,0.2
4,SVD,inicial,494,35,1619,7,incluido,0.1
4,SVD,inicial,495,177,1477,26,incluido,0.1
4,SVD,inicial,496,106,1548,6,incluido,0.0
4,SVD,inicial,497,228,1426,19,incluido,0.1
4,SVD,inicial,498,111,1543,12,incluido,0.0
4,SVD,inicial,499,83,1571,15,incluido,0.2
4,SVD,inicial,500,186,1468,21,incluido,0.0
4,SVD,inicial,501,57,1597,14,incluido,0.0
4,SVD,inicial,502,31,1623,2,incluido,0.0
4,SVD,inicial,503,138,1516,17,incluido,0.1
4,SVD,inicial,504,203,1451,24,incluido,0.0
4,SVD,inicial,505,81,1573,16,incluido,0.1
4,SVD,inicial,506,188,1466,35,incluido,0.0
4,SVD,inicial,507,44,1610,14,incluido,0.0
4,SVD,inicial,508,65,1589,12,incluido,0.0
4,SVD,inicial,509,26,1628,4,incluido,0.1
4,SVD,inicial,510,26,1628,1,incluido,0.0
4,SVD,inicial,511,16,1638,7,incluido,0.0
4,SVD,inicial,512,18,1636,2,incluido,0.0
4,SVD,inicial,513,12,1642,7,incluido,0.1
4,SVD,inicial,514,160,1494,23,incluido,0.7
4,SVD,inicial,515,34,1620,1,incluido,0.0
4,SVD,inicial,516,19,1635,2,incluido,0.0
4,SVD,inicial,517,26,1628,2,incluido,0.0
4,SVD,inicial,518,58,1596,7,incluido,0.0
4,SVD,inicial,519,42,1612,5,incluido,0.0
4,SVD,inicial,520,18,1636,1,incluido,0.0
4,SVD,inicial,521,128,1526,9,incluido,0.0
4,SVD,inicial,522,24,1630,4,incluido,0.0
4,SVD,inicial,523,74,1580,22,incluido,0.0
4,SVD,inicial,524,247,1407,38,incluido,0.0
4,SVD,inicial,525,43,1611,1,incluido,0.0
4,SVD,inicial,526,52,1602,8,incluido,0.1
4,SVD,inicial,527,111,1543,15,incluido,0.1
4,SVD,inicial,528,41,1613,8,incluido,0.0
4,SVD,inicial,529,32,1622,7,incluido,0.0
4,SVD,inicial,530,36,1618,8,incluido,0.0
4,SVD,inicial,531,25,1629,3,incluido,0.0
4,SVD,inicial,532,220,1434,42,incluido,0.1
4,SVD,inicial,533,219,1435,28,incluido,0.6
4,SVD,inicial,534,66,1588,11,incluido,0.0
4,SVD,inicial,535,182,1472,31,incluido,0.1
4,SVD,inicial,536,129,1525,22,incluido,0.2
4,SVD,inicial,537,394,1260,25,incluido,0.7
4,SVD,inicial,538,65,1589,8,incluido,0.0
4,SVD,inicial,539,43,1611,10,incluido,0.0
4,SVD,inicial,540,53,1601,5,incluido,0.0
4,SVD,inicial,541,102,1552,18,incluido,0.1
4,SVD,inicial,542,113,1541,15,incluido,0.2
4,SVD,inicial,543,152,1502,33,incluido,0.3
4,SVD,inicial,544,27,1627,2,incluido,0.0
4,SVD,inicial,545,133,1521,15,incluido,0.0
4,SVD,inicial,546,48,1606,7,incluido,0.0
4,SVD,inicial,547,17,1637,5,incluido,0.1
4,SVD,inicial,548,122,1532,22,incluido,0.0
4,SVD,inicial,549,21,1633,3,incluido,0.0
4,SVD,inicial,550,28,1626,6,incluido,0.1
4,SVD,inicial,551,264,1390,52,incluido,0.0
4,SVD,inicial,552,64,1590,9,incluido,0.0
4,SVD,inicial,553,85,1569,13,incluido,0.2
4,SVD,inicial,554,96,1558,10,incluido,0.0
4,SVD,inicial,555,46,1608,6,incluido,0.0
4,SVD,inicial,556,40,1614,2,incluido,0.0
4,SVD,inicial,557,40,1614,7,incluido,0.0
4,SVD,inicial,558,18,1636,2,incluido,0.0
4,SVD,inicial,559,51,1603,16,incluido,0.0
4,SVD,inicial,560,81,1573,9,incluido,0.2
4,SVD,inicial,561,289,1365,18,incluido,0.2
4,SVD,inicial,562,64,1590,4,incluido,0.0
4,SVD,inicial,563,26,1628,3,incluido,0.0
4,SVD,inicial,564,24,1630,7,incluido,0.1
4,SVD,inicial,565,27,1627,6,incluido,0.0
4,SVD,inicial,566,120,1534,17,incluido,0.2
4,SVD,inicial,567,123,1531,24,incluido,0.5
4,SVD,inicial,568,68,1586,4,incluido,0.0
4,SVD,inicial,569,63,1591,4,incluido,0.2
4,SVD,inicial,570,16,1638,1,incluido,0.0
4,SVD,inicial,571,15,1639,4,incluido,0.2
4,SVD,inicial,572,18,1636,2,incluido,0.0
4,SVD,inicial,573,42,1612,6,incluido,0.1
4,SVD,inicial,574,32,1622,7,incluido,0.0
4,SVD,inicial,575,22,1632,2,incluido,0.1
4,SVD,inicial,576,29,1625,5,incluido,0.0
4,SVD,inicial,577,157,1497,21,incluido,0.2
4,SVD,inicial,578,19,1635,1,incluido,0.0
4,SVD,inicial,579,62,1592,5,incluido,0.1
4,SVD,inicial,580,40,1614,4,incluido,0.0
4,SVD,inicial,581,24,1630,1,incluido,0.0
4,SVD,inicial,582,46,1608,4,incluido,0.0
4,SVD,inicial,583,23,1631,4,incluido,0.0
4,SVD,inicial,584,21,1633,3,incluido,0.1
4,SVD,inicial,585,55,1599,16,incluido,0.0
4,SVD,inicial,586,131,1523,10,incluido,0.0
4,SVD,inicial,587,78,1576,3,incluido,0.0
4,SVD,inicial,588,181,1473,28,incluido,0.1
4,SVD,inicial,589,32,1622,5,incluido,0.0
4,SVD,inicial,590,39,1615,5,incluido,0.0
4,SVD,inicial,591,69,1585,9,incluido,0.1
4,SVD,inicial,592,294,1360,46,incluido,0.4
4,SVD,inicial,593,124,1530,20,incluido,0.0
4,SVD,inicial,594,17,1637,6,incluido,0.1
4,SVD,inicial,595,77,1577,5,incluido,0.1
4,SVD,inicial,596,14,1640,2,incluido,0.0
4,SVD,inicial,597,30,1624,8,incluido,0.0
4,SVD,inicial,598,20,1634,3,incluido,0.0
4,SVD,inicial,599,41,1613,4,incluido,0.0
4,SVD,inicial,600,71,1583,12,incluido,0.0
4,SVD,inicial,601,120,1534,12,incluido,0.1
4,SVD,inicial,602,25,1629,2,incluido,0.0
4,SVD,inicial,603,37,1617,7,incluido,0.0
4,SVD,inicial,604,24,1630,3,incluido,0.0
4,SVD,inicial,605,77,1577,6,incluido,0.1
4,SVD,inicial,606,190,1464,33,incluido,0.3
4,SVD,inicial,607,24,1630,10,incluido,0.0
4,SVD,inicial,608,134,1520,19,incluido,0.1
4,SVD,inicial,609,20,1634,1,incluido,0.0
4,SVD,inicial,610,62,1592,6,incluido,0.1
4,SVD,inicial,611,34,1620,6,incluido,0.0
4,SVD,inicial,612,24,1630,1,incluido,0.0
4,SVD,inicial,613,23,1631,5,incluido,0.0
4,SVD,inicial,614,33,1621,3,incluido,0.0
4,SVD,inicial,615,87,1567,15,incluido,0.2
4,SVD,inicial,616,33,1621,4,incluido,0.0
4,SVD,inicial,617,83,1571,11,incluido,0.0
4,SVD,inicial,618,179,1475,18,incluido,0.1
4,SVD,inicial,619,68,1586,12,incluido,0.2
4,SVD,inicial,620,92,1562,13,incluido,0.0
4,SVD,inicial,621,138,1516,18,incluido,0.0
4,SVD,inicial,622,181,1473,24,incluido,0.3
4,SVD,inicial,623,34,1620,10,incluido,0.2
4,SVD,inicial,624,109,1545,20,incluido,0.0
4,SVD,inicial,625,88,1566,8,incluido,0.1
4,SVD,inicial,626,22,1632,3,incluido,0.0
4,SVD,inicial,627,142,1512,19,incluido,0.1
4,SVD,inicial,628,18,1636,7,incluido,0.0
4,SVD,inicial,629,96,1558,19,incluido,0.0
4,SVD,inicial,630,82,1572,15,incluido,0.0
4,SVD,inicial,631,16,1638,1,incluido,0.0
4,SVD,inicial,632,94,1560,11,incluido,0.0
4,SVD,inicial,633,46,1608,7,incluido,0.0
4,SVD,inicial,634,109,1545,10,incluido,0.1
4,SVD,inicial,635,26,1628,3,incluido,0.0
4,SVD,inicial,636,18,1636,1,incluido,0.0
4,SVD,inicial,637,78,1576,7,incluido,0.1
4,SVD,inicial,638,54,1600,5,incluido,0.0
4,SVD,inicial,639,116,1538,10,incluido,0.0
4,SVD,inicial,640,90,1564,18,incluido,0.1
4,SVD,inicial,641,33,1621,7,incluido,0.1
4,SVD,inicial,642,258,1396,30,incluido,0.3
4,SVD,inicial,643,162,1492,27,incluido,0.3
4,SVD,inicial,644,28,1626,14,incluido,0.0
4,SVD,inicial,645,96,1558,19,incluido,0.0
4,SVD,inicial,646,30,1624,2,incluido,0.0
4,SVD,inicial,647,50,1604,6,incluido,0.1
4,SVD,inicial,648,245,1409,29,incluido,0.1
4,SVD,inicial,649,22,1632,1,incluido,0.0
4,SVD,inicial,650,246,1408,24,incluido,0.2
4,SVD,inicial,651,19,1635,0,sem_relevante_elegivel,
4,SVD,inicial,652,17,1637,1,incluido,0.0
4,SVD,inicial,653,230,1424,10,incluido,0.1
4,SVD,inicial,654,116,1538,19,incluido,0.2
4,SVD,inicial,655,543,1111,22,incluido,0.2
4,SVD,inicial,656,18,1636,2,incluido,0.0
4,SVD,inicial,657,25,1629,3,incluido,0.0
4,SVD,inicial,658,60,1594,6,incluido,0.2
4,SVD,inicial,659,148,1506,26,incluido,0.1
4,SVD,inicial,660,188,1466,9,incluido,0.2
4,SVD,inicial,661,97,1557,19,incluido,0.3
4,SVD,inicial,662,20,1634,2,incluido,0.0
4,SVD,inicial,663,130,1524,13,incluido,0.1
4,SVD,inicial,664,126,1528,21,incluido,0.3
4,SVD,inicial,665,106,1548,16,incluido,0.2
4,SVD,inicial,666,202,1452,29,incluido,0.3
4,SVD,inicial,667,39,1615,5,incluido,0.0
4,SVD,inicial,668,33,1621,7,incluido,0.1
4,SVD,inicial,669,76,1578,10,incluido,0.3
4,SVD,inicial,670,37,1617,5,incluido,0.0
4,SVD,inicial,671,98,1556,11,incluido,0.1
4,SVD,inicial,672,22,1632,3,incluido,0.1
4,SVD,inicial,673,28,1626,5,incluido,0.0
4,SVD,inicial,674,32,1622,4,incluido,0.0
4,SVD,inicial,675,28,1626,5,incluido,0.1
4,SVD,inicial,676,56,1598,17,incluido,0.0
4,SVD,inicial,677,41,1613,5,incluido,0.0
4,SVD,inicial,678,21,1633,3,incluido,0.0
4,SVD,inicial,679,52,1602,6,incluido,0.1
4,SVD,inicial,680,27,1627,8,incluido,0.0
4,SVD,inicial,681,19,1635,2,incluido,0.0
4,SVD,inicial,682,322,1332,27,incluido,0.0
4,SVD,inicial,683,61,1593,6,incluido,0.0
4,SVD,inicial,684,65,1589,11,incluido,0.0
4,SVD,inicial,685,15,1639,0,sem_relevante_elegivel,
4,SVD,inicial,686,58,1596,11,incluido,0.3
4,SVD,inicial,687,17,1637,3,incluido,0.0
4,SVD,inicial,688,22,1632,1,incluido,0.0
4,SVD,inicial,689,27,1627,7,incluido,0.0
4,SVD,inicial,690,97,1557,6,incluido,0.0
4,SVD,inicial,691,26,1628,5,incluido,0.2
4,SVD,inicial,692,34,1620,1,incluido,0.0
4,SVD,inicial,693,120,1534,13,incluido,0.2
4,SVD,inicial,694,126,1528,23,incluido,0.3
4,SVD,inicial,695,33,1621,3,incluido,0.0
4,SVD,inicial,696,23,1631,5,incluido,0.0
4,SVD,inicial,697,79,1575,16,incluido,0.0
4,SVD,inicial,698,102,1552,7,incluido,0.0
4,SVD,inicial,699,116,1538,8,incluido,0.1
4,SVD,inicial,700,16,1638,3,incluido,0.1
4,SVD,inicial,701,23,1631,9,incluido,0.1
4,SVD,inicial,702,23,1631,2,incluido,0.0
4,SVD,inicial,703,37,1617,5,incluido,0.0
4,SVD,inicial,704,71,1583,12,incluido,0.0
4,SVD,inicial,705,88,1566,14,incluido,0.0
4,SVD,inicial,706,22,1632,3,incluido,0.0
4,SVD,inicial,707,182,1472,30,incluido,0.2
4,SVD,inicial,708,83,1571,12,incluido,0.0
4,SVD,inicial,709,111,1543,14,incluido,0.2
4,SVD,inicial,710,66,1588,15,incluido,0.3
4,SVD,inicial,711,180,1474,28,incluido,0.2
4,SVD,inicial,712,127,1527,20,incluido,0.0
4,SVD,inicial,713,23,1631,0,sem_relevante_elegivel,
4,SVD,inicial,714,34,1620,5,incluido,0.0
4,SVD,inicial,715,141,1513,18,incluido,0.1
4,SVD,inicial,716,219,1435,32,incluido,0.0
4,SVD,inicial,717,70,1584,15,incluido,0.0
4,SVD,inicial,718,26,1628,9,incluido,0.0
4,SVD,inicial,719,55,1599,3,incluido,0.0
4,SVD,inicial,720,25,1629,3,incluido,0.0
4,SVD,inicial,721,137,1517,13,incluido,0.0
4,SVD,inicial,722,35,1619,6,incluido,0.0
4,SVD,inicial,723,16,1638,3,incluido,0.0
4,SVD,inicial,724,65,1589,2,incluido,0.0
4,SVD,inicial,725,20,1634,4,incluido,0.0
4,SVD,inicial,726,16,1638,0,sem_relevante_elegivel,
4,SVD,inicial,727,257,1397,24,incluido,0.3
4,SVD,inicial,728,23,1631,2,incluido,0.0
4,SVD,inicial,729,20,1634,0,sem_relevante_elegivel,
4,SVD,inicial,730,29,1625,5,incluido,0.0
4,SVD,inicial,731,74,1580,7,incluido,0.2
4,SVD,inicial,732,14,1640,2,incluido,0.0
4,SVD,inicial,733,88,1566,6,incluido,0.0
4,SVD,inicial,734,57,1597,5,incluido,0.0
4,SVD,inicial,735,46,1608,1,incluido,0.0
4,SVD,inicial,736,21,1633,0,sem_relevante_elegivel,
4,SVD,inicial,737,28,1626,3,incluido,0.2
4,SVD,inicial,738,126,1528,9,incluido,0.2
4,SVD,inicial,739,31,1623,3,incluido,0.0
4,SVD,inicial,740,16,1638,2,incluido,0.0
4,SVD,inicial,741,84,1570,8,incluido,0.0
4,SVD,inicial,742,18,1636,6,incluido,0.0
4,SVD,inicial,743,31,1623,3,incluido,0.0
4,SVD,inicial,744,19,1635,5,incluido,0.0
4,SVD,inicial,745,47,1607,9,incluido,0.4
4,SVD,inicial,746,53,1601,7,incluido,0.0
4,SVD,inicial,747,221,1433,51,incluido,0.8
4,SVD,inicial,748,88,1566,14,incluido,0.2
4,SVD,inicial,749,245,1409,37,incluido,0.4
4,SVD,inicial,750,29,1625,2,incluido,0.0
4,SVD,inicial,751,133,1521,20,incluido,0.0
4,SVD,inicial,752,61,1593,6,incluido,0.0
4,SVD,inicial,753,50,1604,4,incluido,0.0
4,SVD,inicial,754,26,1628,3,incluido,0.0
4,SVD,inicial,755,33,1621,2,incluido,0.0
4,SVD,inicial,756,78,1576,15,incluido,0.1
4,SVD,inicial,757,133,1521,11,incluido,0.0
4,SVD,inicial,758,286,1368,48,incluido,0.5
4,SVD,inicial,759,24,1630,5,incluido,0.0
4,SVD,inicial,760,29,1625,3,incluido,0.0
4,SVD,inicial,761,57,1597,4,incluido,0.0
4,SVD,inicial,762,16,1638,2,incluido,0.0
4,SVD,inicial,763,103,1551,19,incluido,0.0
4,SVD,inicial,764,82,1572,13,incluido,0.0
4,SVD,inicial,765,22,1632,1,incluido,0.0
4,SVD,inicial,766,142,1512,10,incluido,0.0
4,SVD,inicial,767,22,1632,14,incluido,0.1
4,SVD,inicial,768,51,1603,8,incluido,0.1
4,SVD,inicial,769,23,1631,2,incluido,0.0
4,SVD,inicial,770,53,1601,9,incluido,0.0
4,SVD,inicial,771,62,1592,5,incluido,0.1
4,SVD,inicial,772,28,1626,5,incluido,0.0
4,SVD,inicial,773,123,1531,18,incluido,0.1
4,SVD,inicial,774,171,1483,8,incluido,0.0
4,SVD,inicial,775,22,1632,3,incluido,0.0
4,SVD,inicial,776,85,1569,7,incluido,0.1
4,SVD,inicial,777,30,1624,5,incluido,0.0
4,SVD,inicial,778,52,1602,5,incluido,0.0
4,SVD,inicial,779,27,1627,5,incluido,0.0
4,SVD,inicial,780,36,1618,13,incluido,0.2
4,SVD,inicial,781,39,1615,2,incluido,0.0
4,SVD,inicial,782,184,1470,6,incluido,0.0
4,SVD,inicial,783,21,1633,7,incluido,0.0
4,SVD,inicial,784,33,1621,2,incluido,0.0
4,SVD,inicial,785,18,1636,4,incluido,0.0
4,SVD,inicial,786,88,1566,25,incluido,0.2
4,SVD,inicial,787,45,1609,4,incluido,0.0
4,SVD,inicial,788,200,1454,23,incluido,0.1
4,SVD,inicial,789,22,1632,7,incluido,0.1
4,SVD,inicial,790,186,1468,10,incluido,0.0
4,SVD,inicial,791,21,1633,2,incluido,0.0
4,SVD,inicial,792,36,1618,1,incluido,0.0
4,SVD,inicial,793,46,1608,3,incluido,0.0
4,SVD,inicial,794,35,1619,4,incluido,0.0
4,SVD,inicial,795,126,1528,9,incluido,0.1
4,SVD,inicial,796,277,1377,41,incluido,0.4
4,SVD,inicial,797,18,1636,1,incluido,0.1
4,SVD,inicial,798,186,1468,19,incluido,0.0
4,SVD,inicial,799,20,1634,3,incluido,0.0
4,SVD,inicial,800,25,1629,1,incluido,0.0
4,SVD,inicial,801,21,1633,5,incluido,0.0
4,SVD,inicial,802,61,1593,10,incluido,0.0
4,SVD,inicial,803,30,1624,2,incluido,0.0
4,SVD,inicial,804,269,1385,38,incluido,0.2
4,SVD,inicial,805,215,1439,25,incluido,0.0
4,SVD,inicial,806,115,1539,10,incluido,0.1
4,SVD,inicial,807,170,1484,31,incluido,0.1
4,SVD,inicial,808,18,1636,3,incluido,0.0
4,SVD,inicial,809,16,1638,2,incluido,0.0
4,SVD,inicial,810,19,1635,6,incluido,0.0
4,SVD,inicial,811,16,1638,5,incluido,0.0
4,SVD,inicial,812,17,1637,1,incluido,0.0
4,SVD,inicial,813,24,1630,1,incluido,0.0
4,SVD,inicial,814,30,1624,2,incluido,0.0
4,SVD,inicial,815,141,1513,21,incluido,0.1
4,SVD,inicial,816,21,1633,3,incluido,0.0
4,SVD,inicial,817,28,1626,2,incluido,0.0
4,SVD,inicial,818,18,1636,0,sem_relevante_elegivel,
4,SVD,inicial,819,24,1630,4,incluido,0.0
4,SVD,inicial,820,17,1637,1,incluido,0.0
4,SVD,inicial,821,48,1606,8,incluido,0.0
4,SVD,inicial,822,24,1630,0,sem_relevante_elegivel,
4,SVD,inicial,823,144,1510,30,incluido,0.2
4,SVD,inicial,824,13,1641,2,incluido,0.0
4,SVD,inicial,825,113,1541,19,incluido,0.1
4,SVD,inicial,826,91,1563,14,incluido,0.0
4,SVD,inicial,827,22,1632,1,incluido,0.0
4,SVD,inicial,828,84,1570,9,incluido,0.0
4,SVD,inicial,829,54,1600,6,incluido,0.0
4,SVD,inicial,830,87,1567,11,incluido,0.0
4,SVD,inicial,831,59,1595,10,incluido,0.0
4,SVD,inicial,832,19,1635,1,incluido,0.0
4,SVD,inicial,833,216,1438,18,incluido,0.3
4,SVD,inicial,834,42,1612,7,incluido,0.0
4,SVD,inicial,835,80,1574,16,incluido,0.4
4,SVD,inicial,836,40,1614,7,incluido,0.2
4,SVD,inicial,837,32,1622,5,incluido,0.0
4,SVD,inicial,838,66,1588,25,incluido,0.3
4,SVD,inicial,839,45,1609,4,incluido,0.1
4,SVD,inicial,840,153,1501,33,incluido,0.5
4,SVD,inicial,841,22,1632,8,incluido,0.0
4,SVD,inicial,842,22,1632,4,incluido,0.1
4,SVD,inicial,843,163,1491,7,incluido,0.0
4,SVD,inicial,844,68,1586,7,incluido,0.0
4,SVD,inicial,845,26,1628,5,incluido,0.1
4,SVD,inicial,846,315,1339,65,incluido,0.2
4,SVD,inicial,847,121,1533,7,incluido,0.2
4,SVD,inicial,848,114,1540,31,incluido,0.3
4,SVD,inicial,849,19,1635,4,incluido,0.0
4,SVD,inicial,850,40,1614,10,incluido,0.0
4,SVD,inicial,851,167,1487,22,incluido,0.1
4,SVD,inicial,852,32,1622,8,incluido,0.0
4,SVD,inicial,853,28,1626,6,incluido,0.0
4,SVD,inicial,854,172,1482,20,incluido,0.2
4,SVD,inicial,855,16,1638,4,incluido,0.0
4,SVD,inicial,856,19,1635,2,incluido,0.0
4,SVD,inicial,857,15,1639,3,incluido,0.0
4,SVD,inicial,858,20,1634,0,sem_relevante_elegivel,
4,SVD,inicial,859,33,1621,5,incluido,0.0
4,SVD,inicial,860,63,1591,4,incluido,0.0
4,SVD,inicial,861,32,1622,11,incluido,0.0
4,SVD,inicial,862,134,1520,26,incluido,0.2
4,SVD,inicial,863,88,1566,9,incluido,0.0
4,SVD,inicial,864,238,1416,39,incluido,0.3
4,SVD,inicial,865,56,1598,3,incluido,0.0
4,SVD,inicial,866,16,1638,1,incluido,0.0
4,SVD,inicial,867,78,1576,13,incluido,0.1
4,SVD,inicial,868,166,1488,17,incluido,0.1
4,SVD,inicial,869,36,1618,3,incluido,0.0
4,SVD,inicial,870,224,1430,22,incluido,0.3
4,SVD,inicial,871,96,1558,2,incluido,0.0
4,SVD,inicial,872,58,1596,7,incluido,0.0
4,SVD,inicial,873,14,1640,1,incluido,0.0
4,SVD,inicial,874,28,1626,5,incluido,0.0
4,SVD,inicial,875,69,1585,13,incluido,0.1
4,SVD,inicial,876,17,1637,4,incluido,0.0
4,SVD,inicial,877,67,1587,10,incluido,0.0
4,SVD,inicial,878,105,1549,13,incluido,0.2
4,SVD,inicial,879,26,1628,1,incluido,0.0
4,SVD,inicial,880,292,1362,30,incluido,0.1
4,SVD,inicial,881,200,1454,25,incluido,0.1
4,SVD,inicial,882,112,1542,15,incluido,0.2
4,SVD,inicial,883,217,1437,30,incluido,0.1
4,SVD,inicial,884,37,1617,5,incluido,0.0
4,SVD,inicial,885,82,1572,11,incluido,0.0
4,SVD,inicial,886,189,1465,28,incluido,0.1
4,SVD,inicial,887,135,1519,33,incluido,0.1
4,SVD,inicial,888,16,1638,4,incluido,0.0
4,SVD,inicial,889,261,1393,28,incluido,0.5
4,SVD,inicial,890,98,1556,11,incluido,0.0
4,SVD,inicial,891,39,1615,7,incluido,0.0
4,SVD,inicial,892,179,1475,38,incluido,0.1
4,SVD,inicial,893,44,1610,5,incluido,0.0
4,SVD,inicial,894,191,1463,29,incluido,0.2
4,SVD,inicial,895,12,1642,5,incluido,0.0
4,SVD,inicial,896,288,1366,24,incluido,0.3
4,SVD,inicial,897,146,1508,26,incluido,0.1
4,SVD,inicial,898,23,1631,4,incluido,0.0
4,SVD,inicial,899,112,1542,11,incluido,0.1
4,SVD,inicial,900,39,1615,1,incluido,0.0
4,SVD,inicial,901,98,1556,17,incluido,0.1
4,SVD,inicial,902,40,1614,3,incluido,0.1
4,SVD,inicial,903,103,1551,25,incluido,0.2
4,SVD,inicial,904,36,1618,9,incluido,0.0
4,SVD,inicial,905,31,1623,3,incluido,0.0
4,SVD,inicial,906,32,1622,5,incluido,0.0
4,SVD,inicial,907,121,1533,23,incluido,0.0
4,SVD,inicial,908,56,1598,11,incluido,0.0
4,SVD,inicial,909,19,1635,6,incluido,0.0
4,SVD,inicial,910,46,1608,4,incluido,0.0
4,SVD,inicial,911,75,1579,14,incluido,0.1
4,SVD,inicial,912,37,1617,10,incluido,0.2
4,SVD,inicial,913,112,1542,12,incluido,0.3
4,SVD,inicial,914,16,1638,2,incluido,0.0
4,SVD,inicial,915,18,1636,4,incluido,0.0
4,SVD,inicial,916,249,1405,23,incluido,0.2
4,SVD,inicial,917,28,1626,5,incluido,0.0
4,SVD,inicial,918,82,1572,9,incluido,0.0
4,SVD,inicial,919,171,1483,22,incluido,0.0
4,SVD,inicial,920,21,1633,3,incluido,0.0
4,SVD,inicial,921,83,1571,9,incluido,0.1
4,SVD,inicial,922,112,1542,9,incluido,0.1
4,SVD,inicial,923,62,1592,10,incluido,0.0
4,SVD,inicial,924,65,1589,8,incluido,0.0
4,SVD,inicial,925,27,1627,2,incluido,0.0
4,SVD,inicial,926,16,1638,1,incluido,0.0
4,SVD,inicial,927,93,1561,19,incluido,0.0
4,SVD,inicial,928,29,1625,3,incluido,0.1
4,SVD,inicial,929,38,1616,8,incluido,0.2
4,SVD,inicial,930,44,1610,6,incluido,0.0
4,SVD,inicial,931,44,1610,10,incluido,0.0
4,SVD,inicial,932,194,1460,39,incluido,0.4
4,SVD,inicial,933,149,1505,10,incluido,0.2
4,SVD,inicial,934,136,1518,24,incluido,0.0
4,SVD,inicial,935,31,1623,7,incluido,0.0
4,SVD,inicial,936,118,1536,18,incluido,0.0
4,SVD,inicial,937,34,1620,4,incluido,0.0
4,SVD,inicial,938,89,1565,9,incluido,0.1
4,SVD,inicial,939,40,1614,7,incluido,0.0
4,SVD,inicial,940,89,1565,11,incluido,0.1
4,SVD,inicial,941,17,1637,4,incluido,0.0
4,SVD,inicial,942,64,1590,13,incluido,0.3
4,SVD,inicial,943,142,1512,14,incluido,0.1
4,SVD,ajustado,1,216,1438,33,incluido,0.1
4,SVD,ajustado,2,49,1605,6,incluido,0.1
4,SVD,ajustado,3,43,1611,1,incluido,0.0
4,SVD,ajustado,4,18,1636,6,incluido,0.0
4,SVD,ajustado,5,143,1511,10,incluido,0.0
4,SVD,ajustado,6,149,1505,41,incluido,0.6
4,SVD,ajustado,7,335,1319,46,incluido,0.5
4,SVD,ajustado,8,51,1603,6,incluido,0.0
4,SVD,ajustado,9,18,1636,4,incluido,0.0
4,SVD,ajustado,10,150,1504,29,incluido,0.3
4,SVD,ajustado,11,139,1515,17,incluido,0.1
4,SVD,ajustado,12,45,1609,6,incluido,0.0
4,SVD,ajustado,13,518,1136,47,incluido,0.3
4,SVD,ajustado,14,82,1572,12,incluido,0.1
4,SVD,ajustado,15,79,1575,8,incluido,0.0
4,SVD,ajustado,16,120,1534,17,incluido,0.1
4,SVD,ajustado,17,20,1634,1,incluido,0.0
4,SVD,ajustado,18,232,1422,27,incluido,0.4
4,SVD,ajustado,19,16,1638,3,incluido,0.0
4,SVD,ajustado,20,39,1615,5,incluido,0.0
4,SVD,ajustado,21,150,1504,8,incluido,0.1
4,SVD,ajustado,22,103,1551,15,incluido,0.0
4,SVD,ajustado,23,128,1526,10,incluido,0.0
4,SVD,ajustado,24,58,1596,6,incluido,0.1
4,SVD,ajustado,25,67,1587,11,incluido,0.2
4,SVD,ajustado,26,78,1576,4,incluido,0.0
4,SVD,ajustado,27,18,1636,4,incluido,0.0
4,SVD,ajustado,28,58,1596,12,incluido,0.0
4,SVD,ajustado,29,29,1625,4,incluido,0.0
4,SVD,ajustado,30,34,1620,8,incluido,0.0
4,SVD,ajustado,31,33,1621,2,incluido,0.0
4,SVD,ajustado,32,30,1624,2,incluido,0.0
4,SVD,ajustado,33,17,1637,5,incluido,0.0
4,SVD,ajustado,34,17,1637,3,incluido,0.0
4,SVD,ajustado,35,21,1633,0,sem_relevante_elegivel,
4,SVD,ajustado,36,18,1636,2,incluido,0.0
4,SVD,ajustado,37,44,1610,8,incluido,0.0
4,SVD,ajustado,38,98,1556,15,incluido,0.0
4,SVD,ajustado,39,18,1636,3,incluido,0.0
4,SVD,ajustado,40,24,1630,7,incluido,0.0
4,SVD,ajustado,41,40,1614,10,incluido,0.2
4,SVD,ajustado,42,150,1504,22,incluido,0.2
4,SVD,ajustado,43,182,1472,27,incluido,0.2
4,SVD,ajustado,44,124,1530,18,incluido,0.1
4,SVD,ajustado,45,41,1613,5,incluido,0.0
4,SVD,ajustado,46,20,1634,5,incluido,0.0
4,SVD,ajustado,47,18,1636,3,incluido,0.0
4,SVD,ajustado,48,52,1602,8,incluido,0.1
4,SVD,ajustado,49,172,1482,11,incluido,0.0
4,SVD,ajustado,50,19,1635,3,incluido,0.0
4,SVD,ajustado,51,17,1637,3,incluido,0.0
4,SVD,ajustado,52,45,1609,11,incluido,0.0
4,SVD,ajustado,53,20,1634,5,incluido,0.0
4,SVD,ajustado,54,51,1603,12,incluido,0.0
4,SVD,ajustado,55,19,1635,1,incluido,0.0
4,SVD,ajustado,56,153,1501,20,incluido,0.3
4,SVD,ajustado,57,81,1573,10,incluido,0.0
4,SVD,ajustado,58,125,1529,20,incluido,0.3
4,SVD,ajustado,59,298,1356,63,incluido,0.4
4,SVD,ajustado,60,165,1489,35,incluido,0.2
4,SVD,ajustado,61,18,1636,1,incluido,0.0
4,SVD,ajustado,62,181,1473,23,incluido,0.3
4,SVD,ajustado,63,84,1570,5,incluido,0.0
4,SVD,ajustado,64,163,1491,21,incluido,0.0
4,SVD,ajustado,65,66,1588,10,incluido,0.1
4,SVD,ajustado,66,28,1626,5,incluido,0.0
4,SVD,ajustado,67,24,1630,5,incluido,0.1
4,SVD,ajustado,68,26,1628,4,incluido,0.1
4,SVD,ajustado,69,54,1600,8,incluido,0.0
4,SVD,ajustado,70,110,1544,10,incluido,0.1
4,SVD,ajustado,71,27,1627,5,incluido,0.0
4,SVD,ajustado,72,108,1546,20,incluido,0.1
4,SVD,ajustado,73,51,1603,8,incluido,0.0
4,SVD,ajustado,74,32,1622,2,incluido,0.0
4,SVD,ajustado,75,63,1591,9,incluido,0.0
4,SVD,ajustado,76,64,1590,8,incluido,0.0
4,SVD,ajustado,77,57,1597,7,incluido,0.0
4,SVD,ajustado,78,18,1636,2,incluido,0.0
4,SVD,ajustado,79,41,1613,9,incluido,0.0
4,SVD,ajustado,80,25,1629,3,incluido,0.0
4,SVD,ajustado,81,40,1614,7,incluido,0.0
4,SVD,ajustado,82,127,1527,16,incluido,0.1
4,SVD,ajustado,83,131,1523,11,incluido,0.1
4,SVD,ajustado,84,48,1606,15,incluido,0.2
4,SVD,ajustado,85,238,1416,29,incluido,0.1
4,SVD,ajustado,86,16,1638,1,incluido,0.0
4,SVD,ajustado,87,171,1483,27,incluido,0.2
4,SVD,ajustado,88,18,1636,2,incluido,0.0
4,SVD,ajustado,89,55,1599,14,incluido,0.1
4,SVD,ajustado,90,246,1408,42,incluido,0.5
4,SVD,ajustado,91,76,1578,16,incluido,0.1
4,SVD,ajustado,92,309,1345,35,incluido,0.1
4,SVD,ajustado,93,19,1635,1,incluido,0.0
4,SVD,ajustado,94,326,1328,49,incluido,0.4
4,SVD,ajustado,95,217,1437,33,incluido,0.1
4,SVD,ajustado,96,46,1608,9,incluido,0.2
4,SVD,ajustado,97,44,1610,15,incluido,0.2
4,SVD,ajustado,98,24,1630,2,incluido,0.0
4,SVD,ajustado,99,104,1550,19,incluido,0.2
4,SVD,ajustado,100,47,1607,4,incluido,0.1
4,SVD,ajustado,101,52,1602,5,incluido,0.0
4,SVD,ajustado,102,169,1485,7,incluido,0.0
4,SVD,ajustado,103,25,1629,2,incluido,0.0
4,SVD,ajustado,104,90,1564,4,incluido,0.0
4,SVD,ajustado,105,17,1637,2,incluido,0.0
4,SVD,ajustado,106,48,1606,9,incluido,0.1
4,SVD,ajustado,107,17,1637,3,incluido,0.0
4,SVD,ajustado,108,27,1627,2,incluido,0.0
4,SVD,ajustado,109,191,1463,27,incluido,0.4
4,SVD,ajustado,110,101,1553,13,incluido,0.0
4,SVD,ajustado,111,20,1634,2,incluido,0.0
4,SVD,ajustado,112,32,1622,9,incluido,0.0
4,SVD,ajustado,113,43,1611,6,incluido,0.0
4,SVD,ajustado,114,38,1616,6,incluido,0.0
4,SVD,ajustado,115,75,1579,11,incluido,0.1
4,SVD,ajustado,116,124,1530,6,incluido,0.0
4,SVD,ajustado,117,63,1591,20,incluido,0.0
4,SVD,ajustado,118,60,1594,10,incluido,0.0
4,SVD,ajustado,119,139,1515,30,incluido,0.0
4,SVD,ajustado,120,18,1636,3,incluido,0.0
4,SVD,ajustado,121,58,1596,12,incluido,0.1
4,SVD,ajustado,122,43,1611,13,incluido,0.1
4,SVD,ajustado,123,40,1614,8,incluido,0.1
4,SVD,ajustado,124,20,1634,1,incluido,0.0
4,SVD,ajustado,125,142,1512,20,incluido,0.3
4,SVD,ajustado,126,38,1616,3,incluido,0.0
4,SVD,ajustado,127,16,1638,7,incluido,0.0
4,SVD,ajustado,128,151,1503,20,incluido,0.1
4,SVD,ajustado,129,22,1632,1,incluido,0.0
4,SVD,ajustado,130,282,1372,51,incluido,0.3
4,SVD,ajustado,131,24,1630,5,incluido,0.0
4,SVD,ajustado,132,17,1637,4,incluido,0.0
4,SVD,ajustado,133,24,1630,1,incluido,0.0
4,SVD,ajustado,134,22,1632,2,incluido,0.0
4,SVD,ajustado,135,42,1612,7,incluido,0.0
4,SVD,ajustado,136,29,1625,5,incluido,0.1
4,SVD,ajustado,137,38,1616,8,incluido,0.0
4,SVD,ajustado,138,42,1612,8,incluido,0.1
4,SVD,ajustado,139,23,1631,1,incluido,0.0
4,SVD,ajustado,140,18,1636,2,incluido,0.0
4,SVD,ajustado,141,84,1570,10,incluido,0.0
4,SVD,ajustado,142,26,1628,5,incluido,0.0
4,SVD,ajustado,143,13,1641,4,incluido,0.0
4,SVD,ajustado,144,168,1486,27,incluido,0.1
4,SVD,ajustado,145,248,1406,32,incluido,0.2
4,SVD,ajustado,146,19,1635,7,incluido,0.0
4,SVD,ajustado,147,14,1640,5,incluido,0.0
4,SVD,ajustado,148,54,1600,8,incluido,0.0
4,SVD,ajustado,149,26,1628,1,incluido,0.0
4,SVD,ajustado,150,27,1627,5,incluido,0.0
4,SVD,ajustado,151,250,1404,43,incluido,0.2
4,SVD,ajustado,152,88,1566,14,incluido,0.1
4,SVD,ajustado,153,21,1633,1,incluido,0.0
4,SVD,ajustado,154,45,1609,4,incluido,0.0
4,SVD,ajustado,155,21,1633,0,sem_relevante_elegivel,
4,SVD,ajustado,156,25,1629,8,incluido,0.0
4,SVD,ajustado,157,45,1609,3,incluido,0.0
4,SVD,ajustado,158,143,1511,19,incluido,0.0
4,SVD,ajustado,159,81,1573,13,incluido,0.0
4,SVD,ajustado,160,100,1554,13,incluido,0.2
4,SVD,ajustado,161,42,1612,5,incluido,0.1
4,SVD,ajustado,162,35,1619,7,incluido,0.0
4,SVD,ajustado,163,19,1635,1,incluido,0.1
4,SVD,ajustado,164,50,1604,10,incluido,0.0
4,SVD,ajustado,165,24,1630,1,incluido,0.0
4,SVD,ajustado,166,14,1640,4,incluido,0.0
4,SVD,ajustado,167,60,1594,8,incluido,0.0
4,SVD,ajustado,168,54,1600,6,incluido,0.0
4,SVD,ajustado,169,33,1621,1,incluido,0.0
4,SVD,ajustado,170,16,1638,2,incluido,0.0
4,SVD,ajustado,171,21,1633,1,incluido,0.0
4,SVD,ajustado,172,22,1632,2,incluido,0.0
4,SVD,ajustado,173,37,1617,5,incluido,0.0
4,SVD,ajustado,174,144,1510,24,incluido,0.0
4,SVD,ajustado,175,28,1626,6,incluido,0.0
4,SVD,ajustado,176,55,1599,7,incluido,0.0
4,SVD,ajustado,177,90,1564,10,incluido,0.1
4,SVD,ajustado,178,210,1444,42,incluido,0.2
4,SVD,ajustado,179,34,1620,3,incluido,0.0
4,SVD,ajustado,180,49,1605,8,incluido,0.0
4,SVD,ajustado,181,344,1310,4,incluido,0.0
4,SVD,ajustado,182,24,1630,1,incluido,0.0
4,SVD,ajustado,183,40,1614,4,incluido,0.0
4,SVD,ajustado,184,187,1467,41,incluido,0.2
4,SVD,ajustado,185,39,1615,8,incluido,0.0
4,SVD,ajustado,186,78,1576,4,incluido,0.0
4,SVD,ajustado,187,44,1610,10,incluido,0.0
4,SVD,ajustado,188,91,1563,8,incluido,0.0
4,SVD,ajustado,189,157,1497,21,incluido,0.1
4,SVD,ajustado,190,48,1606,6,incluido,0.0
4,SVD,ajustado,191,20,1634,4,incluido,0.0
4,SVD,ajustado,192,31,1623,3,incluido,0.0
4,SVD,ajustado,193,95,1559,11,incluido,0.0
4,SVD,ajustado,194,240,1414,19,incluido,0.4
4,SVD,ajustado,195,78,1576,9,incluido,0.0
4,SVD,ajustado,196,32,1622,4,incluido,0.0
4,SVD,ajustado,197,102,1552,7,incluido,0.0
4,SVD,ajustado,198,147,1507,12,incluido,0.1
4,SVD,ajustado,199,29,1625,4,incluido,0.0
4,SVD,ajustado,200,172,1482,37,incluido,0.3
4,SVD,ajustado,201,313,1341,22,incluido,0.3
4,SVD,ajustado,202,16,1638,2,incluido,0.0
4,SVD,ajustado,203,35,1619,4,incluido,0.0
4,SVD,ajustado,204,30,1624,4,incluido,0.0
4,SVD,ajustado,205,15,1639,1,incluido,0.0
4,SVD,ajustado,206,48,1606,7,incluido,0.1
4,SVD,ajustado,207,195,1459,10,incluido,0.1
4,SVD,ajustado,208,27,1627,3,incluido,0.0
4,SVD,ajustado,209,29,1625,3,incluido,0.0
4,SVD,ajustado,210,110,1544,15,incluido,0.1
4,SVD,ajustado,211,31,1623,1,incluido,0.0
4,SVD,ajustado,212,19,1635,2,incluido,0.0
4,SVD,ajustado,213,94,1560,24,incluido,0.2
4,SVD,ajustado,214,95,1559,25,incluido,0.2
4,SVD,ajustado,215,70,1584,11,incluido,0.0
4,SVD,ajustado,216,104,1550,17,incluido,0.2
4,SVD,ajustado,217,61,1593,5,incluido,0.0
4,SVD,ajustado,218,42,1612,5,incluido,0.0
4,SVD,ajustado,219,22,1632,4,incluido,0.0
4,SVD,ajustado,220,20,1634,1,incluido,0.0
4,SVD,ajustado,221,112,1542,21,incluido,0.0
4,SVD,ajustado,222,320,1334,29,incluido,0.2
4,SVD,ajustado,223,86,1568,8,incluido,0.1
4,SVD,ajustado,224,113,1541,13,incluido,0.0
4,SVD,ajustado,225,21,1633,6,incluido,0.1
4,SVD,ajustado,226,42,1612,6,incluido,0.1
4,SVD,ajustado,227,47,1607,6,incluido,0.1
4,SVD,ajustado,228,15,1639,4,incluido,0.0
4,SVD,ajustado,229,25,1629,1,incluido,0.0
4,SVD,ajustado,230,109,1545,16,incluido,0.3
4,SVD,ajustado,231,16,1638,4,incluido,0.0
4,SVD,ajustado,232,77,1577,12,incluido,0.3
4,SVD,ajustado,233,89,1565,17,incluido,0.1
4,SVD,ajustado,234,392,1262,27,incluido,0.4
4,SVD,ajustado,235,75,1579,17,incluido,0.1
4,SVD,ajustado,236,104,1550,11,incluido,0.3
4,SVD,ajustado,237,39,1615,8,incluido,0.1
4,SVD,ajustado,238,20,1634,2,incluido,0.0
4,SVD,ajustado,239,130,1524,20,incluido,0.0
4,SVD,ajustado,240,20,1634,3,incluido,0.0
4,SVD,ajustado,241,20,1634,2,incluido,0.0
4,SVD,ajustado,242,18,1636,2,incluido,0.0
4,SVD,ajustado,243,67,1587,8,incluido,0.0
4,SVD,ajustado,244,187,1467,33,incluido,0.0
4,SVD,ajustado,245,17,1637,1,incluido,0.0
4,SVD,ajustado,246,160,1494,13,incluido,0.0
4,SVD,ajustado,247,18,1636,5,incluido,0.0
4,SVD,ajustado,248,47,1607,6,incluido,0.0
4,SVD,ajustado,249,128,1526,27,incluido,0.3
4,SVD,ajustado,250,92,1562,22,incluido,0.0
4,SVD,ajustado,251,57,1597,14,incluido,0.0
4,SVD,ajustado,252,17,1637,3,incluido,0.0
4,SVD,ajustado,253,79,1575,15,incluido,0.1
4,SVD,ajustado,254,121,1533,7,incluido,0.0
4,SVD,ajustado,255,72,1582,4,incluido,0.0
4,SVD,ajustado,256,172,1482,27,incluido,0.1
4,SVD,ajustado,257,40,1614,13,incluido,0.0
4,SVD,ajustado,258,18,1636,2,incluido,0.0
4,SVD,ajustado,259,39,1615,7,incluido,0.0
4,SVD,ajustado,260,18,1636,3,incluido,0.0
4,SVD,ajustado,261,19,1635,5,incluido,0.0
4,SVD,ajustado,262,123,1531,15,incluido,0.0
4,SVD,ajustado,263,97,1557,22,incluido,0.2
4,SVD,ajustado,264,91,1563,20,incluido,0.0
4,SVD,ajustado,265,31,1623,8,incluido,0.0
4,SVD,ajustado,266,17,1637,4,incluido,0.0
4,SVD,ajustado,267,144,1510,27,incluido,0.2
4,SVD,ajustado,268,258,1396,13,incluido,0.3
4,SVD,ajustado,269,254,1400,33,incluido,0.3
4,SVD,ajustado,270,106,1548,24,incluido,0.1
4,SVD,ajustado,271,233,1421,31,incluido,0.5
4,SVD,ajustado,272,46,1608,5,incluido,0.1
4,SVD,ajustado,273,18,1636,2,incluido,0.0
4,SVD,ajustado,274,57,1597,12,incluido,0.1
4,SVD,ajustado,275,75,1579,5,incluido,0.0
4,SVD,ajustado,276,410,1244,54,incluido,0.4
4,SVD,ajustado,277,44,1610,7,incluido,0.0
4,SVD,ajustado,278,20,1634,3,incluido,0.0
4,SVD,ajustado,279,341,1313,43,incluido,0.0
4,SVD,ajustado,280,202,1452,28,incluido,0.1
4,SVD,ajustado,281,23,1631,2,incluido,0.0
4,SVD,ajustado,282,19,1635,2,incluido,0.0
4,SVD,ajustado,283,43,1611,7,incluido,0.0
4,SVD,ajustado,284,38,1616,3,incluido,0.0
4,SVD,ajustado,285,23,1631,7,incluido,0.0
4,SVD,ajustado,286,230,1424,33,incluido,0.1
4,SVD,ajustado,287,46,1608,14,incluido,0.0
4,SVD,ajustado,288,63,1591,11,incluido,0.2
4,SVD,ajustado,289,20,1634,2,incluido,0.0
4,SVD,ajustado,290,113,1541,15,incluido,0.2
4,SVD,ajustado,291,235,1419,42,incluido,0.1
4,SVD,ajustado,292,95,1559,24,incluido,0.2
4,SVD,ajustado,293,310,1344,26,incluido,0.3
4,SVD,ajustado,294,122,1532,13,incluido,0.1
4,SVD,ajustado,295,153,1501,37,incluido,0.1
4,SVD,ajustado,296,114,1540,20,incluido,0.0
4,SVD,ajustado,297,161,1493,12,incluido,0.1
4,SVD,ajustado,298,102,1552,17,incluido,0.1
4,SVD,ajustado,299,225,1429,33,incluido,0.2
4,SVD,ajustado,300,14,1640,4,incluido,0.0
4,SVD,ajustado,301,220,1434,39,incluido,0.3
4,SVD,ajustado,302,15,1639,1,incluido,0.0
4,SVD,ajustado,303,395,1259,38,incluido,0.3
4,SVD,ajustado,304,22,1632,2,incluido,0.0
4,SVD,ajustado,305,175,1479,22,incluido,0.2
4,SVD,ajustado,306,29,1625,2,incluido,0.0
4,SVD,ajustado,307,83,1571,16,incluido,0.4
4,SVD,ajustado,308,315,1339,50,incluido,0.2
4,SVD,ajustado,309,14,1640,4,incluido,0.0
4,SVD,ajustado,310,19,1635,2,incluido,0.0
4,SVD,ajustado,311,231,1423,40,incluido,0.0
4,SVD,ajustado,312,176,1478,37,incluido,0.5
4,SVD,ajustado,313,202,1452,33,incluido,0.5
4,SVD,ajustado,314,190,1464,33,incluido,0.0
4,SVD,ajustado,315,71,1583,13,incluido,0.2
4,SVD,ajustado,316,68,1586,2,incluido,0.0
4,SVD,ajustado,317,14,1640,5,incluido,0.0
4,SVD,ajustado,318,140,1514,18,incluido,0.1
4,SVD,ajustado,319,22,1632,1,incluido,0.0
4,SVD,ajustado,320,117,1537,25,incluido,0.0
4,SVD,ajustado,321,97,1557,20,incluido,0.1
4,SVD,ajustado,322,40,1614,9,incluido,0.0
4,SVD,ajustado,323,79,1575,4,incluido,0.0
4,SVD,ajustado,324,52,1602,11,incluido,0.0
4,SVD,ajustado,325,115,1539,13,incluido,0.2
4,SVD,ajustado,326,154,1500,14,incluido,0.2
4,SVD,ajustado,327,231,1423,22,incluido,0.1
4,SVD,ajustado,328,236,1418,21,incluido,0.1
4,SVD,ajustado,329,51,1603,9,incluido,0.2
4,SVD,ajustado,330,122,1532,22,incluido,0.1
4,SVD,ajustado,331,51,1603,12,incluido,0.0
4,SVD,ajustado,332,141,1513,36,incluido,0.0
4,SVD,ajustado,333,17,1637,7,incluido,0.2
4,SVD,ajustado,334,260,1394,42,incluido,0.2
4,SVD,ajustado,335,20,1634,0,sem_relevante_elegivel,
4,SVD,ajustado,336,108,1546,6,incluido,0.1
4,SVD,ajustado,337,31,1623,1,incluido,0.0
4,SVD,ajustado,338,57,1597,10,incluido,0.1
4,SVD,ajustado,339,209,1445,34,incluido,0.2
4,SVD,ajustado,340,32,1622,11,incluido,0.2
4,SVD,ajustado,341,20,1634,1,incluido,0.0
4,SVD,ajustado,342,157,1497,21,incluido,0.2
4,SVD,ajustado,343,189,1465,37,incluido,0.1
4,SVD,ajustado,344,150,1504,24,incluido,0.1
4,SVD,ajustado,345,191,1463,24,incluido,0.1
4,SVD,ajustado,346,149,1505,17,incluido,0.2
4,SVD,ajustado,347,162,1492,20,incluido,0.1
4,SVD,ajustado,348,50,1604,5,incluido,0.0
4,SVD,ajustado,349,30,1624,3,incluido,0.0
4,SVD,ajustado,350,40,1614,8,incluido,0.1
4,SVD,ajustado,351,35,1619,8,incluido,0.0
4,SVD,ajustado,352,34,1620,3,incluido,0.0
4,SVD,ajustado,353,19,1635,3,incluido,0.1
4,SVD,ajustado,354,187,1467,23,incluido,0.2
4,SVD,ajustado,355,21,1633,5,incluido,0.0
4,SVD,ajustado,356,21,1633,2,incluido,0.0
4,SVD,ajustado,357,61,1593,10,incluido,0.0
4,SVD,ajustado,358,37,1617,4,incluido,0.0
4,SVD,ajustado,359,22,1632,2,incluido,0.0
4,SVD,ajustado,360,81,1573,17,incluido,0.0
4,SVD,ajustado,361,104,1550,11,incluido,0.1
4,SVD,ajustado,362,21,1633,2,incluido,0.0
4,SVD,ajustado,363,241,1413,26,incluido,0.3
4,SVD,ajustado,364,18,1636,1,incluido,0.0
4,SVD,ajustado,365,43,1611,9,incluido,0.0
4,SVD,ajustado,366,29,1625,2,incluido,0.0
4,SVD,ajustado,367,50,1604,7,incluido,0.0
4,SVD,ajustado,368,41,1613,1,incluido,0.0
4,SVD,ajustado,369,16,1638,3,incluido,0.0
4,SVD,ajustado,370,61,1593,11,incluido,0.0
4,SVD,ajustado,371,40,1614,9,incluido,0.1
4,SVD,ajustado,372,55,1599,10,incluido,0.0
4,SVD,ajustado,373,199,1455,21,incluido,0.1
4,SVD,ajustado,374,223,1431,21,incluido,0.3
4,SVD,ajustado,375,21,1633,2,incluido,0.0
4,SVD,ajustado,376,23,1631,4,incluido,0.1
4,SVD,ajustado,377,26,1628,6,incluido,0.0
4,SVD,ajustado,378,283,1371,42,incluido,0.1
4,SVD,ajustado,379,157,1497,31,incluido,0.3
4,SVD,ajustado,380,140,1514,8,incluido,0.1
4,SVD,ajustado,381,94,1560,20,incluido,0.2
4,SVD,ajustado,382,45,1609,5,incluido,0.1
4,SVD,ajustado,383,55,1599,15,incluido,0.2
4,SVD,ajustado,384,18,1636,4,incluido,0.0
4,SVD,ajustado,385,230,1424,27,incluido,0.6
4,SVD,ajustado,386,17,1637,2,incluido,0.0
4,SVD,ajustado,387,243,1411,27,incluido,0.1
4,SVD,ajustado,388,43,1611,6,incluido,0.0
4,SVD,ajustado,389,213,1441,33,incluido,0.2
4,SVD,ajustado,390,26,1628,4,incluido,0.0
4,SVD,ajustado,391,96,1558,19,incluido,0.3
4,SVD,ajustado,392,89,1565,15,incluido,0.1
4,SVD,ajustado,393,367,1287,40,incluido,0.3
4,SVD,ajustado,394,112,1542,26,incluido,0.2
4,SVD,ajustado,395,44,1610,9,incluido,0.0
4,SVD,ajustado,396,44,1610,3,incluido,0.0
4,SVD,ajustado,397,77,1577,17,incluido,0.2
4,SVD,ajustado,398,144,1510,18,incluido,0.2
4,SVD,ajustado,399,257,1397,9,incluido,0.1
4,SVD,ajustado,400,19,1635,1,incluido,0.0
4,SVD,ajustado,401,128,1526,12,incluido,0.0
4,SVD,ajustado,402,54,1600,11,incluido,0.2
4,SVD,ajustado,403,43,1611,4,incluido,0.1
4,SVD,ajustado,404,38,1616,5,incluido,0.0
4,SVD,ajustado,405,585,1069,22,incluido,0.4
4,SVD,ajustado,406,263,1391,37,incluido,0.3
4,SVD,ajustado,407,189,1465,14,incluido,0.1
4,SVD,ajustado,408,21,1633,4,incluido,0.0
4,SVD,ajustado,409,162,1492,20,incluido,0.2
4,SVD,ajustado,410,22,1632,3,incluido,0.0
4,SVD,ajustado,411,50,1604,3,incluido,0.0
4,SVD,ajustado,412,39,1615,10,incluido,0.0
4,SVD,ajustado,413,38,1616,8,incluido,0.0
4,SVD,ajustado,414,21,1633,4,incluido,0.0
4,SVD,ajustado,415,21,1633,3,incluido,0.0
4,SVD,ajustado,416,396,1258,64,incluido,0.3
4,SVD,ajustado,417,300,1354,22,incluido,0.0
4,SVD,ajustado,418,16,1638,2,incluido,0.0
4,SVD,ajustado,419,23,1631,8,incluido,0.0
4,SVD,ajustado,420,25,1629,7,incluido,0.0
4,SVD,ajustado,421,49,1605,9,incluido,0.1
4,SVD,ajustado,422,79,1575,9,incluido,0.0
4,SVD,ajustado,423,52,1602,6,incluido,0.0
4,SVD,ajustado,424,30,1624,9,incluido,0.0
4,SVD,ajustado,425,172,1482,14,incluido,0.1
4,SVD,ajustado,426,91,1563,8,incluido,0.2
4,SVD,ajustado,427,25,1629,6,incluido,0.0
4,SVD,ajustado,428,49,1605,4,incluido,0.0
4,SVD,ajustado,429,337,1317,30,incluido,0.2
4,SVD,ajustado,430,52,1602,9,incluido,0.1
4,SVD,ajustado,431,17,1637,1,incluido,0.0
4,SVD,ajustado,432,53,1601,3,incluido,0.0
4,SVD,ajustado,433,34,1620,5,incluido,0.0
4,SVD,ajustado,434,36,1618,5,incluido,0.0
4,SVD,ajustado,435,318,1336,27,incluido,0.3
4,SVD,ajustado,436,114,1540,20,incluido,0.0
4,SVD,ajustado,437,213,1441,26,incluido,0.0
4,SVD,ajustado,438,24,1630,7,incluido,0.0
4,SVD,ajustado,439,25,1629,5,incluido,0.0
4,SVD,ajustado,440,42,1612,6,incluido,0.0
4,SVD,ajustado,441,17,1637,2,incluido,0.0
4,SVD,ajustado,442,106,1548,14,incluido,0.0
4,SVD,ajustado,443,15,1639,4,incluido,0.1
4,SVD,ajustado,444,17,1637,3,incluido,0.0
4,SVD,ajustado,445,103,1551,6,incluido,0.1
4,SVD,ajustado,446,33,1621,0,sem_relevante_elegivel,
4,SVD,ajustado,447,111,1543,14,incluido,0.0
4,SVD,ajustado,448,31,1623,4,incluido,0.0
4,SVD,ajustado,449,58,1596,10,incluido,0.0
4,SVD,ajustado,450,431,1223,76,incluido,0.4
4,SVD,ajustado,451,79,1575,13,incluido,0.0
4,SVD,ajustado,452,172,1482,20,incluido,0.3
4,SVD,ajustado,453,129,1525,12,incluido,0.0
4,SVD,ajustado,454,186,1468,25,incluido,0.5
4,SVD,ajustado,455,146,1508,18,incluido,0.1
4,SVD,ajustado,456,173,1481,21,incluido,0.1
4,SVD,ajustado,457,224,1430,44,incluido,0.3
4,SVD,ajustado,458,140,1514,34,incluido,0.5
4,SVD,ajustado,459,99,1555,8,incluido,0.1
4,SVD,ajustado,460,49,1605,11,incluido,0.0
4,SVD,ajustado,461,21,1633,1,incluido,0.0
4,SVD,ajustado,462,27,1627,4,incluido,0.1
4,SVD,ajustado,463,108,1546,5,incluido,0.0
4,SVD,ajustado,464,45,1609,6,incluido,0.0
4,SVD,ajustado,465,66,1588,9,incluido,0.1
4,SVD,ajustado,466,84,1570,9,incluido,0.0
4,SVD,ajustado,467,38,1616,4,incluido,0.0
4,SVD,ajustado,468,108,1546,25,incluido,0.5
4,SVD,ajustado,469,37,1617,6,incluido,0.1
4,SVD,ajustado,470,42,1612,5,incluido,0.0
4,SVD,ajustado,471,26,1628,4,incluido,0.0
4,SVD,ajustado,472,191,1463,57,incluido,0.4
4,SVD,ajustado,473,29,1625,4,incluido,0.0
4,SVD,ajustado,474,263,1391,56,incluido,0.6
4,SVD,ajustado,475,18,1636,1,incluido,0.0
4,SVD,ajustado,476,64,1590,10,incluido,0.0
4,SVD,ajustado,477,28,1626,7,incluido,0.0
4,SVD,ajustado,478,89,1565,10,incluido,0.1
4,SVD,ajustado,479,167,1487,20,incluido,0.2
4,SVD,ajustado,480,48,1606,11,incluido,0.0
4,SVD,ajustado,481,46,1608,10,incluido,0.0
4,SVD,ajustado,482,21,1633,2,incluido,0.1
4,SVD,ajustado,483,46,1608,3,incluido,0.0
4,SVD,ajustado,484,116,1538,17,incluido,0.1
4,SVD,ajustado,485,24,1630,1,incluido,0.0
4,SVD,ajustado,486,146,1508,16,incluido,0.0
4,SVD,ajustado,487,182,1472,27,incluido,0.2
4,SVD,ajustado,488,116,1538,23,incluido,0.2
4,SVD,ajustado,489,92,1562,9,incluido,0.1
4,SVD,ajustado,490,46,1608,4,incluido,0.0
4,SVD,ajustado,491,25,1629,7,incluido,0.0
4,SVD,ajustado,492,48,1606,2,incluido,0.1
4,SVD,ajustado,493,103,1551,22,incluido,0.2
4,SVD,ajustado,494,35,1619,7,incluido,0.1
4,SVD,ajustado,495,177,1477,26,incluido,0.1
4,SVD,ajustado,496,106,1548,6,incluido,0.0
4,SVD,ajustado,497,228,1426,19,incluido,0.0
4,SVD,ajustado,498,111,1543,12,incluido,0.1
4,SVD,ajustado,499,83,1571,15,incluido,0.2
4,SVD,ajustado,500,186,1468,21,incluido,0.0
4,SVD,ajustado,501,57,1597,14,incluido,0.1
4,SVD,ajustado,502,31,1623,2,incluido,0.0
4,SVD,ajustado,503,138,1516,17,incluido,0.0
4,SVD,ajustado,504,203,1451,24,incluido,0.0
4,SVD,ajustado,505,81,1573,16,incluido,0.0
4,SVD,ajustado,506,188,1466,35,incluido,0.1
4,SVD,ajustado,507,44,1610,14,incluido,0.0
4,SVD,ajustado,508,65,1589,12,incluido,0.0
4,SVD,ajustado,509,26,1628,4,incluido,0.0
4,SVD,ajustado,510,26,1628,1,incluido,0.0
4,SVD,ajustado,511,16,1638,7,incluido,0.0
4,SVD,ajustado,512,18,1636,2,incluido,0.0
4,SVD,ajustado,513,12,1642,7,incluido,0.0
4,SVD,ajustado,514,160,1494,23,incluido,0.7
4,SVD,ajustado,515,34,1620,1,incluido,0.0
4,SVD,ajustado,516,19,1635,2,incluido,0.0
4,SVD,ajustado,517,26,1628,2,incluido,0.0
4,SVD,ajustado,518,58,1596,7,incluido,0.0
4,SVD,ajustado,519,42,1612,5,incluido,0.0
4,SVD,ajustado,520,18,1636,1,incluido,0.0
4,SVD,ajustado,521,128,1526,9,incluido,0.1
4,SVD,ajustado,522,24,1630,4,incluido,0.0
4,SVD,ajustado,523,74,1580,22,incluido,0.1
4,SVD,ajustado,524,247,1407,38,incluido,0.0
4,SVD,ajustado,525,43,1611,1,incluido,0.0
4,SVD,ajustado,526,52,1602,8,incluido,0.0
4,SVD,ajustado,527,111,1543,15,incluido,0.0
4,SVD,ajustado,528,41,1613,8,incluido,0.0
4,SVD,ajustado,529,32,1622,7,incluido,0.0
4,SVD,ajustado,530,36,1618,8,incluido,0.0
4,SVD,ajustado,531,25,1629,3,incluido,0.0
4,SVD,ajustado,532,220,1434,42,incluido,0.2
4,SVD,ajustado,533,219,1435,28,incluido,0.5
4,SVD,ajustado,534,66,1588,11,incluido,0.0
4,SVD,ajustado,535,182,1472,31,incluido,0.2
4,SVD,ajustado,536,129,1525,22,incluido,0.4
4,SVD,ajustado,537,394,1260,25,incluido,0.5
4,SVD,ajustado,538,65,1589,8,incluido,0.0
4,SVD,ajustado,539,43,1611,10,incluido,0.1
4,SVD,ajustado,540,53,1601,5,incluido,0.0
4,SVD,ajustado,541,102,1552,18,incluido,0.1
4,SVD,ajustado,542,113,1541,15,incluido,0.2
4,SVD,ajustado,543,152,1502,33,incluido,0.4
4,SVD,ajustado,544,27,1627,2,incluido,0.0
4,SVD,ajustado,545,133,1521,15,incluido,0.1
4,SVD,ajustado,546,48,1606,7,incluido,0.0
4,SVD,ajustado,547,17,1637,5,incluido,0.0
4,SVD,ajustado,548,122,1532,22,incluido,0.1
4,SVD,ajustado,549,21,1633,3,incluido,0.0
4,SVD,ajustado,550,28,1626,6,incluido,0.0
4,SVD,ajustado,551,264,1390,52,incluido,0.2
4,SVD,ajustado,552,64,1590,9,incluido,0.1
4,SVD,ajustado,553,85,1569,13,incluido,0.2
4,SVD,ajustado,554,96,1558,10,incluido,0.0
4,SVD,ajustado,555,46,1608,6,incluido,0.0
4,SVD,ajustado,556,40,1614,2,incluido,0.0
4,SVD,ajustado,557,40,1614,7,incluido,0.1
4,SVD,ajustado,558,18,1636,2,incluido,0.0
4,SVD,ajustado,559,51,1603,16,incluido,0.0
4,SVD,ajustado,560,81,1573,9,incluido,0.1
4,SVD,ajustado,561,289,1365,18,incluido,0.2
4,SVD,ajustado,562,64,1590,4,incluido,0.0
4,SVD,ajustado,563,26,1628,3,incluido,0.0
4,SVD,ajustado,564,24,1630,7,incluido,0.1
4,SVD,ajustado,565,27,1627,6,incluido,0.0
4,SVD,ajustado,566,120,1534,17,incluido,0.1
4,SVD,ajustado,567,123,1531,24,incluido,0.2
4,SVD,ajustado,568,68,1586,4,incluido,0.1
4,SVD,ajustado,569,63,1591,4,incluido,0.1
4,SVD,ajustado,570,16,1638,1,incluido,0.0
4,SVD,ajustado,571,15,1639,4,incluido,0.1
4,SVD,ajustado,572,18,1636,2,incluido,0.0
4,SVD,ajustado,573,42,1612,6,incluido,0.1
4,SVD,ajustado,574,32,1622,7,incluido,0.0
4,SVD,ajustado,575,22,1632,2,incluido,0.1
4,SVD,ajustado,576,29,1625,5,incluido,0.0
4,SVD,ajustado,577,157,1497,21,incluido,0.1
4,SVD,ajustado,578,19,1635,1,incluido,0.0
4,SVD,ajustado,579,62,1592,5,incluido,0.1
4,SVD,ajustado,580,40,1614,4,incluido,0.0
4,SVD,ajustado,581,24,1630,1,incluido,0.0
4,SVD,ajustado,582,46,1608,4,incluido,0.0
4,SVD,ajustado,583,23,1631,4,incluido,0.0
4,SVD,ajustado,584,21,1633,3,incluido,0.0
4,SVD,ajustado,585,55,1599,16,incluido,0.0
4,SVD,ajustado,586,131,1523,10,incluido,0.0
4,SVD,ajustado,587,78,1576,3,incluido,0.0
4,SVD,ajustado,588,181,1473,28,incluido,0.1
4,SVD,ajustado,589,32,1622,5,incluido,0.0
4,SVD,ajustado,590,39,1615,5,incluido,0.1
4,SVD,ajustado,591,69,1585,9,incluido,0.1
4,SVD,ajustado,592,294,1360,46,incluido,0.5
4,SVD,ajustado,593,124,1530,20,incluido,0.3
4,SVD,ajustado,594,17,1637,6,incluido,0.1
4,SVD,ajustado,595,77,1577,5,incluido,0.0
4,SVD,ajustado,596,14,1640,2,incluido,0.0
4,SVD,ajustado,597,30,1624,8,incluido,0.0
4,SVD,ajustado,598,20,1634,3,incluido,0.0
4,SVD,ajustado,599,41,1613,4,incluido,0.0
4,SVD,ajustado,600,71,1583,12,incluido,0.0
4,SVD,ajustado,601,120,1534,12,incluido,0.0
4,SVD,ajustado,602,25,1629,2,incluido,0.0
4,SVD,ajustado,603,37,1617,7,incluido,0.1
4,SVD,ajustado,604,24,1630,3,incluido,0.0
4,SVD,ajustado,605,77,1577,6,incluido,0.1
4,SVD,ajustado,606,190,1464,33,incluido,0.2
4,SVD,ajustado,607,24,1630,10,incluido,0.0
4,SVD,ajustado,608,134,1520,19,incluido,0.0
4,SVD,ajustado,609,20,1634,1,incluido,0.0
4,SVD,ajustado,610,62,1592,6,incluido,0.1
4,SVD,ajustado,611,34,1620,6,incluido,0.0
4,SVD,ajustado,612,24,1630,1,incluido,0.0
4,SVD,ajustado,613,23,1631,5,incluido,0.2
4,SVD,ajustado,614,33,1621,3,incluido,0.0
4,SVD,ajustado,615,87,1567,15,incluido,0.1
4,SVD,ajustado,616,33,1621,4,incluido,0.0
4,SVD,ajustado,617,83,1571,11,incluido,0.0
4,SVD,ajustado,618,179,1475,18,incluido,0.2
4,SVD,ajustado,619,68,1586,12,incluido,0.1
4,SVD,ajustado,620,92,1562,13,incluido,0.1
4,SVD,ajustado,621,138,1516,18,incluido,0.0
4,SVD,ajustado,622,181,1473,24,incluido,0.4
4,SVD,ajustado,623,34,1620,10,incluido,0.2
4,SVD,ajustado,624,109,1545,20,incluido,0.1
4,SVD,ajustado,625,88,1566,8,incluido,0.1
4,SVD,ajustado,626,22,1632,3,incluido,0.0
4,SVD,ajustado,627,142,1512,19,incluido,0.1
4,SVD,ajustado,628,18,1636,7,incluido,0.0
4,SVD,ajustado,629,96,1558,19,incluido,0.1
4,SVD,ajustado,630,82,1572,15,incluido,0.0
4,SVD,ajustado,631,16,1638,1,incluido,0.0
4,SVD,ajustado,632,94,1560,11,incluido,0.1
4,SVD,ajustado,633,46,1608,7,incluido,0.0
4,SVD,ajustado,634,109,1545,10,incluido,0.0
4,SVD,ajustado,635,26,1628,3,incluido,0.0
4,SVD,ajustado,636,18,1636,1,incluido,0.0
4,SVD,ajustado,637,78,1576,7,incluido,0.1
4,SVD,ajustado,638,54,1600,5,incluido,0.3
4,SVD,ajustado,639,116,1538,10,incluido,0.0
4,SVD,ajustado,640,90,1564,18,incluido,0.1
4,SVD,ajustado,641,33,1621,7,incluido,0.0
4,SVD,ajustado,642,258,1396,30,incluido,0.3
4,SVD,ajustado,643,162,1492,27,incluido,0.5
4,SVD,ajustado,644,28,1626,14,incluido,0.0
4,SVD,ajustado,645,96,1558,19,incluido,0.1
4,SVD,ajustado,646,30,1624,2,incluido,0.0
4,SVD,ajustado,647,50,1604,6,incluido,0.0
4,SVD,ajustado,648,245,1409,29,incluido,0.1
4,SVD,ajustado,649,22,1632,1,incluido,0.0
4,SVD,ajustado,650,246,1408,24,incluido,0.2
4,SVD,ajustado,651,19,1635,0,sem_relevante_elegivel,
4,SVD,ajustado,652,17,1637,1,incluido,0.0
4,SVD,ajustado,653,230,1424,10,incluido,0.2
4,SVD,ajustado,654,116,1538,19,incluido,0.5
4,SVD,ajustado,655,543,1111,22,incluido,0.3
4,SVD,ajustado,656,18,1636,2,incluido,0.0
4,SVD,ajustado,657,25,1629,3,incluido,0.0
4,SVD,ajustado,658,60,1594,6,incluido,0.1
4,SVD,ajustado,659,148,1506,26,incluido,0.1
4,SVD,ajustado,660,188,1466,9,incluido,0.1
4,SVD,ajustado,661,97,1557,19,incluido,0.3
4,SVD,ajustado,662,20,1634,2,incluido,0.0
4,SVD,ajustado,663,130,1524,13,incluido,0.0
4,SVD,ajustado,664,126,1528,21,incluido,0.4
4,SVD,ajustado,665,106,1548,16,incluido,0.1
4,SVD,ajustado,666,202,1452,29,incluido,0.4
4,SVD,ajustado,667,39,1615,5,incluido,0.0
4,SVD,ajustado,668,33,1621,7,incluido,0.1
4,SVD,ajustado,669,76,1578,10,incluido,0.3
4,SVD,ajustado,670,37,1617,5,incluido,0.1
4,SVD,ajustado,671,98,1556,11,incluido,0.1
4,SVD,ajustado,672,22,1632,3,incluido,0.0
4,SVD,ajustado,673,28,1626,5,incluido,0.1
4,SVD,ajustado,674,32,1622,4,incluido,0.0
4,SVD,ajustado,675,28,1626,5,incluido,0.0
4,SVD,ajustado,676,56,1598,17,incluido,0.2
4,SVD,ajustado,677,41,1613,5,incluido,0.0
4,SVD,ajustado,678,21,1633,3,incluido,0.0
4,SVD,ajustado,679,52,1602,6,incluido,0.0
4,SVD,ajustado,680,27,1627,8,incluido,0.0
4,SVD,ajustado,681,19,1635,2,incluido,0.0
4,SVD,ajustado,682,322,1332,27,incluido,0.1
4,SVD,ajustado,683,61,1593,6,incluido,0.0
4,SVD,ajustado,684,65,1589,11,incluido,0.0
4,SVD,ajustado,685,15,1639,0,sem_relevante_elegivel,
4,SVD,ajustado,686,58,1596,11,incluido,0.2
4,SVD,ajustado,687,17,1637,3,incluido,0.0
4,SVD,ajustado,688,22,1632,1,incluido,0.0
4,SVD,ajustado,689,27,1627,7,incluido,0.0
4,SVD,ajustado,690,97,1557,6,incluido,0.0
4,SVD,ajustado,691,26,1628,5,incluido,0.3
4,SVD,ajustado,692,34,1620,1,incluido,0.0
4,SVD,ajustado,693,120,1534,13,incluido,0.2
4,SVD,ajustado,694,126,1528,23,incluido,0.2
4,SVD,ajustado,695,33,1621,3,incluido,0.0
4,SVD,ajustado,696,23,1631,5,incluido,0.0
4,SVD,ajustado,697,79,1575,16,incluido,0.0
4,SVD,ajustado,698,102,1552,7,incluido,0.0
4,SVD,ajustado,699,116,1538,8,incluido,0.0
4,SVD,ajustado,700,16,1638,3,incluido,0.1
4,SVD,ajustado,701,23,1631,9,incluido,0.0
4,SVD,ajustado,702,23,1631,2,incluido,0.0
4,SVD,ajustado,703,37,1617,5,incluido,0.0
4,SVD,ajustado,704,71,1583,12,incluido,0.1
4,SVD,ajustado,705,88,1566,14,incluido,0.0
4,SVD,ajustado,706,22,1632,3,incluido,0.0
4,SVD,ajustado,707,182,1472,30,incluido,0.1
4,SVD,ajustado,708,83,1571,12,incluido,0.0
4,SVD,ajustado,709,111,1543,14,incluido,0.3
4,SVD,ajustado,710,66,1588,15,incluido,0.4
4,SVD,ajustado,711,180,1474,28,incluido,0.2
4,SVD,ajustado,712,127,1527,20,incluido,0.2
4,SVD,ajustado,713,23,1631,0,sem_relevante_elegivel,
4,SVD,ajustado,714,34,1620,5,incluido,0.0
4,SVD,ajustado,715,141,1513,18,incluido,0.3
4,SVD,ajustado,716,219,1435,32,incluido,0.0
4,SVD,ajustado,717,70,1584,15,incluido,0.0
4,SVD,ajustado,718,26,1628,9,incluido,0.0
4,SVD,ajustado,719,55,1599,3,incluido,0.0
4,SVD,ajustado,720,25,1629,3,incluido,0.0
4,SVD,ajustado,721,137,1517,13,incluido,0.0
4,SVD,ajustado,722,35,1619,6,incluido,0.0
4,SVD,ajustado,723,16,1638,3,incluido,0.2
4,SVD,ajustado,724,65,1589,2,incluido,0.0
4,SVD,ajustado,725,20,1634,4,incluido,0.0
4,SVD,ajustado,726,16,1638,0,sem_relevante_elegivel,
4,SVD,ajustado,727,257,1397,24,incluido,0.3
4,SVD,ajustado,728,23,1631,2,incluido,0.0
4,SVD,ajustado,729,20,1634,0,sem_relevante_elegivel,
4,SVD,ajustado,730,29,1625,5,incluido,0.0
4,SVD,ajustado,731,74,1580,7,incluido,0.2
4,SVD,ajustado,732,14,1640,2,incluido,0.0
4,SVD,ajustado,733,88,1566,6,incluido,0.0
4,SVD,ajustado,734,57,1597,5,incluido,0.1
4,SVD,ajustado,735,46,1608,1,incluido,0.0
4,SVD,ajustado,736,21,1633,0,sem_relevante_elegivel,
4,SVD,ajustado,737,28,1626,3,incluido,0.2
4,SVD,ajustado,738,126,1528,9,incluido,0.2
4,SVD,ajustado,739,31,1623,3,incluido,0.0
4,SVD,ajustado,740,16,1638,2,incluido,0.0
4,SVD,ajustado,741,84,1570,8,incluido,0.0
4,SVD,ajustado,742,18,1636,6,incluido,0.0
4,SVD,ajustado,743,31,1623,3,incluido,0.0
4,SVD,ajustado,744,19,1635,5,incluido,0.0
4,SVD,ajustado,745,47,1607,9,incluido,0.3
4,SVD,ajustado,746,53,1601,7,incluido,0.2
4,SVD,ajustado,747,221,1433,51,incluido,0.9
4,SVD,ajustado,748,88,1566,14,incluido,0.1
4,SVD,ajustado,749,245,1409,37,incluido,0.3
4,SVD,ajustado,750,29,1625,2,incluido,0.0
4,SVD,ajustado,751,133,1521,20,incluido,0.1
4,SVD,ajustado,752,61,1593,6,incluido,0.0
4,SVD,ajustado,753,50,1604,4,incluido,0.1
4,SVD,ajustado,754,26,1628,3,incluido,0.0
4,SVD,ajustado,755,33,1621,2,incluido,0.0
4,SVD,ajustado,756,78,1576,15,incluido,0.1
4,SVD,ajustado,757,133,1521,11,incluido,0.0
4,SVD,ajustado,758,286,1368,48,incluido,0.2
4,SVD,ajustado,759,24,1630,5,incluido,0.0
4,SVD,ajustado,760,29,1625,3,incluido,0.0
4,SVD,ajustado,761,57,1597,4,incluido,0.0
4,SVD,ajustado,762,16,1638,2,incluido,0.0
4,SVD,ajustado,763,103,1551,19,incluido,0.0
4,SVD,ajustado,764,82,1572,13,incluido,0.0
4,SVD,ajustado,765,22,1632,1,incluido,0.1
4,SVD,ajustado,766,142,1512,10,incluido,0.0
4,SVD,ajustado,767,22,1632,14,incluido,0.0
4,SVD,ajustado,768,51,1603,8,incluido,0.2
4,SVD,ajustado,769,23,1631,2,incluido,0.0
4,SVD,ajustado,770,53,1601,9,incluido,0.0
4,SVD,ajustado,771,62,1592,5,incluido,0.1
4,SVD,ajustado,772,28,1626,5,incluido,0.0
4,SVD,ajustado,773,123,1531,18,incluido,0.1
4,SVD,ajustado,774,171,1483,8,incluido,0.0
4,SVD,ajustado,775,22,1632,3,incluido,0.0
4,SVD,ajustado,776,85,1569,7,incluido,0.0
4,SVD,ajustado,777,30,1624,5,incluido,0.0
4,SVD,ajustado,778,52,1602,5,incluido,0.0
4,SVD,ajustado,779,27,1627,5,incluido,0.0
4,SVD,ajustado,780,36,1618,13,incluido,0.2
4,SVD,ajustado,781,39,1615,2,incluido,0.0
4,SVD,ajustado,782,184,1470,6,incluido,0.0
4,SVD,ajustado,783,21,1633,7,incluido,0.0
4,SVD,ajustado,784,33,1621,2,incluido,0.0
4,SVD,ajustado,785,18,1636,4,incluido,0.0
4,SVD,ajustado,786,88,1566,25,incluido,0.1
4,SVD,ajustado,787,45,1609,4,incluido,0.0
4,SVD,ajustado,788,200,1454,23,incluido,0.2
4,SVD,ajustado,789,22,1632,7,incluido,0.1
4,SVD,ajustado,790,186,1468,10,incluido,0.0
4,SVD,ajustado,791,21,1633,2,incluido,0.0
4,SVD,ajustado,792,36,1618,1,incluido,0.0
4,SVD,ajustado,793,46,1608,3,incluido,0.1
4,SVD,ajustado,794,35,1619,4,incluido,0.0
4,SVD,ajustado,795,126,1528,9,incluido,0.1
4,SVD,ajustado,796,277,1377,41,incluido,0.4
4,SVD,ajustado,797,18,1636,1,incluido,0.0
4,SVD,ajustado,798,186,1468,19,incluido,0.1
4,SVD,ajustado,799,20,1634,3,incluido,0.0
4,SVD,ajustado,800,25,1629,1,incluido,0.0
4,SVD,ajustado,801,21,1633,5,incluido,0.0
4,SVD,ajustado,802,61,1593,10,incluido,0.0
4,SVD,ajustado,803,30,1624,2,incluido,0.0
4,SVD,ajustado,804,269,1385,38,incluido,0.2
4,SVD,ajustado,805,215,1439,25,incluido,0.0
4,SVD,ajustado,806,115,1539,10,incluido,0.1
4,SVD,ajustado,807,170,1484,31,incluido,0.2
4,SVD,ajustado,808,18,1636,3,incluido,0.0
4,SVD,ajustado,809,16,1638,2,incluido,0.0
4,SVD,ajustado,810,19,1635,6,incluido,0.0
4,SVD,ajustado,811,16,1638,5,incluido,0.0
4,SVD,ajustado,812,17,1637,1,incluido,0.0
4,SVD,ajustado,813,24,1630,1,incluido,0.0
4,SVD,ajustado,814,30,1624,2,incluido,0.0
4,SVD,ajustado,815,141,1513,21,incluido,0.1
4,SVD,ajustado,816,21,1633,3,incluido,0.0
4,SVD,ajustado,817,28,1626,2,incluido,0.0
4,SVD,ajustado,818,18,1636,0,sem_relevante_elegivel,
4,SVD,ajustado,819,24,1630,4,incluido,0.0
4,SVD,ajustado,820,17,1637,1,incluido,0.0
4,SVD,ajustado,821,48,1606,8,incluido,0.0
4,SVD,ajustado,822,24,1630,0,sem_relevante_elegivel,
4,SVD,ajustado,823,144,1510,30,incluido,0.1
4,SVD,ajustado,824,13,1641,2,incluido,0.0
4,SVD,ajustado,825,113,1541,19,incluido,0.1
4,SVD,ajustado,826,91,1563,14,incluido,0.0
4,SVD,ajustado,827,22,1632,1,incluido,0.0
4,SVD,ajustado,828,84,1570,9,incluido,0.0
4,SVD,ajustado,829,54,1600,6,incluido,0.0
4,SVD,ajustado,830,87,1567,11,incluido,0.1
4,SVD,ajustado,831,59,1595,10,incluido,0.1
4,SVD,ajustado,832,19,1635,1,incluido,0.0
4,SVD,ajustado,833,216,1438,18,incluido,0.4
4,SVD,ajustado,834,42,1612,7,incluido,0.0
4,SVD,ajustado,835,80,1574,16,incluido,0.1
4,SVD,ajustado,836,40,1614,7,incluido,0.0
4,SVD,ajustado,837,32,1622,5,incluido,0.0
4,SVD,ajustado,838,66,1588,25,incluido,0.4
4,SVD,ajustado,839,45,1609,4,incluido,0.0
4,SVD,ajustado,840,153,1501,33,incluido,0.4
4,SVD,ajustado,841,22,1632,8,incluido,0.0
4,SVD,ajustado,842,22,1632,4,incluido,0.0
4,SVD,ajustado,843,163,1491,7,incluido,0.0
4,SVD,ajustado,844,68,1586,7,incluido,0.1
4,SVD,ajustado,845,26,1628,5,incluido,0.0
4,SVD,ajustado,846,315,1339,65,incluido,0.5
4,SVD,ajustado,847,121,1533,7,incluido,0.1
4,SVD,ajustado,848,114,1540,31,incluido,0.1
4,SVD,ajustado,849,19,1635,4,incluido,0.0
4,SVD,ajustado,850,40,1614,10,incluido,0.0
4,SVD,ajustado,851,167,1487,22,incluido,0.2
4,SVD,ajustado,852,32,1622,8,incluido,0.0
4,SVD,ajustado,853,28,1626,6,incluido,0.0
4,SVD,ajustado,854,172,1482,20,incluido,0.2
4,SVD,ajustado,855,16,1638,4,incluido,0.0
4,SVD,ajustado,856,19,1635,2,incluido,0.0
4,SVD,ajustado,857,15,1639,3,incluido,0.0
4,SVD,ajustado,858,20,1634,0,sem_relevante_elegivel,
4,SVD,ajustado,859,33,1621,5,incluido,0.0
4,SVD,ajustado,860,63,1591,4,incluido,0.0
4,SVD,ajustado,861,32,1622,11,incluido,0.0
4,SVD,ajustado,862,134,1520,26,incluido,0.1
4,SVD,ajustado,863,88,1566,9,incluido,0.0
4,SVD,ajustado,864,238,1416,39,incluido,0.2
4,SVD,ajustado,865,56,1598,3,incluido,0.0
4,SVD,ajustado,866,16,1638,1,incluido,0.0
4,SVD,ajustado,867,78,1576,13,incluido,0.2
4,SVD,ajustado,868,166,1488,17,incluido,0.0
4,SVD,ajustado,869,36,1618,3,incluido,0.0
4,SVD,ajustado,870,224,1430,22,incluido,0.1
4,SVD,ajustado,871,96,1558,2,incluido,0.0
4,SVD,ajustado,872,58,1596,7,incluido,0.0
4,SVD,ajustado,873,14,1640,1,incluido,0.0
4,SVD,ajustado,874,28,1626,5,incluido,0.0
4,SVD,ajustado,875,69,1585,13,incluido,0.2
4,SVD,ajustado,876,17,1637,4,incluido,0.0
4,SVD,ajustado,877,67,1587,10,incluido,0.0
4,SVD,ajustado,878,105,1549,13,incluido,0.0
4,SVD,ajustado,879,26,1628,1,incluido,0.0
4,SVD,ajustado,880,292,1362,30,incluido,0.0
4,SVD,ajustado,881,200,1454,25,incluido,0.2
4,SVD,ajustado,882,112,1542,15,incluido,0.0
4,SVD,ajustado,883,217,1437,30,incluido,0.2
4,SVD,ajustado,884,37,1617,5,incluido,0.0
4,SVD,ajustado,885,82,1572,11,incluido,0.1
4,SVD,ajustado,886,189,1465,28,incluido,0.1
4,SVD,ajustado,887,135,1519,33,incluido,0.0
4,SVD,ajustado,888,16,1638,4,incluido,0.0
4,SVD,ajustado,889,261,1393,28,incluido,0.4
4,SVD,ajustado,890,98,1556,11,incluido,0.0
4,SVD,ajustado,891,39,1615,7,incluido,0.0
4,SVD,ajustado,892,179,1475,38,incluido,0.2
4,SVD,ajustado,893,44,1610,5,incluido,0.1
4,SVD,ajustado,894,191,1463,29,incluido,0.1
4,SVD,ajustado,895,12,1642,5,incluido,0.0
4,SVD,ajustado,896,288,1366,24,incluido,0.2
4,SVD,ajustado,897,146,1508,26,incluido,0.0
4,SVD,ajustado,898,23,1631,4,incluido,0.0
4,SVD,ajustado,899,112,1542,11,incluido,0.1
4,SVD,ajustado,900,39,1615,1,incluido,0.0
4,SVD,ajustado,901,98,1556,17,incluido,0.0
4,SVD,ajustado,902,40,1614,3,incluido,0.1
4,SVD,ajustado,903,103,1551,25,incluido,0.4
4,SVD,ajustado,904,36,1618,9,incluido,0.0
4,SVD,ajustado,905,31,1623,3,incluido,0.0
4,SVD,ajustado,906,32,1622,5,incluido,0.0
4,SVD,ajustado,907,121,1533,23,incluido,0.0
4,SVD,ajustado,908,56,1598,11,incluido,0.0
4,SVD,ajustado,909,19,1635,6,incluido,0.0
4,SVD,ajustado,910,46,1608,4,incluido,0.1
4,SVD,ajustado,911,75,1579,14,incluido,0.1
4,SVD,ajustado,912,37,1617,10,incluido,0.1
4,SVD,ajustado,913,112,1542,12,incluido,0.3
4,SVD,ajustado,914,16,1638,2,incluido,0.0
4,SVD,ajustado,915,18,1636,4,incluido,0.0
4,SVD,ajustado,916,249,1405,23,incluido,0.1
4,SVD,ajustado,917,28,1626,5,incluido,0.0
4,SVD,ajustado,918,82,1572,9,incluido,0.0
4,SVD,ajustado,919,171,1483,22,incluido,0.0
4,SVD,ajustado,920,21,1633,3,incluido,0.0
4,SVD,ajustado,921,83,1571,9,incluido,0.2
4,SVD,ajustado,922,112,1542,9,incluido,0.0
4,SVD,ajustado,923,62,1592,10,incluido,0.0
4,SVD,ajustado,924,65,1589,8,incluido,0.1
4,SVD,ajustado,925,27,1627,2,incluido,0.0
4,SVD,ajustado,926,16,1638,1,incluido,0.0
4,SVD,ajustado,927,93,1561,19,incluido,0.0
4,SVD,ajustado,928,29,1625,3,incluido,0.0
4,SVD,ajustado,929,38,1616,8,incluido,0.1
4,SVD,ajustado,930,44,1610,6,incluido,0.0
4,SVD,ajustado,931,44,1610,10,incluido,0.0
4,SVD,ajustado,932,194,1460,39,incluido,0.4
4,SVD,ajustado,933,149,1505,10,incluido,0.1
4,SVD,ajustado,934,136,1518,24,incluido,0.0
4,SVD,ajustado,935,31,1623,7,incluido,0.0
4,SVD,ajustado,936,118,1536,18,incluido,0.0
4,SVD,ajustado,937,34,1620,4,incluido,0.0
4,SVD,ajustado,938,89,1565,9,incluido,0.0
4,SVD,ajustado,939,40,1614,7,incluido,0.0
4,SVD,ajustado,940,89,1565,11,incluido,0.1
4,SVD,ajustado,941,17,1637,4,incluido,0.0
4,SVD,ajustado,942,64,1590,13,incluido,0.2
4,SVD,ajustado,943,142,1512,14,incluido,0.0
5,SVD,inicial,1,229,1421,30,incluido,0.4
5,SVD,inicial,2,47,1603,12,incluido,0.0
5,SVD,inicial,3,42,1608,4,incluido,0.0
5,SVD,inicial,4,22,1628,2,incluido,0.0
5,SVD,inicial,5,148,1502,8,incluido,0.0
5,SVD,inicial,6,178,1472,20,incluido,0.2
5,SVD,inicial,7,314,1336,61,incluido,0.2
5,SVD,inicial,8,48,1602,8,incluido,0.1
5,SVD,inicial,9,15,1635,6,incluido,0.0
5,SVD,inicial,10,149,1501,32,incluido,0.5
5,SVD,inicial,11,143,1507,19,incluido,0.1
5,SVD,inicial,12,39,1611,11,incluido,0.0
5,SVD,inicial,13,513,1137,47,incluido,0.2
5,SVD,inicial,14,83,1567,11,incluido,0.1
5,SVD,inicial,15,92,1558,5,incluido,0.0
5,SVD,inicial,16,114,1536,24,incluido,0.1
5,SVD,inicial,17,20,1630,6,incluido,0.0
5,SVD,inicial,18,217,1433,41,incluido,0.5
5,SVD,inicial,19,19,1631,1,incluido,0.0
5,SVD,inicial,20,37,1613,3,incluido,0.0
5,SVD,inicial,21,142,1508,10,incluido,0.0
5,SVD,inicial,22,103,1547,14,incluido,0.1
5,SVD,inicial,23,121,1529,17,incluido,0.0
5,SVD,inicial,24,46,1604,19,incluido,0.3
5,SVD,inicial,25,64,1586,11,incluido,0.3
5,SVD,inicial,26,78,1572,5,incluido,0.0
5,SVD,inicial,27,25,1625,0,sem_relevante_elegivel,
5,SVD,inicial,28,69,1581,3,incluido,0.0
5,SVD,inicial,29,21,1629,10,incluido,0.0
5,SVD,inicial,30,32,1618,9,incluido,0.0
5,SVD,inicial,31,28,1622,6,incluido,0.0
5,SVD,inicial,32,33,1617,4,incluido,0.0
5,SVD,inicial,33,18,1632,4,incluido,0.1
5,SVD,inicial,34,14,1636,4,incluido,0.0
5,SVD,inicial,35,18,1632,2,incluido,0.0
5,SVD,inicial,36,17,1633,1,incluido,0.0
5,SVD,inicial,37,51,1599,4,incluido,0.0
5,SVD,inicial,38,101,1549,11,incluido,0.1
5,SVD,inicial,39,19,1631,2,incluido,0.0
5,SVD,inicial,40,30,1620,0,sem_relevante_elegivel,
5,SVD,inicial,41,46,1604,4,incluido,0.0
5,SVD,inicial,42,135,1515,29,incluido,0.1
5,SVD,inicial,43,164,1486,43,incluido,0.3
5,SVD,inicial,44,114,1536,24,incluido,0.3
5,SVD,inicial,45,40,1610,5,incluido,0.0
5,SVD,inicial,46,22,1628,4,incluido,0.0
5,SVD,inicial,47,23,1627,1,incluido,0.0
5,SVD,inicial,48,49,1601,11,incluido,0.1
5,SVD,inicial,49,162,1488,11,incluido,0.0
5,SVD,inicial,50,18,1632,3,incluido,0.0
5,SVD,inicial,51,18,1632,4,incluido,0.2
5,SVD,inicial,52,44,1606,10,incluido,0.0
5,SVD,inicial,53,22,1628,3,incluido,0.1
5,SVD,inicial,54,53,1597,3,incluido,0.0
5,SVD,inicial,55,17,1633,3,incluido,0.0
5,SVD,inicial,56,142,1508,31,incluido,0.4
5,SVD,inicial,57,87,1563,11,incluido,0.1
5,SVD,inicial,58,126,1524,20,incluido,0.2
5,SVD,inicial,59,290,1360,66,incluido,0.4
5,SVD,inicial,60,173,1477,32,incluido,0.2
5,SVD,inicial,61,17,1633,2,incluido,0.0
5,SVD,inicial,62,193,1457,17,incluido,0.2
5,SVD,inicial,63,67,1583,10,incluido,0.1
5,SVD,inicial,64,165,1485,19,incluido,0.0
5,SVD,inicial,65,61,1589,15,incluido,0.1
5,SVD,inicial,66,32,1618,4,incluido,0.1
5,SVD,inicial,67,23,1627,4,incluido,0.0
5,SVD,inicial,68,30,1620,2,incluido,0.0
5,SVD,inicial,69,49,1601,11,incluido,0.1
5,SVD,inicial,70,104,1546,15,incluido,0.2
5,SVD,inicial,71,31,1619,4,incluido,0.0
5,SVD,inicial,72,110,1540,17,incluido,0.2
5,SVD,inicial,73,54,1596,9,incluido,0.2
5,SVD,inicial,74,34,1616,3,incluido,0.0
5,SVD,inicial,75,67,1583,6,incluido,0.0
5,SVD,inicial,76,65,1585,10,incluido,0.0
5,SVD,inicial,77,57,1593,8,incluido,0.0
5,SVD,inicial,78,17,1633,2,incluido,0.0
5,SVD,inicial,79,43,1607,9,incluido,0.1
5,SVD,inicial,80,21,1629,5,incluido,0.1
5,SVD,inicial,81,46,1604,8,incluido,0.0
5,SVD,inicial,82,139,1511,15,incluido,0.2
5,SVD,inicial,83,124,1526,17,incluido,0.2
5,SVD,inicial,84,57,1593,8,incluido,0.1
5,SVD,inicial,85,231,1419,26,incluido,0.2
5,SVD,inicial,86,20,1630,2,incluido,0.0
5,SVD,inicial,87,177,1473,18,incluido,0.0
5,SVD,inicial,88,15,1635,3,incluido,0.0
5,SVD,inicial,89,63,1587,9,incluido,0.0
5,SVD,inicial,90,234,1416,52,incluido,0.2
5,SVD,inicial,91,74,1576,20,incluido,0.2
5,SVD,inicial,92,313,1337,32,incluido,0.1
5,SVD,inicial,93,16,1634,1,incluido,0.0
5,SVD,inicial,94,323,1327,44,incluido,0.2
5,SVD,inicial,95,227,1423,23,incluido,0.1
5,SVD,inicial,96,46,1604,8,incluido,0.1
5,SVD,inicial,97,50,1600,8,incluido,0.1
5,SVD,inicial,98,21,1629,1,incluido,0.0
5,SVD,inicial,99,111,1539,13,incluido,0.0
5,SVD,inicial,100,47,1603,6,incluido,0.1
5,SVD,inicial,101,55,1595,2,incluido,0.0
5,SVD,inicial,102,165,1485,5,incluido,0.0
5,SVD,inicial,103,23,1627,2,incluido,0.0
5,SVD,inicial,104,87,1563,5,incluido,0.0
5,SVD,inicial,105,18,1632,2,incluido,0.0
5,SVD,inicial,106,56,1594,7,incluido,0.1
5,SVD,inicial,107,18,1632,1,incluido,0.0
5,SVD,inicial,108,25,1625,2,incluido,0.1
5,SVD,inicial,109,173,1477,32,incluido,0.3
5,SVD,inicial,110,113,1537,8,incluido,0.1
5,SVD,inicial,111,18,1632,2,incluido,0.0
5,SVD,inicial,112,41,1609,4,incluido,0.0
5,SVD,inicial,113,44,1606,2,incluido,0.0
5,SVD,inicial,114,33,1617,7,incluido,0.0
5,SVD,inicial,115,72,1578,14,incluido,0.0
5,SVD,inicial,116,115,1535,12,incluido,0.0
5,SVD,inicial,117,77,1573,3,incluido,0.0
5,SVD,inicial,118,59,1591,11,incluido,0.0
5,SVD,inicial,119,136,1514,31,incluido,0.0
5,SVD,inicial,120,22,1628,4,incluido,0.0
5,SVD,inicial,121,59,1591,9,incluido,0.1
5,SVD,inicial,122,52,1598,8,incluido,0.1
5,SVD,inicial,123,47,1603,3,incluido,0.0
5,SVD,inicial,124,16,1634,3,incluido,0.0
5,SVD,inicial,125,144,1506,17,incluido,0.4
5,SVD,inicial,126,36,1614,4,incluido,0.0
5,SVD,inicial,127,18,1632,4,incluido,0.0
5,SVD,inicial,128,144,1506,24,incluido,0.2
5,SVD,inicial,129,23,1627,1,incluido,0.0
5,SVD,inicial,130,288,1362,49,incluido,0.2
5,SVD,inicial,131,25,1625,5,incluido,0.0
5,SVD,inicial,132,16,1634,1,incluido,0.0
5,SVD,inicial,133,18,1632,3,incluido,0.0
5,SVD,inicial,134,17,1633,5,incluido,0.1
5,SVD,inicial,135,45,1605,9,incluido,0.1
5,SVD,inicial,136,29,1621,5,incluido,0.0
5,SVD,inicial,137,36,1614,9,incluido,0.0
5,SVD,inicial,138,43,1607,8,incluido,0.1
5,SVD,inicial,139,17,1633,6,incluido,0.0
5,SVD,inicial,140,19,1631,2,incluido,0.0
5,SVD,inicial,141,82,1568,17,incluido,0.1
5,SVD,inicial,142,24,1626,7,incluido,0.1
5,SVD,inicial,143,16,1634,2,incluido,0.0
5,SVD,inicial,144,156,1494,33,incluido,0.4
5,SVD,inicial,145,249,1401,39,incluido,0.4
5,SVD,inicial,146,26,1624,2,incluido,0.0
5,SVD,inicial,147,15,1635,3,incluido,0.0
5,SVD,inicial,148,55,1595,7,incluido,0.2
5,SVD,inicial,149,31,1619,1,incluido,0.0
5,SVD,inicial,150,19,1631,11,incluido,0.1
5,SVD,inicial,151,253,1397,40,incluido,0.1
5,SVD,inicial,152,88,1562,11,incluido,0.1
5,SVD,inicial,153,17,1633,1,incluido,0.0
5,SVD,inicial,154,35,1615,11,incluido,0.0
5,SVD,inicial,155,17,1633,1,incluido,0.0
5,SVD,inicial,156,30,1620,5,incluido,0.0
5,SVD,inicial,157,39,1611,10,incluido,0.0
5,SVD,inicial,158,139,1511,21,incluido,0.0
5,SVD,inicial,159,76,1574,18,incluido,0.0
5,SVD,inicial,160,100,1550,17,incluido,0.2
5,SVD,inicial,161,50,1600,1,incluido,0.0
5,SVD,inicial,162,35,1615,3,incluido,0.0
5,SVD,inicial,163,17,1633,3,incluido,0.0
5,SVD,inicial,164,51,1599,9,incluido,0.0
5,SVD,inicial,165,22,1628,7,incluido,0.0
5,SVD,inicial,166,16,1634,1,incluido,0.1
5,SVD,inicial,167,51,1599,13,incluido,0.0
5,SVD,inicial,168,55,1595,8,incluido,0.0
5,SVD,inicial,169,23,1627,9,incluido,0.1
5,SVD,inicial,170,18,1632,1,incluido,0.0
5,SVD,inicial,171,25,1625,3,incluido,0.0
5,SVD,inicial,172,23,1627,2,incluido,0.0
5,SVD,inicial,173,29,1621,13,incluido,0.0
5,SVD,inicial,174,146,1504,21,incluido,0.2
5,SVD,inicial,175,34,1616,2,incluido,0.1
5,SVD,inicial,176,49,1601,8,incluido,0.0
5,SVD,inicial,177,94,1556,12,incluido,0.0
5,SVD,inicial,178,218,1432,39,incluido,0.5
5,SVD,inicial,179,33,1617,3,incluido,0.0
5,SVD,inicial,180,54,1596,5,incluido,0.0
5,SVD,inicial,181,357,1293,4,incluido,0.0
5,SVD,inicial,182,21,1629,2,incluido,0.0
5,SVD,inicial,183,43,1607,6,incluido,0.0
5,SVD,inicial,184,204,1446,25,incluido,0.2
5,SVD,inicial,185,39,1611,8,incluido,0.1
5,SVD,inicial,186,69,1581,10,incluido,0.0
5,SVD,inicial,187,45,1605,9,incluido,0.0
5,SVD,inicial,188,96,1554,12,incluido,0.0
5,SVD,inicial,189,154,1496,24,incluido,0.3
5,SVD,inicial,190,45,1605,7,incluido,0.0
5,SVD,inicial,191,26,1624,1,incluido,0.0
5,SVD,inicial,192,26,1624,6,incluido,0.0
5,SVD,inicial,193,102,1548,13,incluido,0.0
5,SVD,inicial,194,245,1405,16,incluido,0.2
5,SVD,inicial,195,73,1577,8,incluido,0.0
5,SVD,inicial,196,34,1616,3,incluido,0.0
5,SVD,inicial,197,96,1554,11,incluido,0.4
5,SVD,inicial,198,140,1510,14,incluido,0.2
5,SVD,inicial,199,29,1621,5,incluido,0.0
5,SVD,inicial,200,173,1477,30,incluido,0.3
5,SVD,inicial,201,307,1343,28,incluido,0.2
5,SVD,inicial,202,17,1633,0,sem_relevante_elegivel,
5,SVD,inicial,203,39,1611,2,incluido,0.0
5,SVD,inicial,204,41,1609,0,sem_relevante_elegivel,
5,SVD,inicial,205,17,1633,0,sem_relevante_elegivel,
5,SVD,inicial,206,51,1599,4,incluido,0.0
5,SVD,inicial,207,183,1467,14,incluido,0.1
5,SVD,inicial,208,24,1626,8,incluido,0.0
5,SVD,inicial,209,31,1619,1,incluido,0.0
5,SVD,inicial,210,107,1543,17,incluido,0.0
5,SVD,inicial,211,29,1621,2,incluido,0.0
5,SVD,inicial,212,23,1627,2,incluido,0.0
5,SVD,inicial,213,98,1552,25,incluido,0.5
5,SVD,inicial,214,105,1545,16,incluido,0.2
5,SVD,inicial,215,77,1573,11,incluido,0.0
5,SVD,inicial,216,108,1542,12,incluido,0.0
5,SVD,inicial,217,59,1591,6,incluido,0.0
5,SVD,inicial,218,44,1606,7,incluido,0.1
5,SVD,inicial,219,22,1628,3,incluido,0.0
5,SVD,inicial,220,18,1632,3,incluido,0.0
5,SVD,inicial,221,110,1540,25,incluido,0.1
5,SVD,inicial,222,313,1337,32,incluido,0.5
5,SVD,inicial,223,85,1565,8,incluido,0.0
5,SVD,inicial,224,111,1539,6,incluido,0.1
5,SVD,inicial,225,20,1630,7,incluido,0.0
5,SVD,inicial,226,47,1603,3,incluido,0.0
5,SVD,inicial,227,40,1610,12,incluido,0.0
5,SVD,inicial,228,18,1632,0,sem_relevante_elegivel,
5,SVD,inicial,229,24,1626,2,incluido,0.0
5,SVD,inicial,230,100,1550,27,incluido,0.2
5,SVD,inicial,231,15,1635,2,incluido,0.0
5,SVD,inicial,232,73,1577,14,incluido,0.2
5,SVD,inicial,233,91,1559,15,incluido,0.0
5,SVD,inicial,234,367,1283,40,incluido,0.5
5,SVD,inicial,235,80,1570,12,incluido,0.1
5,SVD,inicial,236,101,1549,12,incluido,0.0
5,SVD,inicial,237,40,1610,8,incluido,0.2
5,SVD,inicial,238,23,1627,2,incluido,0.0
5,SVD,inicial,239,127,1523,27,incluido,0.1
5,SVD,inicial,240,19,1631,3,incluido,0.0
5,SVD,inicial,241,18,1632,1,incluido,0.0
5,SVD,inicial,242,16,1634,4,incluido,0.0
5,SVD,inicial,243,64,1586,11,incluido,0.0
5,SVD,inicial,244,193,1457,35,incluido,0.0
5,SVD,inicial,245,16,1634,3,incluido,0.0
5,SVD,inicial,246,150,1500,15,incluido,0.1
5,SVD,inicial,247,21,1629,4,incluido,0.0
5,SVD,inicial,248,42,1608,6,incluido,0.1
5,SVD,inicial,249,140,1510,18,incluido,0.3
5,SVD,inicial,250,98,1552,16,incluido,0.0
5,SVD,inicial,251,62,1588,9,incluido,0.1
5,SVD,inicial,252,19,1631,2,incluido,0.0
5,SVD,inicial,253,77,1573,12,incluido,0.0
5,SVD,inicial,254,132,1518,10,incluido,0.1
5,SVD,inicial,255,64,1586,3,incluido,0.0
5,SVD,inicial,256,159,1491,33,incluido,0.2
5,SVD,inicial,257,48,1602,6,incluido,0.0
5,SVD,inicial,258,21,1629,0,sem_relevante_elegivel,
5,SVD,inicial,259,37,1613,4,incluido,0.0
5,SVD,inicial,260,19,1631,4,incluido,0.0
5,SVD,inicial,261,24,1626,2,incluido,0.0
5,SVD,inicial,262,128,1522,8,incluido,0.1
5,SVD,inicial,263,97,1553,21,incluido,0.1
5,SVD,inicial,264,90,1560,26,incluido,0.1
5,SVD,inicial,265,35,1615,5,incluido,0.0
5,SVD,inicial,266,16,1634,3,incluido,0.0
5,SVD,inicial,267,139,1511,28,incluido,0.1
5,SVD,inicial,268,271,1379,20,incluido,0.1
5,SVD,inicial,269,255,1395,30,incluido,0.4
5,SVD,inicial,270,100,1550,32,incluido,0.0
5,SVD,inicial,271,210,1440,38,incluido,0.4
5,SVD,inicial,272,41,1609,8,incluido,0.0
5,SVD,inicial,273,17,1633,3,incluido,0.0
5,SVD,inicial,274,60,1590,9,incluido,0.0
5,SVD,inicial,275,78,1572,5,incluido,0.0
5,SVD,inicial,276,418,1232,53,incluido,0.1
5,SVD,inicial,277,39,1611,10,incluido,0.0
5,SVD,inicial,278,18,1632,4,incluido,0.0
5,SVD,inicial,279,356,1294,32,incluido,0.1
5,SVD,inicial,280,204,1446,27,incluido,0.1
5,SVD,inicial,281,20,1630,1,incluido,0.0
5,SVD,inicial,282,12,1638,4,incluido,0.1
5,SVD,inicial,283,41,1609,11,incluido,0.0
5,SVD,inicial,284,36,1614,7,incluido,0.0
5,SVD,inicial,285,26,1624,5,incluido,0.0
5,SVD,inicial,286,228,1422,42,incluido,0.2
5,SVD,inicial,287,52,1598,8,incluido,0.0
5,SVD,inicial,288,65,1585,7,incluido,0.3
5,SVD,inicial,289,21,1629,2,incluido,0.0
5,SVD,inicial,290,123,1527,17,incluido,0.1
5,SVD,inicial,291,246,1404,31,incluido,0.1
5,SVD,inicial,292,97,1553,24,incluido,0.2
5,SVD,inicial,293,305,1345,23,incluido,0.1
5,SVD,inicial,294,113,1537,23,incluido,0.0
5,SVD,inicial,295,157,1493,35,incluido,0.1
5,SVD,inicial,296,120,1530,26,incluido,0.2
5,SVD,inicial,297,159,1491,21,incluido,0.1
5,SVD,inicial,298,100,1550,17,incluido,0.1
5,SVD,inicial,299,230,1420,22,incluido,0.2
5,SVD,inicial,300,18,1632,1,incluido,0.0
5,SVD,inicial,301,219,1431,34,incluido,0.1
5,SVD,inicial,302,16,1634,0,sem_relevante_elegivel,
5,SVD,inicial,303,368,1282,60,incluido,0.2
5,SVD,inicial,304,22,1628,1,incluido,0.0
5,SVD,inicial,305,180,1470,17,incluido,0.3
5,SVD,inicial,306,31,1619,1,incluido,0.0
5,SVD,inicial,307,87,1563,16,incluido,0.3
5,SVD,inicial,308,326,1324,48,incluido,0.4
5,SVD,inicial,309,16,1634,1,incluido,0.0
5,SVD,inicial,310,17,1633,3,incluido,0.0
5,SVD,inicial,311,239,1411,37,incluido,0.4
5,SVD,inicial,312,180,1470,33,incluido,0.2
5,SVD,inicial,313,219,1431,21,incluido,0.3
5,SVD,inicial,314,200,1450,32,incluido,0.1
5,SVD,inicial,315,73,1577,12,incluido,0.2
5,SVD,inicial,316,63,1587,8,incluido,0.1
5,SVD,inicial,317,18,1632,3,incluido,0.0
5,SVD,inicial,318,144,1506,22,incluido,0.2
5,SVD,inicial,319,15,1635,4,incluido,0.0
5,SVD,inicial,320,122,1528,21,incluido,0.0
5,SVD,inicial,321,102,1548,13,incluido,0.1
5,SVD,inicial,322,43,1607,7,incluido,0.0
5,SVD,inicial,323,73,1577,7,incluido,0.1
5,SVD,inicial,324,53,1597,12,incluido,0.0
5,SVD,inicial,325,118,1532,10,incluido,0.1
5,SVD,inicial,326,155,1495,16,incluido,0.2
5,SVD,inicial,327,234,1416,23,incluido,0.3
5,SVD,inicial,328,222,1428,19,incluido,0.2
5,SVD,inicial,329,50,1600,6,incluido,0.1
5,SVD,inicial,330,110,1540,34,incluido,0.2
5,SVD,inicial,331,58,1592,5,incluido,0.0
5,SVD,inicial,332,154,1496,22,incluido,0.0
5,SVD,inicial,333,20,1630,4,incluido,0.0
5,SVD,inicial,334,277,1373,34,incluido,0.3
5,SVD,inicial,335,19,1631,2,incluido,0.0
5,SVD,inicial,336,98,1552,7,incluido,0.0
5,SVD,inicial,337,28,1622,4,incluido,0.0
5,SVD,inicial,338,60,1590,12,incluido,0.2
5,SVD,inicial,339,209,1441,33,incluido,0.3
5,SVD,inicial,340,36,1614,5,incluido,0.0
5,SVD,inicial,341,15,1635,4,incluido,0.0
5,SVD,inicial,342,169,1481,16,incluido,0.3
5,SVD,inicial,343,193,1457,28,incluido,0.4
5,SVD,inicial,344,151,1499,21,incluido,0.1
5,SVD,inicial,345,185,1465,23,incluido,0.0
5,SVD,inicial,346,155,1495,21,incluido,0.1
5,SVD,inicial,347,155,1495,27,incluido,0.1
5,SVD,inicial,348,43,1607,12,incluido,0.0
5,SVD,inicial,349,34,1616,2,incluido,0.0
5,SVD,inicial,350,42,1608,7,incluido,0.1
5,SVD,inicial,351,31,1619,9,incluido,0.0
5,SVD,inicial,352,33,1617,7,incluido,0.1
5,SVD,inicial,353,24,1626,1,incluido,0.0
5,SVD,inicial,354,194,1456,26,incluido,0.2
5,SVD,inicial,355,22,1628,4,incluido,0.0
5,SVD,inicial,356,17,1633,5,incluido,0.0
5,SVD,inicial,357,61,1589,11,incluido,0.0
5,SVD,inicial,358,35,1615,5,incluido,0.1
5,SVD,inicial,359,23,1627,1,incluido,0.1
5,SVD,inicial,360,82,1568,14,incluido,0.1
5,SVD,inicial,361,90,1560,26,incluido,0.1
5,SVD,inicial,362,19,1631,2,incluido,0.0
5,SVD,inicial,363,249,1401,24,incluido,0.1
5,SVD,inicial,364,17,1633,2,incluido,0.0
5,SVD,inicial,365,45,1605,5,incluido,0.0
5,SVD,inicial,366,26,1624,6,incluido,0.0
5,SVD,inicial,367,42,1608,15,incluido,0.0
5,SVD,inicial,368,34,1616,3,incluido,0.0
5,SVD,inicial,369,19,1631,2,incluido,0.0
5,SVD,inicial,370,59,1591,13,incluido,0.0
5,SVD,inicial,371,42,1608,4,incluido,0.0
5,SVD,inicial,372,58,1592,7,incluido,0.0
5,SVD,inicial,373,176,1474,44,incluido,0.3
5,SVD,inicial,374,225,1425,19,incluido,0.0
5,SVD,inicial,375,23,1627,3,incluido,0.0
5,SVD,inicial,376,24,1626,4,incluido,0.1
5,SVD,inicial,377,25,1625,5,incluido,0.0
5,SVD,inicial,378,306,1344,31,incluido,0.0
5,SVD,inicial,379,162,1488,23,incluido,0.4
5,SVD,inicial,380,135,1515,8,incluido,0.1
5,SVD,inicial,381,107,1543,15,incluido,0.1
5,SVD,inicial,382,38,1612,8,incluido,0.0
5,SVD,inicial,383,60,1590,10,incluido,0.0
5,SVD,inicial,384,16,1634,6,incluido,0.0
5,SVD,inicial,385,227,1423,28,incluido,0.4
5,SVD,inicial,386,20,1630,2,incluido,0.1
5,SVD,inicial,387,235,1415,39,incluido,0.4
5,SVD,inicial,388,38,1612,10,incluido,0.0
5,SVD,inicial,389,214,1436,35,incluido,0.4
5,SVD,inicial,390,28,1622,2,incluido,0.0
5,SVD,inicial,391,96,1554,13,incluido,0.0
5,SVD,inicial,392,84,1566,19,incluido,0.0
5,SVD,inicial,393,357,1293,39,incluido,0.0
5,SVD,inicial,394,123,1527,15,incluido,0.1
5,SVD,inicial,395,46,1604,6,incluido,0.1
5,SVD,inicial,396,42,1608,6,incluido,0.0
5,SVD,inicial,397,81,1569,13,incluido,0.0
5,SVD,inicial,398,131,1519,20,incluido,0.1
5,SVD,inicial,399,244,1406,15,incluido,0.0
5,SVD,inicial,400,18,1632,1,incluido,0.0
5,SVD,inicial,401,120,1530,14,incluido,0.4
5,SVD,inicial,402,58,1592,7,incluido,0.0
5,SVD,inicial,403,40,1610,8,incluido,0.0
5,SVD,inicial,404,34,1616,3,incluido,0.0
5,SVD,inicial,405,600,1050,16,incluido,0.4
5,SVD,inicial,406,279,1371,39,incluido,0.5
5,SVD,inicial,407,173,1477,35,incluido,0.4
5,SVD,inicial,408,20,1630,3,incluido,0.0
5,SVD,inicial,409,172,1478,22,incluido,0.2
5,SVD,inicial,410,21,1629,2,incluido,0.1
5,SVD,inicial,411,51,1599,3,incluido,0.0
5,SVD,inicial,412,42,1608,8,incluido,0.2
5,SVD,inicial,413,41,1609,6,incluido,0.0
5,SVD,inicial,414,20,1630,2,incluido,0.0
5,SVD,inicial,415,21,1629,2,incluido,0.0
5,SVD,inicial,416,396,1254,62,incluido,0.5
5,SVD,inicial,417,290,1360,29,incluido,0.1
5,SVD,inicial,418,14,1636,1,incluido,0.0
5,SVD,inicial,419,31,1619,1,incluido,0.0
5,SVD,inicial,420,31,1619,3,incluido,0.1
5,SVD,inicial,421,49,1601,10,incluido,0.2
5,SVD,inicial,422,81,1569,12,incluido,0.0
5,SVD,inicial,423,50,1600,8,incluido,0.0
5,SVD,inicial,424,34,1616,3,incluido,0.0
5,SVD,inicial,425,155,1495,20,incluido,0.1
5,SVD,inicial,426,71,1579,19,incluido,0.2
5,SVD,inicial,427,23,1627,8,incluido,0.0
5,SVD,inicial,428,46,1604,7,incluido,0.0
5,SVD,inicial,429,344,1306,31,incluido,0.2
5,SVD,inicial,430,51,1599,8,incluido,0.1
5,SVD,inicial,431,17,1633,1,incluido,0.0
5,SVD,inicial,432,50,1600,5,incluido,0.0
5,SVD,inicial,433,33,1617,3,incluido,0.0
5,SVD,inicial,434,34,1616,4,incluido,0.0
5,SVD,inicial,435,299,1351,35,incluido,0.3
5,SVD,inicial,436,122,1528,13,incluido,0.1
5,SVD,inicial,437,214,1436,29,incluido,0.3
5,SVD,inicial,438,23,1627,10,incluido,0.0
5,SVD,inicial,439,26,1624,2,incluido,0.0
5,SVD,inicial,440,35,1615,15,incluido,0.1
5,SVD,inicial,441,17,1633,2,incluido,0.0
5,SVD,inicial,442,113,1537,10,incluido,0.0
5,SVD,inicial,443,20,1630,3,incluido,0.0
5,SVD,inicial,444,19,1631,5,incluido,0.0
5,SVD,inicial,445,109,1541,3,incluido,0.0
5,SVD,inicial,446,29,1621,2,incluido,0.0
5,SVD,inicial,447,113,1537,16,incluido,0.2
5,SVD,inicial,448,26,1624,9,incluido,0.1
5,SVD,inicial,449,63,1587,8,incluido,0.0
5,SVD,inicial,450,437,1213,71,incluido,0.5
5,SVD,inicial,451,77,1573,7,incluido,0.0
5,SVD,inicial,452,160,1490,22,incluido,0.2
5,SVD,inicial,453,116,1534,19,incluido,0.1
5,SVD,inicial,454,190,1460,15,incluido,0.3
5,SVD,inicial,455,151,1499,16,incluido,0.1
5,SVD,inicial,456,187,1463,19,incluido,0.1
5,SVD,inicial,457,206,1444,54,incluido,0.5
5,SVD,inicial,458,143,1507,30,incluido,0.2
5,SVD,inicial,459,95,1555,12,incluido,0.0
5,SVD,inicial,460,62,1588,1,incluido,0.0
5,SVD,inicial,461,18,1632,3,incluido,0.0
5,SVD,inicial,462,27,1623,4,incluido,0.0
5,SVD,inicial,463,110,1540,9,incluido,0.1
5,SVD,inicial,464,39,1611,12,incluido,0.1
5,SVD,inicial,465,59,1591,9,incluido,0.3
5,SVD,inicial,466,78,1572,14,incluido,0.0
5,SVD,inicial,467,33,1617,8,incluido,0.0
5,SVD,inicial,468,113,1537,18,incluido,0.1
5,SVD,inicial,469,35,1615,8,incluido,0.0
5,SVD,inicial,470,52,1598,3,incluido,0.0
5,SVD,inicial,471,22,1628,4,incluido,0.0
5,SVD,inicial,472,217,1433,34,incluido,0.0
5,SVD,inicial,473,26,1624,8,incluido,0.0
5,SVD,inicial,474,268,1382,51,incluido,0.5
5,SVD,inicial,475,18,1632,2,incluido,0.0
5,SVD,inicial,476,70,1580,8,incluido,0.0
5,SVD,inicial,477,27,1623,8,incluido,0.0
5,SVD,inicial,478,93,1557,10,incluido,0.0
5,SVD,inicial,479,162,1488,22,incluido,0.0
5,SVD,inicial,480,49,1601,7,incluido,0.1
5,SVD,inicial,481,44,1606,7,incluido,0.1
5,SVD,inicial,482,23,1627,2,incluido,0.0
5,SVD,inicial,483,48,1602,3,incluido,0.0
5,SVD,inicial,484,105,1545,27,incluido,0.2
5,SVD,inicial,485,21,1629,0,sem_relevante_elegivel,
5,SVD,inicial,486,149,1501,16,incluido,0.2
5,SVD,inicial,487,188,1462,24,incluido,0.1
5,SVD,inicial,488,129,1521,13,incluido,0.1
5,SVD,inicial,489,82,1568,14,incluido,0.0
5,SVD,inicial,490,49,1601,3,incluido,0.0
5,SVD,inicial,491,24,1626,6,incluido,0.2
5,SVD,inicial,492,44,1606,9,incluido,0.0
5,SVD,inicial,493,114,1536,13,incluido,0.1
5,SVD,inicial,494,37,1613,8,incluido,0.2
5,SVD,inicial,495,171,1479,31,incluido,0.2
5,SVD,inicial,496,105,1545,8,incluido,0.0
5,SVD,inicial,497,226,1424,17,incluido,0.1
5,SVD,inicial,498,125,1525,12,incluido,0.0
5,SVD,inicial,499,85,1565,12,incluido,0.2
5,SVD,inicial,500,186,1464,18,incluido,0.1
5,SVD,inicial,501,57,1593,10,incluido,0.0
5,SVD,inicial,502,27,1623,4,incluido,0.0
5,SVD,inicial,503,129,1521,22,incluido,0.4
5,SVD,inicial,504,210,1440,30,incluido,0.0
5,SVD,inicial,505,92,1558,10,incluido,0.0
5,SVD,inicial,506,196,1454,33,incluido,0.2
5,SVD,inicial,507,54,1596,4,incluido,0.0
5,SVD,inicial,508,74,1576,10,incluido,0.0
5,SVD,inicial,509,29,1621,2,incluido,0.0
5,SVD,inicial,510,23,1627,1,incluido,0.0
5,SVD,inicial,511,23,1627,0,sem_relevante_elegivel,
5,SVD,inicial,512,15,1635,6,incluido,0.0
5,SVD,inicial,513,14,1636,8,incluido,0.0
5,SVD,inicial,514,158,1492,26,incluido,0.1
5,SVD,inicial,515,30,1620,4,incluido,0.0
5,SVD,inicial,516,17,1633,3,incluido,0.0
5,SVD,inicial,517,28,1622,6,incluido,0.0
5,SVD,inicial,518,65,1585,5,incluido,0.0
5,SVD,inicial,519,41,1609,5,incluido,0.0
5,SVD,inicial,520,18,1632,3,incluido,0.0
5,SVD,inicial,521,117,1533,7,incluido,0.0
5,SVD,inicial,522,24,1626,6,incluido,0.1
5,SVD,inicial,523,84,1566,12,incluido,0.0
5,SVD,inicial,524,248,1402,30,incluido,0.2
5,SVD,inicial,525,45,1605,5,incluido,0.0
5,SVD,inicial,526,49,1601,7,incluido,0.1
5,SVD,inicial,527,114,1536,18,incluido,0.2
5,SVD,inicial,528,42,1608,7,incluido,0.1
5,SVD,inicial,529,38,1612,3,incluido,0.0
5,SVD,inicial,530,37,1613,7,incluido,0.0
5,SVD,inicial,531,19,1631,6,incluido,0.0
5,SVD,inicial,532,216,1434,46,incluido,0.0
5,SVD,inicial,533,204,1446,26,incluido,0.1
5,SVD,inicial,534,59,1591,16,incluido,0.0
5,SVD,inicial,535,170,1480,33,incluido,0.0
5,SVD,inicial,536,131,1519,26,incluido,0.2
5,SVD,inicial,537,395,1255,25,incluido,0.3
5,SVD,inicial,538,66,1584,7,incluido,0.1
5,SVD,inicial,539,39,1611,14,incluido,0.0
5,SVD,inicial,540,55,1595,6,incluido,0.0
5,SVD,inicial,541,114,1536,15,incluido,0.0
5,SVD,inicial,542,111,1539,13,incluido,0.2
5,SVD,inicial,543,160,1490,17,incluido,0.1
5,SVD,inicial,544,24,1626,1,incluido,0.1
5,SVD,inicial,545,128,1522,12,incluido,0.0
5,SVD,inicial,546,43,1607,11,incluido,0.1
5,SVD,inicial,547,18,1632,2,incluido,0.0
5,SVD,inicial,548,121,1529,25,incluido,0.1
5,SVD,inicial,549,19,1631,3,incluido,0.0
5,SVD,inicial,550,33,1617,4,incluido,0.0
5,SVD,inicial,551,269,1381,45,incluido,0.3
5,SVD,inicial,552,59,1591,1,incluido,0.0
5,SVD,inicial,553,74,1576,23,incluido,0.2
5,SVD,inicial,554,84,1566,14,incluido,0.1
5,SVD,inicial,555,43,1607,7,incluido,0.0
5,SVD,inicial,556,34,1616,8,incluido,0.1
5,SVD,inicial,557,39,1611,7,incluido,0.0
5,SVD,inicial,558,16,1634,3,incluido,0.0
5,SVD,inicial,559,64,1586,7,incluido,0.0
5,SVD,inicial,560,81,1569,9,incluido,0.2
5,SVD,inicial,561,286,1364,26,incluido,0.2
5,SVD,inicial,562,57,1593,10,incluido,0.0
5,SVD,inicial,563,21,1629,6,incluido,0.0
5,SVD,inicial,564,28,1622,3,incluido,0.0
5,SVD,inicial,565,26,1624,9,incluido,0.0
5,SVD,inicial,566,114,1536,19,incluido,0.1
5,SVD,inicial,567,121,1529,30,incluido,0.2
5,SVD,inicial,568,65,1585,12,incluido,0.2
5,SVD,inicial,569,58,1592,6,incluido,0.0
5,SVD,inicial,570,19,1631,1,incluido,0.0
5,SVD,inicial,571,18,1632,1,incluido,0.1
5,SVD,inicial,572,15,1635,0,sem_relevante_elegivel,
5,SVD,inicial,573,40,1610,9,incluido,0.2
5,SVD,inicial,574,40,1610,2,incluido,0.0
5,SVD,inicial,575,20,1630,2,incluido,0.0
5,SVD,inicial,576,26,1624,5,incluido,0.0
5,SVD,inicial,577,140,1510,33,incluido,0.1
5,SVD,inicial,578,19,1631,1,incluido,0.0
5,SVD,inicial,579,58,1592,9,incluido,0.0
5,SVD,inicial,580,37,1613,4,incluido,0.0
5,SVD,inicial,581,20,1630,5,incluido,0.1
5,SVD,inicial,582,47,1603,12,incluido,0.0
5,SVD,inicial,583,26,1624,1,incluido,0.0
5,SVD,inicial,584,19,1631,4,incluido,0.0
5,SVD,inicial,585,63,1587,10,incluido,0.0
5,SVD,inicial,586,134,1516,14,incluido,0.0
5,SVD,inicial,587,79,1571,5,incluido,0.0
5,SVD,inicial,588,174,1476,35,incluido,0.2
5,SVD,inicial,589,33,1617,5,incluido,0.0
5,SVD,inicial,590,38,1612,7,incluido,0.0
5,SVD,inicial,591,63,1587,13,incluido,0.1
5,SVD,inicial,592,276,1374,60,incluido,0.3
5,SVD,inicial,593,130,1520,13,incluido,0.1
5,SVD,inicial,594,20,1630,3,incluido,0.0
5,SVD,inicial,595,79,1571,8,incluido,0.0
5,SVD,inicial,596,15,1635,3,incluido,0.0
5,SVD,inicial,597,38,1612,3,incluido,0.0
5,SVD,inicial,598,19,1631,2,incluido,0.0
5,SVD,inicial,599,38,1612,8,incluido,0.0
5,SVD,inicial,600,69,1581,9,incluido,0.0
5,SVD,inicial,601,116,1534,14,incluido,0.0
5,SVD,inicial,602,23,1627,6,incluido,0.0
5,SVD,inicial,603,39,1611,5,incluido,0.0
5,SVD,inicial,604,19,1631,3,incluido,0.0
5,SVD,inicial,605,77,1573,9,incluido,0.1
5,SVD,inicial,606,185,1465,36,incluido,0.0
5,SVD,inicial,607,34,1616,1,incluido,0.0
5,SVD,inicial,608,130,1520,23,incluido,0.3
5,SVD,inicial,609,19,1631,1,incluido,0.1
5,SVD,inicial,610,56,1594,13,incluido,0.1
5,SVD,inicial,611,32,1618,5,incluido,0.0
5,SVD,inicial,612,23,1627,2,incluido,0.0
5,SVD,inicial,613,22,1628,6,incluido,0.2
5,SVD,inicial,614,34,1616,1,incluido,0.0
5,SVD,inicial,615,80,1570,14,incluido,0.1
5,SVD,inicial,616,37,1613,5,incluido,0.0
5,SVD,inicial,617,91,1559,6,incluido,0.0
5,SVD,inicial,618,175,1475,14,incluido,0.0
5,SVD,inicial,619,73,1577,6,incluido,0.1
5,SVD,inicial,620,86,1564,15,incluido,0.0
5,SVD,inicial,621,139,1511,19,incluido,0.0
5,SVD,inicial,622,187,1463,21,incluido,0.2
5,SVD,inicial,623,38,1612,3,incluido,0.0
5,SVD,inicial,624,108,1542,22,incluido,0.1
5,SVD,inicial,625,79,1571,13,incluido,0.1
5,SVD,inicial,626,26,1624,0,sem_relevante_elegivel,
5,SVD,inicial,627,139,1511,19,incluido,0.1
5,SVD,inicial,628,19,1631,8,incluido,0.0
5,SVD,inicial,629,98,1552,15,incluido,0.1
5,SVD,inicial,630,84,1566,11,incluido,0.0
5,SVD,inicial,631,16,1634,2,incluido,0.0
5,SVD,inicial,632,89,1561,21,incluido,0.5
5,SVD,inicial,633,45,1605,6,incluido,0.1
5,SVD,inicial,634,111,1539,10,incluido,0.0
5,SVD,inicial,635,25,1625,2,incluido,0.0
5,SVD,inicial,636,16,1634,3,incluido,0.0
5,SVD,inicial,637,80,1570,5,incluido,0.1
5,SVD,inicial,638,50,1600,12,incluido,0.2
5,SVD,inicial,639,123,1527,10,incluido,0.0
5,SVD,inicial,640,89,1561,13,incluido,0.1
5,SVD,inicial,641,34,1616,5,incluido,0.1
5,SVD,inicial,642,250,1400,46,incluido,0.2
5,SVD,inicial,643,169,1481,22,incluido,0.3
5,SVD,inicial,644,36,1614,5,incluido,0.0
5,SVD,inicial,645,99,1551,16,incluido,0.0
5,SVD,inicial,646,30,1620,0,sem_relevante_elegivel,
5,SVD,inicial,647,45,1605,9,incluido,0.0
5,SVD,inicial,648,237,1413,26,incluido,0.2
5,SVD,inicial,649,19,1631,4,incluido,0.0
5,SVD,inicial,650,251,1399,17,incluido,0.1
5,SVD,inicial,651,14,1636,4,incluido,0.0
5,SVD,inicial,652,17,1633,3,incluido,0.0
5,SVD,inicial,653,229,1421,14,incluido,0.3
5,SVD,inicial,654,117,1533,20,incluido,0.1
5,SVD,inicial,655,551,1099,15,incluido,0.3
5,SVD,inicial,656,17,1633,1,incluido,0.0
5,SVD,inicial,657,20,1630,4,incluido,0.0
5,SVD,inicial,658,56,1594,11,incluido,0.0
5,SVD,inicial,659,155,1495,28,incluido,0.2
5,SVD,inicial,660,180,1470,9,incluido,0.1
5,SVD,inicial,661,99,1551,13,incluido,0.4
5,SVD,inicial,662,17,1633,4,incluido,0.0
5,SVD,inicial,663,127,1523,17,incluido,0.2
5,SVD,inicial,664,128,1522,21,incluido,0.3
5,SVD,inicial,665,104,1546,24,incluido,0.1
5,SVD,inicial,666,192,1458,32,incluido,0.4
5,SVD,inicial,667,38,1612,5,incluido,0.0
5,SVD,inicial,668,38,1612,5,incluido,0.0
5,SVD,inicial,669,82,1568,12,incluido,0.2
5,SVD,inicial,670,38,1612,5,incluido,0.0
5,SVD,inicial,671,96,1554,13,incluido,0.0
5,SVD,inicial,672,25,1625,4,incluido,0.0
5,SVD,inicial,673,30,1620,2,incluido,0.0
5,SVD,inicial,674,33,1617,5,incluido,0.0
5,SVD,inicial,675,29,1621,4,incluido,0.0
5,SVD,inicial,676,62,1588,6,incluido,0.0
5,SVD,inicial,677,41,1609,4,incluido,0.0
5,SVD,inicial,678,23,1627,2,incluido,0.1
5,SVD,inicial,679,46,1604,8,incluido,0.1
5,SVD,inicial,680,35,1615,3,incluido,0.2
5,SVD,inicial,681,18,1632,3,incluido,0.0
5,SVD,inicial,682,313,1337,35,incluido,0.2
5,SVD,inicial,683,60,1590,4,incluido,0.0
5,SVD,inicial,684,63,1587,16,incluido,0.3
5,SVD,inicial,685,17,1633,0,sem_relevante_elegivel,
5,SVD,inicial,686,61,1589,10,incluido,0.0
5,SVD,inicial,687,18,1632,1,incluido,0.0
5,SVD,inicial,688,14,1636,10,incluido,0.0
5,SVD,inicial,689,28,1622,5,incluido,0.1
5,SVD,inicial,690,88,1562,14,incluido,0.0
5,SVD,inicial,691,27,1623,5,incluido,0.0
5,SVD,inicial,692,32,1618,5,incluido,0.0
5,SVD,inicial,693,133,1517,6,incluido,0.1
5,SVD,inicial,694,124,1526,28,incluido,0.4
5,SVD,inicial,695,33,1617,2,incluido,0.0
5,SVD,inicial,696,23,1627,6,incluido,0.0
5,SVD,inicial,697,86,1564,16,incluido,0.0
5,SVD,inicial,698,108,1542,8,incluido,0.0
5,SVD,inicial,699,123,1527,8,incluido,0.0
5,SVD,inicial,700,18,1632,1,incluido,0.0
5,SVD,inicial,701,29,1621,3,incluido,0.0
5,SVD,inicial,702,26,1624,1,incluido,0.0
5,SVD,inicial,703,36,1614,8,incluido,0.0
5,SVD,inicial,704,71,1579,11,incluido,0.3
5,SVD,inicial,705,94,1556,13,incluido,0.1
5,SVD,inicial,706,21,1629,5,incluido,0.0
5,SVD,inicial,707,183,1467,23,incluido,0.0
5,SVD,inicial,708,86,1564,7,incluido,0.0
5,SVD,inicial,709,109,1541,15,incluido,0.0
5,SVD,inicial,710,77,1573,8,incluido,0.0
5,SVD,inicial,711,176,1474,32,incluido,0.1
5,SVD,inicial,712,133,1517,19,incluido,0.0
5,SVD,inicial,713,21,1629,4,incluido,0.0
5,SVD,inicial,714,40,1610,1,incluido,0.0
5,SVD,inicial,715,135,1515,17,incluido,0.2
5,SVD,inicial,716,208,1442,42,incluido,0.4
5,SVD,inicial,717,78,1572,12,incluido,0.0
5,SVD,inicial,718,31,1619,3,incluido,0.0
5,SVD,inicial,719,54,1596,8,incluido,0.0
5,SVD,inicial,720,27,1623,3,incluido,0.0
5,SVD,inicial,721,140,1510,13,incluido,0.0
5,SVD,inicial,722,34,1616,5,incluido,0.0
5,SVD,inicial,723,17,1633,1,incluido,0.0
5,SVD,inicial,724,67,1583,3,incluido,0.0
5,SVD,inicial,725,21,1629,1,incluido,0.0
5,SVD,inicial,726,18,1632,5,incluido,0.0
5,SVD,inicial,727,248,1402,25,incluido,0.0
5,SVD,inicial,728,20,1630,3,incluido,0.0
5,SVD,inicial,729,16,1634,2,incluido,0.0
5,SVD,inicial,730,31,1619,3,incluido,0.0
5,SVD,inicial,731,64,1586,10,incluido,0.0
5,SVD,inicial,732,17,1633,2,incluido,0.0
5,SVD,inicial,733,84,1566,7,incluido,0.0
5,SVD,inicial,734,47,1603,10,incluido,0.1
5,SVD,inicial,735,34,1616,10,incluido,0.1
5,SVD,inicial,736,20,1630,1,incluido,0.0
5,SVD,inicial,737,26,1624,6,incluido,0.1
5,SVD,inicial,738,111,1539,25,incluido,0.3
5,SVD,inicial,739,26,1624,4,incluido,0.1
5,SVD,inicial,740,17,1633,1,incluido,0.0
5,SVD,inicial,741,86,1564,12,incluido,0.1
5,SVD,inicial,742,22,1628,1,incluido,0.0
5,SVD,inicial,743,27,1623,4,incluido,0.0
5,SVD,inicial,744,21,1629,4,incluido,0.1
5,SVD,inicial,745,47,1603,4,incluido,0.1
5,SVD,inicial,746,58,1592,6,incluido,0.0
5,SVD,inicial,747,244,1406,37,incluido,0.5
5,SVD,inicial,748,85,1565,15,incluido,0.3
5,SVD,inicial,749,242,1408,35,incluido,0.1
5,SVD,inicial,750,27,1623,4,incluido,0.0
5,SVD,inicial,751,134,1516,22,incluido,0.1
5,SVD,inicial,752,53,1597,12,incluido,0.0
5,SVD,inicial,753,46,1604,7,incluido,0.0
5,SVD,inicial,754,26,1624,2,incluido,0.0
5,SVD,inicial,755,27,1623,6,incluido,0.0
5,SVD,inicial,756,89,1561,5,incluido,0.0
5,SVD,inicial,757,137,1513,14,incluido,0.0
5,SVD,inicial,758,285,1365,48,incluido,0.3
5,SVD,inicial,759,24,1626,5,incluido,0.0
5,SVD,inicial,760,35,1615,3,incluido,0.0
5,SVD,inicial,761,49,1601,8,incluido,0.0
5,SVD,inicial,762,18,1632,2,incluido,0.0
5,SVD,inicial,763,109,1541,13,incluido,0.0
5,SVD,inicial,764,94,1556,11,incluido,0.1
5,SVD,inicial,765,18,1632,4,incluido,0.0
5,SVD,inicial,766,141,1509,15,incluido,0.0
5,SVD,inicial,767,33,1617,4,incluido,0.1
5,SVD,inicial,768,51,1599,5,incluido,0.0
5,SVD,inicial,769,23,1627,1,incluido,0.0
5,SVD,inicial,770,50,1600,13,incluido,0.0
5,SVD,inicial,771,56,1594,11,incluido,0.0
5,SVD,inicial,772,28,1622,4,incluido,0.0
5,SVD,inicial,773,128,1522,16,incluido,0.1
5,SVD,inicial,774,179,1471,6,incluido,0.0
5,SVD,inicial,775,23,1627,3,incluido,0.0
5,SVD,inicial,776,76,1574,18,incluido,0.1
5,SVD,inicial,777,27,1623,6,incluido,0.0
5,SVD,inicial,778,47,1603,7,incluido,0.0
5,SVD,inicial,779,29,1621,4,incluido,0.0
5,SVD,inicial,780,46,1604,7,incluido,0.2
5,SVD,inicial,781,36,1614,3,incluido,0.0
5,SVD,inicial,782,185,1465,11,incluido,0.1
5,SVD,inicial,783,23,1627,4,incluido,0.0
5,SVD,inicial,784,30,1620,7,incluido,0.0
5,SVD,inicial,785,22,1628,5,incluido,0.0
5,SVD,inicial,786,85,1565,24,incluido,0.1
5,SVD,inicial,787,48,1602,2,incluido,0.0
5,SVD,inicial,788,193,1457,21,incluido,0.1
5,SVD,inicial,789,28,1622,3,incluido,0.0
5,SVD,inicial,790,187,1463,15,incluido,0.0
5,SVD,inicial,791,17,1633,5,incluido,0.1
5,SVD,inicial,792,36,1614,4,incluido,0.0
5,SVD,inicial,793,45,1605,7,incluido,0.1
5,SVD,inicial,794,30,1620,9,incluido,0.0
5,SVD,inicial,795,131,1519,6,incluido,0.0
5,SVD,inicial,796,294,1356,36,incluido,0.2
5,SVD,inicial,797,20,1630,1,incluido,0.1
5,SVD,inicial,798,197,1453,15,incluido,0.1
5,SVD,inicial,799,22,1628,2,incluido,0.0
5,SVD,inicial,800,21,1629,6,incluido,0.0
5,SVD,inicial,801,19,1631,7,incluido,0.1
5,SVD,inicial,802,58,1592,10,incluido,0.1
5,SVD,inicial,803,29,1621,2,incluido,0.0
5,SVD,inicial,804,266,1384,37,incluido,0.1
5,SVD,inicial,805,211,1439,30,incluido,0.3
5,SVD,inicial,806,110,1540,20,incluido,0.2
5,SVD,inicial,807,160,1490,31,incluido,0.3
5,SVD,inicial,808,17,1633,5,incluido,0.0
5,SVD,inicial,809,13,1637,2,incluido,0.0
5,SVD,inicial,810,21,1629,5,incluido,0.0
5,SVD,inicial,811,14,1636,6,incluido,0.0
5,SVD,inicial,812,11,1639,7,incluido,0.0
5,SVD,inicial,813,21,1629,3,incluido,0.0
5,SVD,inicial,814,26,1624,1,incluido,0.0
5,SVD,inicial,815,156,1494,17,incluido,0.1
5,SVD,inicial,816,21,1629,3,incluido,0.0
5,SVD,inicial,817,27,1623,6,incluido,0.0
5,SVD,inicial,818,15,1635,4,incluido,0.0
5,SVD,inicial,819,18,1632,8,incluido,0.1
5,SVD,inicial,820,18,1632,0,sem_relevante_elegivel,
5,SVD,inicial,821,49,1601,11,incluido,0.0
5,SVD,inicial,822,18,1632,2,incluido,0.0
5,SVD,inicial,823,153,1497,25,incluido,0.1
5,SVD,inicial,824,17,1633,0,sem_relevante_elegivel,
5,SVD,inicial,825,115,1535,17,incluido,0.0
5,SVD,inicial,826,93,1557,14,incluido,0.0
5,SVD,inicial,827,21,1629,3,incluido,0.0
5,SVD,inicial,828,81,1569,5,incluido,0.0
5,SVD,inicial,829,53,1597,10,incluido,0.0
5,SVD,inicial,830,84,1566,15,incluido,0.1
5,SVD,inicial,831,61,1589,6,incluido,0.1
5,SVD,inicial,832,19,1631,0,sem_relevante_elegivel,
5,SVD,inicial,833,215,1435,19,incluido,0.2
5,SVD,inicial,834,37,1613,13,incluido,0.0
5,SVD,inicial,835,81,1569,17,incluido,0.0
5,SVD,inicial,836,42,1608,6,incluido,0.0
5,SVD,inicial,837,31,1619,6,incluido,0.0
5,SVD,inicial,838,76,1574,15,incluido,0.3
5,SVD,inicial,839,47,1603,8,incluido,0.0
5,SVD,inicial,840,158,1492,30,incluido,0.3
5,SVD,inicial,841,25,1625,2,incluido,0.0
5,SVD,inicial,842,20,1630,5,incluido,0.0
5,SVD,inicial,843,166,1484,5,incluido,0.0
5,SVD,inicial,844,63,1587,7,incluido,0.0
5,SVD,inicial,845,19,1631,4,incluido,0.0
5,SVD,inicial,846,327,1323,50,incluido,0.2
5,SVD,inicial,847,116,1534,13,incluido,0.0
5,SVD,inicial,848,122,1528,22,incluido,0.1
5,SVD,inicial,849,19,1631,4,incluido,0.0
5,SVD,inicial,850,40,1610,9,incluido,0.1
5,SVD,inicial,851,166,1484,24,incluido,0.1
5,SVD,inicial,852,38,1612,6,incluido,0.1
5,SVD,inicial,853,32,1618,4,incluido,0.0
5,SVD,inicial,854,175,1475,19,incluido,0.0
5,SVD,inicial,855,19,1631,0,sem_relevante_elegivel,
5,SVD,inicial,856,21,1629,3,incluido,0.0
5,SVD,inicial,857,16,1634,3,incluido,0.0
5,SVD,inicial,858,13,1637,5,incluido,0.1
5,SVD,inicial,859,31,1619,5,incluido,0.0
5,SVD,inicial,860,55,1595,6,incluido,0.0
5,SVD,inicial,861,35,1615,6,incluido,0.0
5,SVD,inicial,862,135,1515,29,incluido,0.4
5,SVD,inicial,863,84,1566,14,incluido,0.1
5,SVD,inicial,864,234,1416,39,incluido,0.3
5,SVD,inicial,865,53,1597,3,incluido,0.0
5,SVD,inicial,866,12,1638,3,incluido,0.0
5,SVD,inicial,867,74,1576,17,incluido,0.0
5,SVD,inicial,868,172,1478,10,incluido,0.0
5,SVD,inicial,869,37,1613,4,incluido,0.0
5,SVD,inicial,870,200,1450,38,incluido,0.3
5,SVD,inicial,871,95,1555,8,incluido,0.0
5,SVD,inicial,872,60,1590,4,incluido,0.0
5,SVD,inicial,873,18,1632,0,sem_relevante_elegivel,
5,SVD,inicial,874,32,1618,2,incluido,0.0
5,SVD,inicial,875,73,1577,15,incluido,0.1
5,SVD,inicial,876,17,1633,4,incluido,0.0
5,SVD,inicial,877,68,1582,8,incluido,0.0
5,SVD,inicial,878,102,1548,14,incluido,0.0
5,SVD,inicial,879,21,1629,5,incluido,0.0
5,SVD,inicial,880,299,1351,38,incluido,0.3
5,SVD,inicial,881,208,1442,28,incluido,0.2
5,SVD,inicial,882,111,1539,18,incluido,0.0
5,SVD,inicial,883,221,1429,32,incluido,0.2
5,SVD,inicial,884,32,1618,9,incluido,0.0
5,SVD,inicial,885,81,1569,7,incluido,0.0
5,SVD,inicial,886,186,1464,30,incluido,0.4
5,SVD,inicial,887,135,1515,24,incluido,0.0
5,SVD,inicial,888,18,1632,2,incluido,0.0
5,SVD,inicial,889,263,1387,31,incluido,0.5
5,SVD,inicial,890,94,1556,16,incluido,0.0
5,SVD,inicial,891,39,1611,6,incluido,0.0
5,SVD,inicial,892,187,1463,29,incluido,0.2
5,SVD,inicial,893,47,1603,2,incluido,0.0
5,SVD,inicial,894,195,1455,27,incluido,0.0
5,SVD,inicial,895,20,1630,0,sem_relevante_elegivel,
5,SVD,inicial,896,298,1352,26,incluido,0.4
5,SVD,inicial,897,153,1497,19,incluido,0.0
5,SVD,inicial,898,24,1626,4,incluido,0.0
5,SVD,inicial,899,108,1542,15,incluido,0.0
5,SVD,inicial,900,35,1615,3,incluido,0.0
5,SVD,inicial,901,99,1551,17,incluido,0.1
5,SVD,inicial,902,42,1608,1,incluido,0.0
5,SVD,inicial,903,101,1549,25,incluido,0.2
5,SVD,inicial,904,41,1609,3,incluido,0.0
5,SVD,inicial,905,34,1616,2,incluido,0.0
5,SVD,inicial,906,32,1618,7,incluido,0.0
5,SVD,inicial,907,119,1531,28,incluido,0.0
5,SVD,inicial,908,58,1592,9,incluido,0.0
5,SVD,inicial,909,23,1627,3,incluido,0.0
5,SVD,inicial,910,50,1600,5,incluido,0.0
5,SVD,inicial,911,82,1568,11,incluido,0.1
5,SVD,inicial,912,46,1604,5,incluido,0.0
5,SVD,inicial,913,110,1540,9,incluido,0.1
5,SVD,inicial,914,21,1629,1,incluido,0.0
5,SVD,inicial,915,19,1631,2,incluido,0.0
5,SVD,inicial,916,262,1388,29,incluido,0.1
5,SVD,inicial,917,31,1619,2,incluido,0.0
5,SVD,inicial,918,86,1564,7,incluido,0.1
5,SVD,inicial,919,169,1481,20,incluido,0.1
5,SVD,inicial,920,22,1628,2,incluido,0.0
5,SVD,inicial,921,77,1573,13,incluido,0.0
5,SVD,inicial,922,97,1553,13,incluido,0.0
5,SVD,inicial,923,63,1587,10,incluido,0.1
5,SVD,inicial,924,70,1580,7,incluido,0.3
5,SVD,inicial,925,24,1626,2,incluido,0.0
5,SVD,inicial,926,17,1633,1,incluido,0.0
5,SVD,inicial,927,96,1554,12,incluido,0.0
5,SVD,inicial,928,23,1627,7,incluido,0.2
5,SVD,inicial,929,40,1610,7,incluido,0.1
5,SVD,inicial,930,54,1596,3,incluido,0.0
5,SVD,inicial,931,49,1601,11,incluido,0.1
5,SVD,inicial,932,191,1459,39,incluido,0.4
5,SVD,inicial,933,134,1516,15,incluido,0.0
5,SVD,inicial,934,131,1519,32,incluido,0.0
5,SVD,inicial,935,32,1618,5,incluido,0.1
5,SVD,inicial,936,117,1533,19,incluido,0.0
5,SVD,inicial,937,34,1616,5,incluido,0.1
5,SVD,inicial,938,82,1568,10,incluido,0.0
5,SVD,inicial,939,37,1613,10,incluido,0.0
5,SVD,inicial,940,79,1571,14,incluido,0.1
5,SVD,inicial,941,16,1634,4,incluido,0.0
5,SVD,inicial,942,62,1588,16,incluido,0.2
5,SVD,inicial,943,136,1514,17,incluido,0.0
5,SVD,ajustado,1,229,1421,30,incluido,0.2
5,SVD,ajustado,2,47,1603,12,incluido,0.0
5,SVD,ajustado,3,42,1608,4,incluido,0.0
5,SVD,ajustado,4,22,1628,2,incluido,0.0
5,SVD,ajustado,5,148,1502,8,incluido,0.0
5,SVD,ajustado,6,178,1472,20,incluido,0.2
5,SVD,ajustado,7,314,1336,61,incluido,0.5
5,SVD,ajustado,8,48,1602,8,incluido,0.1
5,SVD,ajustado,9,15,1635,6,incluido,0.0
5,SVD,ajustado,10,149,1501,32,incluido,0.3
5,SVD,ajustado,11,143,1507,19,incluido,0.1
5,SVD,ajustado,12,39,1611,11,incluido,0.0
5,SVD,ajustado,13,513,1137,47,incluido,0.2
5,SVD,ajustado,14,83,1567,11,incluido,0.1
5,SVD,ajustado,15,92,1558,5,incluido,0.0
5,SVD,ajustado,16,114,1536,24,incluido,0.1
5,SVD,ajustado,17,20,1630,6,incluido,0.0
5,SVD,ajustado,18,217,1433,41,incluido,0.6
5,SVD,ajustado,19,19,1631,1,incluido,0.0
5,SVD,ajustado,20,37,1613,3,incluido,0.0
5,SVD,ajustado,21,142,1508,10,incluido,0.1
5,SVD,ajustado,22,103,1547,14,incluido,0.0
5,SVD,ajustado,23,121,1529,17,incluido,0.0
5,SVD,ajustado,24,46,1604,19,incluido,0.2
5,SVD,ajustado,25,64,1586,11,incluido,0.3
5,SVD,ajustado,26,78,1572,5,incluido,0.0
5,SVD,ajustado,27,25,1625,0,sem_relevante_elegivel,
5,SVD,ajustado,28,69,1581,3,incluido,0.0
5,SVD,ajustado,29,21,1629,10,incluido,0.1
5,SVD,ajustado,30,32,1618,9,incluido,0.0
5,SVD,ajustado,31,28,1622,6,incluido,0.0
5,SVD,ajustado,32,33,1617,4,incluido,0.0
5,SVD,ajustado,33,18,1632,4,incluido,0.0
5,SVD,ajustado,34,14,1636,4,incluido,0.0
5,SVD,ajustado,35,18,1632,2,incluido,0.0
5,SVD,ajustado,36,17,1633,1,incluido,0.0
5,SVD,ajustado,37,51,1599,4,incluido,0.0
5,SVD,ajustado,38,101,1549,11,incluido,0.0
5,SVD,ajustado,39,19,1631,2,incluido,0.0
5,SVD,ajustado,40,30,1620,0,sem_relevante_elegivel,
5,SVD,ajustado,41,46,1604,4,incluido,0.0
5,SVD,ajustado,42,135,1515,29,incluido,0.1
5,SVD,ajustado,43,164,1486,43,incluido,0.4
5,SVD,ajustado,44,114,1536,24,incluido,0.1
5,SVD,ajustado,45,40,1610,5,incluido,0.0
5,SVD,ajustado,46,22,1628,4,incluido,0.0
5,SVD,ajustado,47,23,1627,1,incluido,0.0
5,SVD,ajustado,48,49,1601,11,incluido,0.2
5,SVD,ajustado,49,162,1488,11,incluido,0.0
5,SVD,ajustado,50,18,1632,3,incluido,0.0
5,SVD,ajustado,51,18,1632,4,incluido,0.1
5,SVD,ajustado,52,44,1606,10,incluido,0.0
5,SVD,ajustado,53,22,1628,3,incluido,0.1
5,SVD,ajustado,54,53,1597,3,incluido,0.0
5,SVD,ajustado,55,17,1633,3,incluido,0.0
5,SVD,ajustado,56,142,1508,31,incluido,0.2
5,SVD,ajustado,57,87,1563,11,incluido,0.1
5,SVD,ajustado,58,126,1524,20,incluido,0.3
5,SVD,ajustado,59,290,1360,66,incluido,0.6
5,SVD,ajustado,60,173,1477,32,incluido,0.2
5,SVD,ajustado,61,17,1633,2,incluido,0.0
5,SVD,ajustado,62,193,1457,17,incluido,0.2
5,SVD,ajustado,63,67,1583,10,incluido,0.0
5,SVD,ajustado,64,165,1485,19,incluido,0.1
5,SVD,ajustado,65,61,1589,15,incluido,0.1
5,SVD,ajustado,66,32,1618,4,incluido,0.1
5,SVD,ajustado,67,23,1627,4,incluido,0.0
5,SVD,ajustado,68,30,1620,2,incluido,0.0
5,SVD,ajustado,69,49,1601,11,incluido,0.0
5,SVD,ajustado,70,104,1546,15,incluido,0.1
5,SVD,ajustado,71,31,1619,4,incluido,0.0
5,SVD,ajustado,72,110,1540,17,incluido,0.3
5,SVD,ajustado,73,54,1596,9,incluido,0.1
5,SVD,ajustado,74,34,1616,3,incluido,0.0
5,SVD,ajustado,75,67,1583,6,incluido,0.0
5,SVD,ajustado,76,65,1585,10,incluido,0.0
5,SVD,ajustado,77,57,1593,8,incluido,0.0
5,SVD,ajustado,78,17,1633,2,incluido,0.0
5,SVD,ajustado,79,43,1607,9,incluido,0.0
5,SVD,ajustado,80,21,1629,5,incluido,0.1
5,SVD,ajustado,81,46,1604,8,incluido,0.0
5,SVD,ajustado,82,139,1511,15,incluido,0.2
5,SVD,ajustado,83,124,1526,17,incluido,0.1
5,SVD,ajustado,84,57,1593,8,incluido,0.1
5,SVD,ajustado,85,231,1419,26,incluido,0.2
5,SVD,ajustado,86,20,1630,2,incluido,0.0
5,SVD,ajustado,87,177,1473,18,incluido,0.0
5,SVD,ajustado,88,15,1635,3,incluido,0.0
5,SVD,ajustado,89,63,1587,9,incluido,0.0
5,SVD,ajustado,90,234,1416,52,incluido,0.5
5,SVD,ajustado,91,74,1576,20,incluido,0.4
5,SVD,ajustado,92,313,1337,32,incluido,0.2
5,SVD,ajustado,93,16,1634,1,incluido,0.0
5,SVD,ajustado,94,323,1327,44,incluido,0.3
5,SVD,ajustado,95,227,1423,23,incluido,0.1
5,SVD,ajustado,96,46,1604,8,incluido,0.0
5,SVD,ajustado,97,50,1600,8,incluido,0.0
5,SVD,ajustado,98,21,1629,1,incluido,0.0
5,SVD,ajustado,99,111,1539,13,incluido,0.0
5,SVD,ajustado,100,47,1603,6,incluido,0.1
5,SVD,ajustado,101,55,1595,2,incluido,0.0
5,SVD,ajustado,102,165,1485,5,incluido,0.0
5,SVD,ajustado,103,23,1627,2,incluido,0.0
5,SVD,ajustado,104,87,1563,5,incluido,0.0
5,SVD,ajustado,105,18,1632,2,incluido,0.0
5,SVD,ajustado,106,56,1594,7,incluido,0.1
5,SVD,ajustado,107,18,1632,1,incluido,0.0
5,SVD,ajustado,108,25,1625,2,incluido,0.0
5,SVD,ajustado,109,173,1477,32,incluido,0.2
5,SVD,ajustado,110,113,1537,8,incluido,0.2
5,SVD,ajustado,111,18,1632,2,incluido,0.0
5,SVD,ajustado,112,41,1609,4,incluido,0.0
5,SVD,ajustado,113,44,1606,2,incluido,0.0
5,SVD,ajustado,114,33,1617,7,incluido,0.0
5,SVD,ajustado,115,72,1578,14,incluido,0.0
5,SVD,ajustado,116,115,1535,12,incluido,0.0
5,SVD,ajustado,117,77,1573,3,incluido,0.0
5,SVD,ajustado,118,59,1591,11,incluido,0.0
5,SVD,ajustado,119,136,1514,31,incluido,0.1
5,SVD,ajustado,120,22,1628,4,incluido,0.0
5,SVD,ajustado,121,59,1591,9,incluido,0.0
5,SVD,ajustado,122,52,1598,8,incluido,0.1
5,SVD,ajustado,123,47,1603,3,incluido,0.0
5,SVD,ajustado,124,16,1634,3,incluido,0.0
5,SVD,ajustado,125,144,1506,17,incluido,0.3
5,SVD,ajustado,126,36,1614,4,incluido,0.0
5,SVD,ajustado,127,18,1632,4,incluido,0.0
5,SVD,ajustado,128,144,1506,24,incluido,0.1
5,SVD,ajustado,129,23,1627,1,incluido,0.0
5,SVD,ajustado,130,288,1362,49,incluido,0.1
5,SVD,ajustado,131,25,1625,5,incluido,0.0
5,SVD,ajustado,132,16,1634,1,incluido,0.0
5,SVD,ajustado,133,18,1632,3,incluido,0.0
5,SVD,ajustado,134,17,1633,5,incluido,0.0
5,SVD,ajustado,135,45,1605,9,incluido,0.1
5,SVD,ajustado,136,29,1621,5,incluido,0.0
5,SVD,ajustado,137,36,1614,9,incluido,0.0
5,SVD,ajustado,138,43,1607,8,incluido,0.1
5,SVD,ajustado,139,17,1633,6,incluido,0.0
5,SVD,ajustado,140,19,1631,2,incluido,0.0
5,SVD,ajustado,141,82,1568,17,incluido,0.0
5,SVD,ajustado,142,24,1626,7,incluido,0.1
5,SVD,ajustado,143,16,1634,2,incluido,0.0
5,SVD,ajustado,144,156,1494,33,incluido,0.2
5,SVD,ajustado,145,249,1401,39,incluido,0.2
5,SVD,ajustado,146,26,1624,2,incluido,0.0
5,SVD,ajustado,147,15,1635,3,incluido,0.0
5,SVD,ajustado,148,55,1595,7,incluido,0.2
5,SVD,ajustado,149,31,1619,1,incluido,0.0
5,SVD,ajustado,150,19,1631,11,incluido,0.1
5,SVD,ajustado,151,253,1397,40,incluido,0.2
5,SVD,ajustado,152,88,1562,11,incluido,0.1
5,SVD,ajustado,153,17,1633,1,incluido,0.0
5,SVD,ajustado,154,35,1615,11,incluido,0.0
5,SVD,ajustado,155,17,1633,1,incluido,0.0
5,SVD,ajustado,156,30,1620,5,incluido,0.0
5,SVD,ajustado,157,39,1611,10,incluido,0.0
5,SVD,ajustado,158,139,1511,21,incluido,0.0
5,SVD,ajustado,159,76,1574,18,incluido,0.0
5,SVD,ajustado,160,100,1550,17,incluido,0.1
5,SVD,ajustado,161,50,1600,1,incluido,0.1
5,SVD,ajustado,162,35,1615,3,incluido,0.0
5,SVD,ajustado,163,17,1633,3,incluido,0.0
5,SVD,ajustado,164,51,1599,9,incluido,0.1
5,SVD,ajustado,165,22,1628,7,incluido,0.0
5,SVD,ajustado,166,16,1634,1,incluido,0.0
5,SVD,ajustado,167,51,1599,13,incluido,0.0
5,SVD,ajustado,168,55,1595,8,incluido,0.0
5,SVD,ajustado,169,23,1627,9,incluido,0.1
5,SVD,ajustado,170,18,1632,1,incluido,0.0
5,SVD,ajustado,171,25,1625,3,incluido,0.0
5,SVD,ajustado,172,23,1627,2,incluido,0.0
5,SVD,ajustado,173,29,1621,13,incluido,0.0
5,SVD,ajustado,174,146,1504,21,incluido,0.0
5,SVD,ajustado,175,34,1616,2,incluido,0.1
5,SVD,ajustado,176,49,1601,8,incluido,0.0
5,SVD,ajustado,177,94,1556,12,incluido,0.0
5,SVD,ajustado,178,218,1432,39,incluido,0.4
5,SVD,ajustado,179,33,1617,3,incluido,0.2
5,SVD,ajustado,180,54,1596,5,incluido,0.0
5,SVD,ajustado,181,357,1293,4,incluido,0.0
5,SVD,ajustado,182,21,1629,2,incluido,0.0
5,SVD,ajustado,183,43,1607,6,incluido,0.0
5,SVD,ajustado,184,204,1446,25,incluido,0.2
5,SVD,ajustado,185,39,1611,8,incluido,0.1
5,SVD,ajustado,186,69,1581,10,incluido,0.0
5,SVD,ajustado,187,45,1605,9,incluido,0.0
5,SVD,ajustado,188,96,1554,12,incluido,0.0
5,SVD,ajustado,189,154,1496,24,incluido,0.3
5,SVD,ajustado,190,45,1605,7,incluido,0.0
5,SVD,ajustado,191,26,1624,1,incluido,0.0
5,SVD,ajustado,192,26,1624,6,incluido,0.0
5,SVD,ajustado,193,102,1548,13,incluido,0.0
5,SVD,ajustado,194,245,1405,16,incluido,0.2
5,SVD,ajustado,195,73,1577,8,incluido,0.0
5,SVD,ajustado,196,34,1616,3,incluido,0.0
5,SVD,ajustado,197,96,1554,11,incluido,0.1
5,SVD,ajustado,198,140,1510,14,incluido,0.2
5,SVD,ajustado,199,29,1621,5,incluido,0.0
5,SVD,ajustado,200,173,1477,30,incluido,0.2
5,SVD,ajustado,201,307,1343,28,incluido,0.2
5,SVD,ajustado,202,17,1633,0,sem_relevante_elegivel,
5,SVD,ajustado,203,39,1611,2,incluido,0.0
5,SVD,ajustado,204,41,1609,0,sem_relevante_elegivel,
5,SVD,ajustado,205,17,1633,0,sem_relevante_elegivel,
5,SVD,ajustado,206,51,1599,4,incluido,0.1
5,SVD,ajustado,207,183,1467,14,incluido,0.1
5,SVD,ajustado,208,24,1626,8,incluido,0.0
5,SVD,ajustado,209,31,1619,1,incluido,0.0
5,SVD,ajustado,210,107,1543,17,incluido,0.0
5,SVD,ajustado,211,29,1621,2,incluido,0.0
5,SVD,ajustado,212,23,1627,2,incluido,0.1
5,SVD,ajustado,213,98,1552,25,incluido,0.4
5,SVD,ajustado,214,105,1545,16,incluido,0.2
5,SVD,ajustado,215,77,1573,11,incluido,0.1
5,SVD,ajustado,216,108,1542,12,incluido,0.0
5,SVD,ajustado,217,59,1591,6,incluido,0.0
5,SVD,ajustado,218,44,1606,7,incluido,0.2
5,SVD,ajustado,219,22,1628,3,incluido,0.0
5,SVD,ajustado,220,18,1632,3,incluido,0.0
5,SVD,ajustado,221,110,1540,25,incluido,0.1
5,SVD,ajustado,222,313,1337,32,incluido,0.2
5,SVD,ajustado,223,85,1565,8,incluido,0.0
5,SVD,ajustado,224,111,1539,6,incluido,0.0
5,SVD,ajustado,225,20,1630,7,incluido,0.0
5,SVD,ajustado,226,47,1603,3,incluido,0.0
5,SVD,ajustado,227,40,1610,12,incluido,0.0
5,SVD,ajustado,228,18,1632,0,sem_relevante_elegivel,
5,SVD,ajustado,229,24,1626,2,incluido,0.0
5,SVD,ajustado,230,100,1550,27,incluido,0.4
5,SVD,ajustado,231,15,1635,2,incluido,0.0
5,SVD,ajustado,232,73,1577,14,incluido,0.2
5,SVD,ajustado,233,91,1559,15,incluido,0.0
5,SVD,ajustado,234,367,1283,40,incluido,0.6
5,SVD,ajustado,235,80,1570,12,incluido,0.0
5,SVD,ajustado,236,101,1549,12,incluido,0.0
5,SVD,ajustado,237,40,1610,8,incluido,0.2
5,SVD,ajustado,238,23,1627,2,incluido,0.0
5,SVD,ajustado,239,127,1523,27,incluido,0.1
5,SVD,ajustado,240,19,1631,3,incluido,0.1
5,SVD,ajustado,241,18,1632,1,incluido,0.0
5,SVD,ajustado,242,16,1634,4,incluido,0.0
5,SVD,ajustado,243,64,1586,11,incluido,0.0
5,SVD,ajustado,244,193,1457,35,incluido,0.1
5,SVD,ajustado,245,16,1634,3,incluido,0.0
5,SVD,ajustado,246,150,1500,15,incluido,0.0
5,SVD,ajustado,247,21,1629,4,incluido,0.0
5,SVD,ajustado,248,42,1608,6,incluido,0.0
5,SVD,ajustado,249,140,1510,18,incluido,0.3
5,SVD,ajustado,250,98,1552,16,incluido,0.0
5,SVD,ajustado,251,62,1588,9,incluido,0.1
5,SVD,ajustado,252,19,1631,2,incluido,0.0
5,SVD,ajustado,253,77,1573,12,incluido,0.0
5,SVD,ajustado,254,132,1518,10,incluido,0.1
5,SVD,ajustado,255,64,1586,3,incluido,0.0
5,SVD,ajustado,256,159,1491,33,incluido,0.1
5,SVD,ajustado,257,48,1602,6,incluido,0.0
5,SVD,ajustado,258,21,1629,0,sem_relevante_elegivel,
5,SVD,ajustado,259,37,1613,4,incluido,0.0
5,SVD,ajustado,260,19,1631,4,incluido,0.0
5,SVD,ajustado,261,24,1626,2,incluido,0.0
5,SVD,ajustado,262,128,1522,8,incluido,0.1
5,SVD,ajustado,263,97,1553,21,incluido,0.1
5,SVD,ajustado,264,90,1560,26,incluido,0.0
5,SVD,ajustado,265,35,1615,5,incluido,0.0
5,SVD,ajustado,266,16,1634,3,incluido,0.0
5,SVD,ajustado,267,139,1511,28,incluido,0.0
5,SVD,ajustado,268,271,1379,20,incluido,0.1
5,SVD,ajustado,269,255,1395,30,incluido,0.6
5,SVD,ajustado,270,100,1550,32,incluido,0.0
5,SVD,ajustado,271,210,1440,38,incluido,0.6
5,SVD,ajustado,272,41,1609,8,incluido,0.0
5,SVD,ajustado,273,17,1633,3,incluido,0.0
5,SVD,ajustado,274,60,1590,9,incluido,0.0
5,SVD,ajustado,275,78,1572,5,incluido,0.0
5,SVD,ajustado,276,418,1232,53,incluido,0.0
5,SVD,ajustado,277,39,1611,10,incluido,0.0
5,SVD,ajustado,278,18,1632,4,incluido,0.0
5,SVD,ajustado,279,356,1294,32,incluido,0.2
5,SVD,ajustado,280,204,1446,27,incluido,0.0
5,SVD,ajustado,281,20,1630,1,incluido,0.0
5,SVD,ajustado,282,12,1638,4,incluido,0.0
5,SVD,ajustado,283,41,1609,11,incluido,0.0
5,SVD,ajustado,284,36,1614,7,incluido,0.0
5,SVD,ajustado,285,26,1624,5,incluido,0.0
5,SVD,ajustado,286,228,1422,42,incluido,0.1
5,SVD,ajustado,287,52,1598,8,incluido,0.0
5,SVD,ajustado,288,65,1585,7,incluido,0.1
5,SVD,ajustado,289,21,1629,2,incluido,0.0
5,SVD,ajustado,290,123,1527,17,incluido,0.2
5,SVD,ajustado,291,246,1404,31,incluido,0.1
5,SVD,ajustado,292,97,1553,24,incluido,0.1
5,SVD,ajustado,293,305,1345,23,incluido,0.1
5,SVD,ajustado,294,113,1537,23,incluido,0.0
5,SVD,ajustado,295,157,1493,35,incluido,0.1
5,SVD,ajustado,296,120,1530,26,incluido,0.4
5,SVD,ajustado,297,159,1491,21,incluido,0.0
5,SVD,ajustado,298,100,1550,17,incluido,0.2
5,SVD,ajustado,299,230,1420,22,incluido,0.2
5,SVD,ajustado,300,18,1632,1,incluido,0.0
5,SVD,ajustado,301,219,1431,34,incluido,0.1
5,SVD,ajustado,302,16,1634,0,sem_relevante_elegivel,
5,SVD,ajustado,303,368,1282,60,incluido,0.2
5,SVD,ajustado,304,22,1628,1,incluido,0.0
5,SVD,ajustado,305,180,1470,17,incluido,0.2
5,SVD,ajustado,306,31,1619,1,incluido,0.0
5,SVD,ajustado,307,87,1563,16,incluido,0.2
5,SVD,ajustado,308,326,1324,48,incluido,0.4
5,SVD,ajustado,309,16,1634,1,incluido,0.0
5,SVD,ajustado,310,17,1633,3,incluido,0.0
5,SVD,ajustado,311,239,1411,37,incluido,0.2
5,SVD,ajustado,312,180,1470,33,incluido,0.4
5,SVD,ajustado,313,219,1431,21,incluido,0.2
5,SVD,ajustado,314,200,1450,32,incluido,0.0
5,SVD,ajustado,315,73,1577,12,incluido,0.0
5,SVD,ajustado,316,63,1587,8,incluido,0.2
5,SVD,ajustado,317,18,1632,3,incluido,0.0
5,SVD,ajustado,318,144,1506,22,incluido,0.3
5,SVD,ajustado,319,15,1635,4,incluido,0.0
5,SVD,ajustado,320,122,1528,21,incluido,0.0
5,SVD,ajustado,321,102,1548,13,incluido,0.1
5,SVD,ajustado,322,43,1607,7,incluido,0.1
5,SVD,ajustado,323,73,1577,7,incluido,0.1
5,SVD,ajustado,324,53,1597,12,incluido,0.0
5,SVD,ajustado,325,118,1532,10,incluido,0.1
5,SVD,ajustado,326,155,1495,16,incluido,0.1
5,SVD,ajustado,327,234,1416,23,incluido,0.1
5,SVD,ajustado,328,222,1428,19,incluido,0.2
5,SVD,ajustado,329,50,1600,6,incluido,0.0
5,SVD,ajustado,330,110,1540,34,incluido,0.1
5,SVD,ajustado,331,58,1592,5,incluido,0.0
5,SVD,ajustado,332,154,1496,22,incluido,0.0
5,SVD,ajustado,333,20,1630,4,incluido,0.0
5,SVD,ajustado,334,277,1373,34,incluido,0.3
5,SVD,ajustado,335,19,1631,2,incluido,0.0
5,SVD,ajustado,336,98,1552,7,incluido,0.0
5,SVD,ajustado,337,28,1622,4,incluido,0.0
5,SVD,ajustado,338,60,1590,12,incluido,0.0
5,SVD,ajustado,339,209,1441,33,incluido,0.4
5,SVD,ajustado,340,36,1614,5,incluido,0.0
5,SVD,ajustado,341,15,1635,4,incluido,0.0
5,SVD,ajustado,342,169,1481,16,incluido,0.2
5,SVD,ajustado,343,193,1457,28,incluido,0.3
5,SVD,ajustado,344,151,1499,21,incluido,0.1
5,SVD,ajustado,345,185,1465,23,incluido,0.0
5,SVD,ajustado,346,155,1495,21,incluido,0.0
5,SVD,ajustado,347,155,1495,27,incluido,0.1
5,SVD,ajustado,348,43,1607,12,incluido,0.0
5,SVD,ajustado,349,34,1616,2,incluido,0.0
5,SVD,ajustado,350,42,1608,7,incluido,0.1
5,SVD,ajustado,351,31,1619,9,incluido,0.0
5,SVD,ajustado,352,33,1617,7,incluido,0.0
5,SVD,ajustado,353,24,1626,1,incluido,0.0
5,SVD,ajustado,354,194,1456,26,incluido,0.2
5,SVD,ajustado,355,22,1628,4,incluido,0.0
5,SVD,ajustado,356,17,1633,5,incluido,0.2
5,SVD,ajustado,357,61,1589,11,incluido,0.0
5,SVD,ajustado,358,35,1615,5,incluido,0.0
5,SVD,ajustado,359,23,1627,1,incluido,0.1
5,SVD,ajustado,360,82,1568,14,incluido,0.2
5,SVD,ajustado,361,90,1560,26,incluido,0.0
5,SVD,ajustado,362,19,1631,2,incluido,0.0
5,SVD,ajustado,363,249,1401,24,incluido,0.1
5,SVD,ajustado,364,17,1633,2,incluido,0.0
5,SVD,ajustado,365,45,1605,5,incluido,0.1
5,SVD,ajustado,366,26,1624,6,incluido,0.0
5,SVD,ajustado,367,42,1608,15,incluido,0.0
5,SVD,ajustado,368,34,1616,3,incluido,0.0
5,SVD,ajustado,369,19,1631,2,incluido,0.0
5,SVD,ajustado,370,59,1591,13,incluido,0.1
5,SVD,ajustado,371,42,1608,4,incluido,0.0
5,SVD,ajustado,372,58,1592,7,incluido,0.0
5,SVD,ajustado,373,176,1474,44,incluido,0.3
5,SVD,ajustado,374,225,1425,19,incluido,0.0
5,SVD,ajustado,375,23,1627,3,incluido,0.0
5,SVD,ajustado,376,24,1626,4,incluido,0.0
5,SVD,ajustado,377,25,1625,5,incluido,0.0
5,SVD,ajustado,378,306,1344,31,incluido,0.0
5,SVD,ajustado,379,162,1488,23,incluido,0.2
5,SVD,ajustado,380,135,1515,8,incluido,0.1
5,SVD,ajustado,381,107,1543,15,incluido,0.0
5,SVD,ajustado,382,38,1612,8,incluido,0.0
5,SVD,ajustado,383,60,1590,10,incluido,0.0
5,SVD,ajustado,384,16,1634,6,incluido,0.0
5,SVD,ajustado,385,227,1423,28,incluido,0.3
5,SVD,ajustado,386,20,1630,2,incluido,0.0
5,SVD,ajustado,387,235,1415,39,incluido,0.5
5,SVD,ajustado,388,38,1612,10,incluido,0.0
5,SVD,ajustado,389,214,1436,35,incluido,0.5
5,SVD,ajustado,390,28,1622,2,incluido,0.0
5,SVD,ajustado,391,96,1554,13,incluido,0.2
5,SVD,ajustado,392,84,1566,19,incluido,0.0
5,SVD,ajustado,393,357,1293,39,incluido,0.1
5,SVD,ajustado,394,123,1527,15,incluido,0.0
5,SVD,ajustado,395,46,1604,6,incluido,0.0
5,SVD,ajustado,396,42,1608,6,incluido,0.0
5,SVD,ajustado,397,81,1569,13,incluido,0.0
5,SVD,ajustado,398,131,1519,20,incluido,0.1
5,SVD,ajustado,399,244,1406,15,incluido,0.0
5,SVD,ajustado,400,18,1632,1,incluido,0.0
5,SVD,ajustado,401,120,1530,14,incluido,0.3
5,SVD,ajustado,402,58,1592,7,incluido,0.1
5,SVD,ajustado,403,40,1610,8,incluido,0.0
5,SVD,ajustado,404,34,1616,3,incluido,0.0
5,SVD,ajustado,405,600,1050,16,incluido,0.3
5,SVD,ajustado,406,279,1371,39,incluido,0.4
5,SVD,ajustado,407,173,1477,35,incluido,0.2
5,SVD,ajustado,408,20,1630,3,incluido,0.0
5,SVD,ajustado,409,172,1478,22,incluido,0.2
5,SVD,ajustado,410,21,1629,2,incluido,0.0
5,SVD,ajustado,411,51,1599,3,incluido,0.0
5,SVD,ajustado,412,42,1608,8,incluido,0.2
5,SVD,ajustado,413,41,1609,6,incluido,0.0
5,SVD,ajustado,414,20,1630,2,incluido,0.0
5,SVD,ajustado,415,21,1629,2,incluido,0.0
5,SVD,ajustado,416,396,1254,62,incluido,0.5
5,SVD,ajustado,417,290,1360,29,incluido,0.1
5,SVD,ajustado,418,14,1636,1,incluido,0.0
5,SVD,ajustado,419,31,1619,1,incluido,0.0
5,SVD,ajustado,420,31,1619,3,incluido,0.0
5,SVD,ajustado,421,49,1601,10,incluido,0.2
5,SVD,ajustado,422,81,1569,12,incluido,0.1
5,SVD,ajustado,423,50,1600,8,incluido,0.0
5,SVD,ajustado,424,34,1616,3,incluido,0.0
5,SVD,ajustado,425,155,1495,20,incluido,0.1
5,SVD,ajustado,426,71,1579,19,incluido,0.2
5,SVD,ajustado,427,23,1627,8,incluido,0.0
5,SVD,ajustado,428,46,1604,7,incluido,0.0
5,SVD,ajustado,429,344,1306,31,incluido,0.3
5,SVD,ajustado,430,51,1599,8,incluido,0.0
5,SVD,ajustado,431,17,1633,1,incluido,0.0
5,SVD,ajustado,432,50,1600,5,incluido,0.0
5,SVD,ajustado,433,33,1617,3,incluido,0.0
5,SVD,ajustado,434,34,1616,4,incluido,0.0
5,SVD,ajustado,435,299,1351,35,incluido,0.1
5,SVD,ajustado,436,122,1528,13,incluido,0.0
5,SVD,ajustado,437,214,1436,29,incluido,0.0
5,SVD,ajustado,438,23,1627,10,incluido,0.0
5,SVD,ajustado,439,26,1624,2,incluido,0.0
5,SVD,ajustado,440,35,1615,15,incluido,0.0
5,SVD,ajustado,441,17,1633,2,incluido,0.0
5,SVD,ajustado,442,113,1537,10,incluido,0.1
5,SVD,ajustado,443,20,1630,3,incluido,0.0
5,SVD,ajustado,444,19,1631,5,incluido,0.0
5,SVD,ajustado,445,109,1541,3,incluido,0.0
5,SVD,ajustado,446,29,1621,2,incluido,0.0
5,SVD,ajustado,447,113,1537,16,incluido,0.2
5,SVD,ajustado,448,26,1624,9,incluido,0.0
5,SVD,ajustado,449,63,1587,8,incluido,0.0
5,SVD,ajustado,450,437,1213,71,incluido,0.4
5,SVD,ajustado,451,77,1573,7,incluido,0.0
5,SVD,ajustado,452,160,1490,22,incluido,0.1
5,SVD,ajustado,453,116,1534,19,incluido,0.0
5,SVD,ajustado,454,190,1460,15,incluido,0.4
5,SVD,ajustado,455,151,1499,16,incluido,0.1
5,SVD,ajustado,456,187,1463,19,incluido,0.0
5,SVD,ajustado,457,206,1444,54,incluido,0.3
5,SVD,ajustado,458,143,1507,30,incluido,0.2
5,SVD,ajustado,459,95,1555,12,incluido,0.0
5,SVD,ajustado,460,62,1588,1,incluido,0.0
5,SVD,ajustado,461,18,1632,3,incluido,0.0
5,SVD,ajustado,462,27,1623,4,incluido,0.0
5,SVD,ajustado,463,110,1540,9,incluido,0.1
5,SVD,ajustado,464,39,1611,12,incluido,0.0
5,SVD,ajustado,465,59,1591,9,incluido,0.5
5,SVD,ajustado,466,78,1572,14,incluido,0.0
5,SVD,ajustado,467,33,1617,8,incluido,0.0
5,SVD,ajustado,468,113,1537,18,incluido,0.2
5,SVD,ajustado,469,35,1615,8,incluido,0.0
5,SVD,ajustado,470,52,1598,3,incluido,0.0
5,SVD,ajustado,471,22,1628,4,incluido,0.0
5,SVD,ajustado,472,217,1433,34,incluido,0.1
5,SVD,ajustado,473,26,1624,8,incluido,0.0
5,SVD,ajustado,474,268,1382,51,incluido,0.4
5,SVD,ajustado,475,18,1632,2,incluido,0.0
5,SVD,ajustado,476,70,1580,8,incluido,0.0
5,SVD,ajustado,477,27,1623,8,incluido,0.0
5,SVD,ajustado,478,93,1557,10,incluido,0.0
5,SVD,ajustado,479,162,1488,22,incluido,0.2
5,SVD,ajustado,480,49,1601,7,incluido,0.2
5,SVD,ajustado,481,44,1606,7,incluido,0.1
5,SVD,ajustado,482,23,1627,2,incluido,0.0
5,SVD,ajustado,483,48,1602,3,incluido,0.0
5,SVD,ajustado,484,105,1545,27,incluido,0.4
5,SVD,ajustado,485,21,1629,0,sem_relevante_elegivel,
5,SVD,ajustado,486,149,1501,16,incluido,0.0
5,SVD,ajustado,487,188,1462,24,incluido,0.1
5,SVD,ajustado,488,129,1521,13,incluido,0.3
5,SVD,ajustado,489,82,1568,14,incluido,0.0
5,SVD,ajustado,490,49,1601,3,incluido,0.0
5,SVD,ajustado,491,24,1626,6,incluido,0.1
5,SVD,ajustado,492,44,1606,9,incluido,0.0
5,SVD,ajustado,493,114,1536,13,incluido,0.2
5,SVD,ajustado,494,37,1613,8,incluido,0.1
5,SVD,ajustado,495,171,1479,31,incluido,0.2
5,SVD,ajustado,496,105,1545,8,incluido,0.0
5,SVD,ajustado,497,226,1424,17,incluido,0.2
5,SVD,ajustado,498,125,1525,12,incluido,0.0
5,SVD,ajustado,499,85,1565,12,incluido,0.2
5,SVD,ajustado,500,186,1464,18,incluido,0.1
5,SVD,ajustado,501,57,1593,10,incluido,0.0
5,SVD,ajustado,502,27,1623,4,incluido,0.0
5,SVD,ajustado,503,129,1521,22,incluido,0.1
5,SVD,ajustado,504,210,1440,30,incluido,0.0
5,SVD,ajustado,505,92,1558,10,incluido,0.2
5,SVD,ajustado,506,196,1454,33,incluido,0.2
5,SVD,ajustado,507,54,1596,4,incluido,0.0
5,SVD,ajustado,508,74,1576,10,incluido,0.0
5,SVD,ajustado,509,29,1621,2,incluido,0.0
5,SVD,ajustado,510,23,1627,1,incluido,0.0
5,SVD,ajustado,511,23,1627,0,sem_relevante_elegivel,
5,SVD,ajustado,512,15,1635,6,incluido,0.0
5,SVD,ajustado,513,14,1636,8,incluido,0.1
5,SVD,ajustado,514,158,1492,26,incluido,0.1
5,SVD,ajustado,515,30,1620,4,incluido,0.0
5,SVD,ajustado,516,17,1633,3,incluido,0.0
5,SVD,ajustado,517,28,1622,6,incluido,0.0
5,SVD,ajustado,518,65,1585,5,incluido,0.0
5,SVD,ajustado,519,41,1609,5,incluido,0.0
5,SVD,ajustado,520,18,1632,3,incluido,0.0
5,SVD,ajustado,521,117,1533,7,incluido,0.0
5,SVD,ajustado,522,24,1626,6,incluido,0.1
5,SVD,ajustado,523,84,1566,12,incluido,0.0
5,SVD,ajustado,524,248,1402,30,incluido,0.3
5,SVD,ajustado,525,45,1605,5,incluido,0.0
5,SVD,ajustado,526,49,1601,7,incluido,0.1
5,SVD,ajustado,527,114,1536,18,incluido,0.1
5,SVD,ajustado,528,42,1608,7,incluido,0.1
5,SVD,ajustado,529,38,1612,3,incluido,0.0
5,SVD,ajustado,530,37,1613,7,incluido,0.1
5,SVD,ajustado,531,19,1631,6,incluido,0.0
5,SVD,ajustado,532,216,1434,46,incluido,0.3
5,SVD,ajustado,533,204,1446,26,incluido,0.1
5,SVD,ajustado,534,59,1591,16,incluido,0.0
5,SVD,ajustado,535,170,1480,33,incluido,0.0
5,SVD,ajustado,536,131,1519,26,incluido,0.2
5,SVD,ajustado,537,395,1255,25,incluido,0.4
5,SVD,ajustado,538,66,1584,7,incluido,0.1
5,SVD,ajustado,539,39,1611,14,incluido,0.1
5,SVD,ajustado,540,55,1595,6,incluido,0.0
5,SVD,ajustado,541,114,1536,15,incluido,0.0
5,SVD,ajustado,542,111,1539,13,incluido,0.0
5,SVD,ajustado,543,160,1490,17,incluido,0.0
5,SVD,ajustado,544,24,1626,1,incluido,0.0
5,SVD,ajustado,545,128,1522,12,incluido,0.0
5,SVD,ajustado,546,43,1607,11,incluido,0.1
5,SVD,ajustado,547,18,1632,2,incluido,0.0
5,SVD,ajustado,548,121,1529,25,incluido,0.0
5,SVD,ajustado,549,19,1631,3,incluido,0.0
5,SVD,ajustado,550,33,1617,4,incluido,0.0
5,SVD,ajustado,551,269,1381,45,incluido,0.2
5,SVD,ajustado,552,59,1591,1,incluido,0.0
5,SVD,ajustado,553,74,1576,23,incluido,0.1
5,SVD,ajustado,554,84,1566,14,incluido,0.2
5,SVD,ajustado,555,43,1607,7,incluido,0.0
5,SVD,ajustado,556,34,1616,8,incluido,0.2
5,SVD,ajustado,557,39,1611,7,incluido,0.0
5,SVD,ajustado,558,16,1634,3,incluido,0.0
5,SVD,ajustado,559,64,1586,7,incluido,0.0
5,SVD,ajustado,560,81,1569,9,incluido,0.0
5,SVD,ajustado,561,286,1364,26,incluido,0.2
5,SVD,ajustado,562,57,1593,10,incluido,0.0
5,SVD,ajustado,563,21,1629,6,incluido,0.0
5,SVD,ajustado,564,28,1622,3,incluido,0.0
5,SVD,ajustado,565,26,1624,9,incluido,0.0
5,SVD,ajustado,566,114,1536,19,incluido,0.2
5,SVD,ajustado,567,121,1529,30,incluido,0.1
5,SVD,ajustado,568,65,1585,12,incluido,0.1
5,SVD,ajustado,569,58,1592,6,incluido,0.0
5,SVD,ajustado,570,19,1631,1,incluido,0.0
5,SVD,ajustado,571,18,1632,1,incluido,0.1
5,SVD,ajustado,572,15,1635,0,sem_relevante_elegivel,
5,SVD,ajustado,573,40,1610,9,incluido,0.1
5,SVD,ajustado,574,40,1610,2,incluido,0.0
5,SVD,ajustado,575,20,1630,2,incluido,0.0
5,SVD,ajustado,576,26,1624,5,incluido,0.0
5,SVD,ajustado,577,140,1510,33,incluido,0.2
5,SVD,ajustado,578,19,1631,1,incluido,0.0
5,SVD,ajustado,579,58,1592,9,incluido,0.0
5,SVD,ajustado,580,37,1613,4,incluido,0.0
5,SVD,ajustado,581,20,1630,5,incluido,0.0
5,SVD,ajustado,582,47,1603,12,incluido,0.0
5,SVD,ajustado,583,26,1624,1,incluido,0.0
5,SVD,ajustado,584,19,1631,4,incluido,0.0
5,SVD,ajustado,585,63,1587,10,incluido,0.0
5,SVD,ajustado,586,134,1516,14,incluido,0.0
5,SVD,ajustado,587,79,1571,5,incluido,0.0
5,SVD,ajustado,588,174,1476,35,incluido,0.0
5,SVD,ajustado,589,33,1617,5,incluido,0.0
5,SVD,ajustado,590,38,1612,7,incluido,0.0
5,SVD,ajustado,591,63,1587,13,incluido,0.1
5,SVD,ajustado,592,276,1374,60,incluido,0.3
5,SVD,ajustado,593,130,1520,13,incluido,0.0
5,SVD,ajustado,594,20,1630,3,incluido,0.0
5,SVD,ajustado,595,79,1571,8,incluido,0.0
5,SVD,ajustado,596,15,1635,3,incluido,0.0
5,SVD,ajustado,597,38,1612,3,incluido,0.0
5,SVD,ajustado,598,19,1631,2,incluido,0.0
5,SVD,ajustado,599,38,1612,8,incluido,0.0
5,SVD,ajustado,600,69,1581,9,incluido,0.0
5,SVD,ajustado,601,116,1534,14,incluido,0.1
5,SVD,ajustado,602,23,1627,6,incluido,0.0
5,SVD,ajustado,603,39,1611,5,incluido,0.1
5,SVD,ajustado,604,19,1631,3,incluido,0.0
5,SVD,ajustado,605,77,1573,9,incluido,0.1
5,SVD,ajustado,606,185,1465,36,incluido,0.2
5,SVD,ajustado,607,34,1616,1,incluido,0.1
5,SVD,ajustado,608,130,1520,23,incluido,0.1
5,SVD,ajustado,609,19,1631,1,incluido,0.1
5,SVD,ajustado,610,56,1594,13,incluido,0.2
5,SVD,ajustado,611,32,1618,5,incluido,0.0
5,SVD,ajustado,612,23,1627,2,incluido,0.0
5,SVD,ajustado,613,22,1628,6,incluido,0.2
5,SVD,ajustado,614,34,1616,1,incluido,0.0
5,SVD,ajustado,615,80,1570,14,incluido,0.0
5,SVD,ajustado,616,37,1613,5,incluido,0.0
5,SVD,ajustado,617,91,1559,6,incluido,0.0
5,SVD,ajustado,618,175,1475,14,incluido,0.1
5,SVD,ajustado,619,73,1577,6,incluido,0.1
5,SVD,ajustado,620,86,1564,15,incluido,0.0
5,SVD,ajustado,621,139,1511,19,incluido,0.1
5,SVD,ajustado,622,187,1463,21,incluido,0.0
5,SVD,ajustado,623,38,1612,3,incluido,0.0
5,SVD,ajustado,624,108,1542,22,incluido,0.0
5,SVD,ajustado,625,79,1571,13,incluido,0.1
5,SVD,ajustado,626,26,1624,0,sem_relevante_elegivel,
5,SVD,ajustado,627,139,1511,19,incluido,0.1
5,SVD,ajustado,628,19,1631,8,incluido,0.0
5,SVD,ajustado,629,98,1552,15,incluido,0.1
5,SVD,ajustado,630,84,1566,11,incluido,0.0
5,SVD,ajustado,631,16,1634,2,incluido,0.0
5,SVD,ajustado,632,89,1561,21,incluido,0.3
5,SVD,ajustado,633,45,1605,6,incluido,0.1
5,SVD,ajustado,634,111,1539,10,incluido,0.0
5,SVD,ajustado,635,25,1625,2,incluido,0.0
5,SVD,ajustado,636,16,1634,3,incluido,0.0
5,SVD,ajustado,637,80,1570,5,incluido,0.1
5,SVD,ajustado,638,50,1600,12,incluido,0.1
5,SVD,ajustado,639,123,1527,10,incluido,0.0
5,SVD,ajustado,640,89,1561,13,incluido,0.0
5,SVD,ajustado,641,34,1616,5,incluido,0.2
5,SVD,ajustado,642,250,1400,46,incluido,0.1
5,SVD,ajustado,643,169,1481,22,incluido,0.1
5,SVD,ajustado,644,36,1614,5,incluido,0.0
5,SVD,ajustado,645,99,1551,16,incluido,0.1
5,SVD,ajustado,646,30,1620,0,sem_relevante_elegivel,
5,SVD,ajustado,647,45,1605,9,incluido,0.0
5,SVD,ajustado,648,237,1413,26,incluido,0.4
5,SVD,ajustado,649,19,1631,4,incluido,0.1
5,SVD,ajustado,650,251,1399,17,incluido,0.0
5,SVD,ajustado,651,14,1636,4,incluido,0.1
5,SVD,ajustado,652,17,1633,3,incluido,0.0
5,SVD,ajustado,653,229,1421,14,incluido,0.1
5,SVD,ajustado,654,117,1533,20,incluido,0.0
5,SVD,ajustado,655,551,1099,15,incluido,0.3
5,SVD,ajustado,656,17,1633,1,incluido,0.0
5,SVD,ajustado,657,20,1630,4,incluido,0.0
5,SVD,ajustado,658,56,1594,11,incluido,0.0
5,SVD,ajustado,659,155,1495,28,incluido,0.3
5,SVD,ajustado,660,180,1470,9,incluido,0.1
5,SVD,ajustado,661,99,1551,13,incluido,0.3
5,SVD,ajustado,662,17,1633,4,incluido,0.0
5,SVD,ajustado,663,127,1523,17,incluido,0.2
5,SVD,ajustado,664,128,1522,21,incluido,0.4
5,SVD,ajustado,665,104,1546,24,incluido,0.1
5,SVD,ajustado,666,192,1458,32,incluido,0.4
5,SVD,ajustado,667,38,1612,5,incluido,0.0
5,SVD,ajustado,668,38,1612,5,incluido,0.0
5,SVD,ajustado,669,82,1568,12,incluido,0.1
5,SVD,ajustado,670,38,1612,5,incluido,0.0
5,SVD,ajustado,671,96,1554,13,incluido,0.0
5,SVD,ajustado,672,25,1625,4,incluido,0.0
5,SVD,ajustado,673,30,1620,2,incluido,0.0
5,SVD,ajustado,674,33,1617,5,incluido,0.0
5,SVD,ajustado,675,29,1621,4,incluido,0.0
5,SVD,ajustado,676,62,1588,6,incluido,0.2
5,SVD,ajustado,677,41,1609,4,incluido,0.0
5,SVD,ajustado,678,23,1627,2,incluido,0.0
5,SVD,ajustado,679,46,1604,8,incluido,0.1
5,SVD,ajustado,680,35,1615,3,incluido,0.0
5,SVD,ajustado,681,18,1632,3,incluido,0.0
5,SVD,ajustado,682,313,1337,35,incluido,0.2
5,SVD,ajustado,683,60,1590,4,incluido,0.0
5,SVD,ajustado,684,63,1587,16,incluido,0.2
5,SVD,ajustado,685,17,1633,0,sem_relevante_elegivel,
5,SVD,ajustado,686,61,1589,10,incluido,0.0
5,SVD,ajustado,687,18,1632,1,incluido,0.0
5,SVD,ajustado,688,14,1636,10,incluido,0.0
5,SVD,ajustado,689,28,1622,5,incluido,0.1
5,SVD,ajustado,690,88,1562,14,incluido,0.1
5,SVD,ajustado,691,27,1623,5,incluido,0.0
5,SVD,ajustado,692,32,1618,5,incluido,0.0
5,SVD,ajustado,693,133,1517,6,incluido,0.1
5,SVD,ajustado,694,124,1526,28,incluido,0.3
5,SVD,ajustado,695,33,1617,2,incluido,0.0
5,SVD,ajustado,696,23,1627,6,incluido,0.0
5,SVD,ajustado,697,86,1564,16,incluido,0.0
5,SVD,ajustado,698,108,1542,8,incluido,0.1
5,SVD,ajustado,699,123,1527,8,incluido,0.0
5,SVD,ajustado,700,18,1632,1,incluido,0.0
5,SVD,ajustado,701,29,1621,3,incluido,0.0
5,SVD,ajustado,702,26,1624,1,incluido,0.0
5,SVD,ajustado,703,36,1614,8,incluido,0.0
5,SVD,ajustado,704,71,1579,11,incluido,0.1
5,SVD,ajustado,705,94,1556,13,incluido,0.1
5,SVD,ajustado,706,21,1629,5,incluido,0.0
5,SVD,ajustado,707,183,1467,23,incluido,0.0
5,SVD,ajustado,708,86,1564,7,incluido,0.0
5,SVD,ajustado,709,109,1541,15,incluido,0.0
5,SVD,ajustado,710,77,1573,8,incluido,0.0
5,SVD,ajustado,711,176,1474,32,incluido,0.1
5,SVD,ajustado,712,133,1517,19,incluido,0.1
5,SVD,ajustado,713,21,1629,4,incluido,0.0
5,SVD,ajustado,714,40,1610,1,incluido,0.0
5,SVD,ajustado,715,135,1515,17,incluido,0.0
5,SVD,ajustado,716,208,1442,42,incluido,0.2
5,SVD,ajustado,717,78,1572,12,incluido,0.1
5,SVD,ajustado,718,31,1619,3,incluido,0.0
5,SVD,ajustado,719,54,1596,8,incluido,0.2
5,SVD,ajustado,720,27,1623,3,incluido,0.0
5,SVD,ajustado,721,140,1510,13,incluido,0.0
5,SVD,ajustado,722,34,1616,5,incluido,0.0
5,SVD,ajustado,723,17,1633,1,incluido,0.0
5,SVD,ajustado,724,67,1583,3,incluido,0.0
5,SVD,ajustado,725,21,1629,1,incluido,0.0
5,SVD,ajustado,726,18,1632,5,incluido,0.0
5,SVD,ajustado,727,248,1402,25,incluido,0.2
5,SVD,ajustado,728,20,1630,3,incluido,0.0
5,SVD,ajustado,729,16,1634,2,incluido,0.0
5,SVD,ajustado,730,31,1619,3,incluido,0.0
5,SVD,ajustado,731,64,1586,10,incluido,0.0
5,SVD,ajustado,732,17,1633,2,incluido,0.0
5,SVD,ajustado,733,84,1566,7,incluido,0.0
5,SVD,ajustado,734,47,1603,10,incluido,0.1
5,SVD,ajustado,735,34,1616,10,incluido,0.0
5,SVD,ajustado,736,20,1630,1,incluido,0.0
5,SVD,ajustado,737,26,1624,6,incluido,0.0
5,SVD,ajustado,738,111,1539,25,incluido,0.2
5,SVD,ajustado,739,26,1624,4,incluido,0.0
5,SVD,ajustado,740,17,1633,1,incluido,0.0
5,SVD,ajustado,741,86,1564,12,incluido,0.1
5,SVD,ajustado,742,22,1628,1,incluido,0.0
5,SVD,ajustado,743,27,1623,4,incluido,0.0
5,SVD,ajustado,744,21,1629,4,incluido,0.2
5,SVD,ajustado,745,47,1603,4,incluido,0.2
5,SVD,ajustado,746,58,1592,6,incluido,0.0
5,SVD,ajustado,747,244,1406,37,incluido,0.4
5,SVD,ajustado,748,85,1565,15,incluido,0.3
5,SVD,ajustado,749,242,1408,35,incluido,0.1
5,SVD,ajustado,750,27,1623,4,incluido,0.0
5,SVD,ajustado,751,134,1516,22,incluido,0.2
5,SVD,ajustado,752,53,1597,12,incluido,0.0
5,SVD,ajustado,753,46,1604,7,incluido,0.0
5,SVD,ajustado,754,26,1624,2,incluido,0.0
5,SVD,ajustado,755,27,1623,6,incluido,0.0
5,SVD,ajustado,756,89,1561,5,incluido,0.0
5,SVD,ajustado,757,137,1513,14,incluido,0.0
5,SVD,ajustado,758,285,1365,48,incluido,0.3
5,SVD,ajustado,759,24,1626,5,incluido,0.0
5,SVD,ajustado,760,35,1615,3,incluido,0.0
5,SVD,ajustado,761,49,1601,8,incluido,0.0
5,SVD,ajustado,762,18,1632,2,incluido,0.0
5,SVD,ajustado,763,109,1541,13,incluido,0.0
5,SVD,ajustado,764,94,1556,11,incluido,0.1
5,SVD,ajustado,765,18,1632,4,incluido,0.0
5,SVD,ajustado,766,141,1509,15,incluido,0.0
5,SVD,ajustado,767,33,1617,4,incluido,0.1
5,SVD,ajustado,768,51,1599,5,incluido,0.0
5,SVD,ajustado,769,23,1627,1,incluido,0.0
5,SVD,ajustado,770,50,1600,13,incluido,0.0
5,SVD,ajustado,771,56,1594,11,incluido,0.0
5,SVD,ajustado,772,28,1622,4,incluido,0.0
5,SVD,ajustado,773,128,1522,16,incluido,0.2
5,SVD,ajustado,774,179,1471,6,incluido,0.0
5,SVD,ajustado,775,23,1627,3,incluido,0.0
5,SVD,ajustado,776,76,1574,18,incluido,0.1
5,SVD,ajustado,777,27,1623,6,incluido,0.0
5,SVD,ajustado,778,47,1603,7,incluido,0.0
5,SVD,ajustado,779,29,1621,4,incluido,0.0
5,SVD,ajustado,780,46,1604,7,incluido,0.1
5,SVD,ajustado,781,36,1614,3,incluido,0.0
5,SVD,ajustado,782,185,1465,11,incluido,0.0
5,SVD,ajustado,783,23,1627,4,incluido,0.0
5,SVD,ajustado,784,30,1620,7,incluido,0.0
5,SVD,ajustado,785,22,1628,5,incluido,0.0
5,SVD,ajustado,786,85,1565,24,incluido,0.0
5,SVD,ajustado,787,48,1602,2,incluido,0.0
5,SVD,ajustado,788,193,1457,21,incluido,0.2
5,SVD,ajustado,789,28,1622,3,incluido,0.1
5,SVD,ajustado,790,187,1463,15,incluido,0.0
5,SVD,ajustado,791,17,1633,5,incluido,0.1
5,SVD,ajustado,792,36,1614,4,incluido,0.0
5,SVD,ajustado,793,45,1605,7,incluido,0.1
5,SVD,ajustado,794,30,1620,9,incluido,0.0
5,SVD,ajustado,795,131,1519,6,incluido,0.0
5,SVD,ajustado,796,294,1356,36,incluido,0.1
5,SVD,ajustado,797,20,1630,1,incluido,0.0
5,SVD,ajustado,798,197,1453,15,incluido,0.0
5,SVD,ajustado,799,22,1628,2,incluido,0.0
5,SVD,ajustado,800,21,1629,6,incluido,0.1
5,SVD,ajustado,801,19,1631,7,incluido,0.0
5,SVD,ajustado,802,58,1592,10,incluido,0.0
5,SVD,ajustado,803,29,1621,2,incluido,0.0
5,SVD,ajustado,804,266,1384,37,incluido,0.1
5,SVD,ajustado,805,211,1439,30,incluido,0.1
5,SVD,ajustado,806,110,1540,20,incluido,0.2
5,SVD,ajustado,807,160,1490,31,incluido,0.1
5,SVD,ajustado,808,17,1633,5,incluido,0.0
5,SVD,ajustado,809,13,1637,2,incluido,0.0
5,SVD,ajustado,810,21,1629,5,incluido,0.0
5,SVD,ajustado,811,14,1636,6,incluido,0.0
5,SVD,ajustado,812,11,1639,7,incluido,0.0
5,SVD,ajustado,813,21,1629,3,incluido,0.0
5,SVD,ajustado,814,26,1624,1,incluido,0.0
5,SVD,ajustado,815,156,1494,17,incluido,0.1
5,SVD,ajustado,816,21,1629,3,incluido,0.0
5,SVD,ajustado,817,27,1623,6,incluido,0.0
5,SVD,ajustado,818,15,1635,4,incluido,0.0
5,SVD,ajustado,819,18,1632,8,incluido,0.1
5,SVD,ajustado,820,18,1632,0,sem_relevante_elegivel,
5,SVD,ajustado,821,49,1601,11,incluido,0.1
5,SVD,ajustado,822,18,1632,2,incluido,0.0
5,SVD,ajustado,823,153,1497,25,incluido,0.1
5,SVD,ajustado,824,17,1633,0,sem_relevante_elegivel,
5,SVD,ajustado,825,115,1535,17,incluido,0.0
5,SVD,ajustado,826,93,1557,14,incluido,0.0
5,SVD,ajustado,827,21,1629,3,incluido,0.0
5,SVD,ajustado,828,81,1569,5,incluido,0.0
5,SVD,ajustado,829,53,1597,10,incluido,0.0
5,SVD,ajustado,830,84,1566,15,incluido,0.1
5,SVD,ajustado,831,61,1589,6,incluido,0.1
5,SVD,ajustado,832,19,1631,0,sem_relevante_elegivel,
5,SVD,ajustado,833,215,1435,19,incluido,0.3
5,SVD,ajustado,834,37,1613,13,incluido,0.1
5,SVD,ajustado,835,81,1569,17,incluido,0.0
5,SVD,ajustado,836,42,1608,6,incluido,0.0
5,SVD,ajustado,837,31,1619,6,incluido,0.0
5,SVD,ajustado,838,76,1574,15,incluido,0.1
5,SVD,ajustado,839,47,1603,8,incluido,0.0
5,SVD,ajustado,840,158,1492,30,incluido,0.3
5,SVD,ajustado,841,25,1625,2,incluido,0.0
5,SVD,ajustado,842,20,1630,5,incluido,0.0
5,SVD,ajustado,843,166,1484,5,incluido,0.0
5,SVD,ajustado,844,63,1587,7,incluido,0.0
5,SVD,ajustado,845,19,1631,4,incluido,0.0
5,SVD,ajustado,846,327,1323,50,incluido,0.2
5,SVD,ajustado,847,116,1534,13,incluido,0.0
5,SVD,ajustado,848,122,1528,22,incluido,0.0
5,SVD,ajustado,849,19,1631,4,incluido,0.0
5,SVD,ajustado,850,40,1610,9,incluido,0.2
5,SVD,ajustado,851,166,1484,24,incluido,0.3
5,SVD,ajustado,852,38,1612,6,incluido,0.1
5,SVD,ajustado,853,32,1618,4,incluido,0.0
5,SVD,ajustado,854,175,1475,19,incluido,0.0
5,SVD,ajustado,855,19,1631,0,sem_relevante_elegivel,
5,SVD,ajustado,856,21,1629,3,incluido,0.0
5,SVD,ajustado,857,16,1634,3,incluido,0.0
5,SVD,ajustado,858,13,1637,5,incluido,0.0
5,SVD,ajustado,859,31,1619,5,incluido,0.0
5,SVD,ajustado,860,55,1595,6,incluido,0.0
5,SVD,ajustado,861,35,1615,6,incluido,0.0
5,SVD,ajustado,862,135,1515,29,incluido,0.3
5,SVD,ajustado,863,84,1566,14,incluido,0.1
5,SVD,ajustado,864,234,1416,39,incluido,0.5
5,SVD,ajustado,865,53,1597,3,incluido,0.0
5,SVD,ajustado,866,12,1638,3,incluido,0.0
5,SVD,ajustado,867,74,1576,17,incluido,0.2
5,SVD,ajustado,868,172,1478,10,incluido,0.0
5,SVD,ajustado,869,37,1613,4,incluido,0.0
5,SVD,ajustado,870,200,1450,38,incluido,0.5
5,SVD,ajustado,871,95,1555,8,incluido,0.1
5,SVD,ajustado,872,60,1590,4,incluido,0.0
5,SVD,ajustado,873,18,1632,0,sem_relevante_elegivel,
5,SVD,ajustado,874,32,1618,2,incluido,0.0
5,SVD,ajustado,875,73,1577,15,incluido,0.0
5,SVD,ajustado,876,17,1633,4,incluido,0.0
5,SVD,ajustado,877,68,1582,8,incluido,0.0
5,SVD,ajustado,878,102,1548,14,incluido,0.0
5,SVD,ajustado,879,21,1629,5,incluido,0.0
5,SVD,ajustado,880,299,1351,38,incluido,0.3
5,SVD,ajustado,881,208,1442,28,incluido,0.1
5,SVD,ajustado,882,111,1539,18,incluido,0.0
5,SVD,ajustado,883,221,1429,32,incluido,0.3
5,SVD,ajustado,884,32,1618,9,incluido,0.1
5,SVD,ajustado,885,81,1569,7,incluido,0.0
5,SVD,ajustado,886,186,1464,30,incluido,0.4
5,SVD,ajustado,887,135,1515,24,incluido,0.0
5,SVD,ajustado,888,18,1632,2,incluido,0.0
5,SVD,ajustado,889,263,1387,31,incluido,0.4
5,SVD,ajustado,890,94,1556,16,incluido,0.3
5,SVD,ajustado,891,39,1611,6,incluido,0.0
5,SVD,ajustado,892,187,1463,29,incluido,0.4
5,SVD,ajustado,893,47,1603,2,incluido,0.0
5,SVD,ajustado,894,195,1455,27,incluido,0.0
5,SVD,ajustado,895,20,1630,0,sem_relevante_elegivel,
5,SVD,ajustado,896,298,1352,26,incluido,0.5
5,SVD,ajustado,897,153,1497,19,incluido,0.0
5,SVD,ajustado,898,24,1626,4,incluido,0.0
5,SVD,ajustado,899,108,1542,15,incluido,0.0
5,SVD,ajustado,900,35,1615,3,incluido,0.0
5,SVD,ajustado,901,99,1551,17,incluido,0.2
5,SVD,ajustado,902,42,1608,1,incluido,0.0
5,SVD,ajustado,903,101,1549,25,incluido,0.0
5,SVD,ajustado,904,41,1609,3,incluido,0.0
5,SVD,ajustado,905,34,1616,2,incluido,0.0
5,SVD,ajustado,906,32,1618,7,incluido,0.0
5,SVD,ajustado,907,119,1531,28,incluido,0.0
5,SVD,ajustado,908,58,1592,9,incluido,0.0
5,SVD,ajustado,909,23,1627,3,incluido,0.0
5,SVD,ajustado,910,50,1600,5,incluido,0.0
5,SVD,ajustado,911,82,1568,11,incluido,0.1
5,SVD,ajustado,912,46,1604,5,incluido,0.1
5,SVD,ajustado,913,110,1540,9,incluido,0.1
5,SVD,ajustado,914,21,1629,1,incluido,0.0
5,SVD,ajustado,915,19,1631,2,incluido,0.0
5,SVD,ajustado,916,262,1388,29,incluido,0.1
5,SVD,ajustado,917,31,1619,2,incluido,0.0
5,SVD,ajustado,918,86,1564,7,incluido,0.1
5,SVD,ajustado,919,169,1481,20,incluido,0.1
5,SVD,ajustado,920,22,1628,2,incluido,0.0
5,SVD,ajustado,921,77,1573,13,incluido,0.1
5,SVD,ajustado,922,97,1553,13,incluido,0.0
5,SVD,ajustado,923,63,1587,10,incluido,0.1
5,SVD,ajustado,924,70,1580,7,incluido,0.3
5,SVD,ajustado,925,24,1626,2,incluido,0.0
5,SVD,ajustado,926,17,1633,1,incluido,0.0
5,SVD,ajustado,927,96,1554,12,incluido,0.0
5,SVD,ajustado,928,23,1627,7,incluido,0.1
5,SVD,ajustado,929,40,1610,7,incluido,0.3
5,SVD,ajustado,930,54,1596,3,incluido,0.0
5,SVD,ajustado,931,49,1601,11,incluido,0.1
5,SVD,ajustado,932,191,1459,39,incluido,0.5
5,SVD,ajustado,933,134,1516,15,incluido,0.1
5,SVD,ajustado,934,131,1519,32,incluido,0.1
5,SVD,ajustado,935,32,1618,5,incluido,0.0
5,SVD,ajustado,936,117,1533,19,incluido,0.0
5,SVD,ajustado,937,34,1616,5,incluido,0.0
5,SVD,ajustado,938,82,1568,10,incluido,0.0
5,SVD,ajustado,939,37,1613,10,incluido,0.0
5,SVD,ajustado,940,79,1571,14,incluido,0.1
5,SVD,ajustado,941,16,1634,4,incluido,0.0
5,SVD,ajustado,942,62,1588,16,incluido,0.1
5,SVD,ajustado,943,136,1514,17,incluido,0.0
